﻿"COUNTRY","BOP_ACCOUNTING_ENTRY","INDICATOR","UNIT","FREQUENCY","TIME_PERIOD","OBS_VALUE","SCALE","PRECISION","DECIMALS_DISPLAYED","DERIVATION_TYPE","OVERLAP","IFS_FLAG","STATUS","METHODOLOGY","ACCESS_SHARING_LEVEL","ACCESS_SHARING_NOTES","SECURITY_CLASSIFICATION","SOURCE"
"Indonesia","Net (credits less debits)","Current account balance (credit less debit)","US dollar","Quarterly","1981-Q1","484000000","Millions","Millions","","Reported official data","Overlapping Indicator","","","Balance of Payments and International Investment Position Manual, Sixth Edition (BPM6)","Public (Unrestricted)","","Public or Unrestricted",""
"Indonesia","Net (credits less debits)","Current account balance (credit less debit)","US dollar","Quarterly","1981-Q2","-214000000","Millions","Millions","","Reported official data","Overlapping Indicator","","","Balance of Payments and International Investment Position Manual, Sixth Edition (BPM6)","Public (Unrestricted)","","Public or Unrestricted",""
"Indonesia","Net (credits less debits)","Current account balance (credit less debit)","US dollar","Quarterly","1981-Q3","-428000000","Millions","Millions","","Reported official data","Overlapping Indicator","","","Balance of Payments and International Investment Position Manual, Sixth Edition (BPM6)","Public (Unrestricted)","","Public or Unrestricted",""
"Indonesia","Net (credits less debits)","Current account balance (credit less debit)","US dollar","Quarterly","1981-Q4","-408000000","Millions","Millions","","Reported official data","Overlapping Indicator","","","Balance of Payments and International Investment Position Manual, Sixth Edition (BPM6)","Public (Unrestricted)","","Public or Unrestricted",""
"Indonesia","Net (credits less debits)","Current account balance (credit less debit)","US dollar","Quarterly","1982-Q1","-1505000000","Millions","Millions","","Reported official data","Overlapping Indicator","","","Balance of Payments and International Investment Position Manual, Sixth Edition (BPM6)","Public (Unrestricted)","","Public or Unrestricted",""
"Indonesia","Net (credits less debits)","Current account balance (credit less debit)","US dollar","Quarterly","1982-Q2","-838000000","Millions","Millions","","Reported official data","Overlapping Indicator","","","Balance of Payments and International Investment Position Manual, Sixth Edition (BPM6)","Public (Unrestricted)","","Public or Unrestricted",""
"Indonesia","Net (credits less debits)","Current account balance (credit less debit)","US dollar","Quarterly","1982-Q3","-1477000000","Millions","Millions","","Reported official data","Overlapping Indicator","","","Balance of Payments and International Investment Position Manual, Sixth Edition (BPM6)","Public (Unrestricted)","","Public or Unrestricted",""
"Indonesia","Net (credits less debits)","Current account balance (credit less debit)","US dollar","Quarterly","1982-Q4","-1504000000","Millions","Millions","","Reported official data","Overlapping Indicator","","","Balance of Payments and International Investment Position Manual, Sixth Edition (BPM6)","Public (Unrestricted)","","Public or Unrestricted",""
"Indonesia","Net (credits less debits)","Current account balance (credit less debit)","US dollar","Quarterly","1983-Q1","-3112000000","Millions","Millions","","Reported official data","Overlapping Indicator","","","Balance of Payments and International Investment Position Manual, Sixth Edition (BPM6)","Public (Unrestricted)","","Public or Unrestricted",""
"Indonesia","Net (credits less debits)","Current account balance (credit less debit)","US dollar","Quarterly","1983-Q2","-1163000000","Millions","Millions","","Reported official data","Overlapping Indicator","","","Balance of Payments and International Investment Position Manual, Sixth Edition (BPM6)","Public (Unrestricted)","","Public or Unrestricted",""
"Indonesia","Net (credits less debits)","Current account balance (credit less debit)","US dollar","Quarterly","1983-Q3","-1048000000","Millions","Millions","","Reported official data","Overlapping Indicator","","","Balance of Payments and International Investment Position Manual, Sixth Edition (BPM6)","Public (Unrestricted)","","Public or Unrestricted",""
"Indonesia","Net (credits less debits)","Current account balance (credit less debit)","US dollar","Quarterly","1983-Q4","-1015000000","Millions","Millions","","Reported official data","Overlapping Indicator","","","Balance of Payments and International Investment Position Manual, Sixth Edition (BPM6)","Public (Unrestricted)","","Public or Unrestricted",""
"Indonesia","Net (credits less debits)","Current account balance (credit less debit)","US dollar","Quarterly","1984-Q1","-786000000","Millions","Millions","","Reported official data","Overlapping Indicator","","","Balance of Payments and International Investment Position Manual, Sixth Edition (BPM6)","Public (Unrestricted)","","Public or Unrestricted",""
"Indonesia","Net (credits less debits)","Current account balance (credit less debit)","US dollar","Quarterly","1984-Q2","-75000000","Millions","Millions","","Reported official data","Overlapping Indicator","","","Balance of Payments and International Investment Position Manual, Sixth Edition (BPM6)","Public (Unrestricted)","","Public or Unrestricted",""
"Indonesia","Net (credits less debits)","Current account balance (credit less debit)","US dollar","Quarterly","1984-Q3","-355000000","Millions","Millions","","Reported official data","Overlapping Indicator","","","Balance of Payments and International Investment Position Manual, Sixth Edition (BPM6)","Public (Unrestricted)","","Public or Unrestricted",""
"Indonesia","Net (credits less debits)","Current account balance (credit less debit)","US dollar","Quarterly","1984-Q4","-640000000","Millions","Millions","","Reported official data","Overlapping Indicator","","","Balance of Payments and International Investment Position Manual, Sixth Edition (BPM6)","Public (Unrestricted)","","Public or Unrestricted",""
"Indonesia","Net (credits less debits)","Current account balance (credit less debit)","US dollar","Quarterly","1985-Q1","-821000000","Millions","Millions","","Reported official data","Overlapping Indicator","","","Balance of Payments and International Investment Position Manual, Sixth Edition (BPM6)","Public (Unrestricted)","","Public or Unrestricted",""
"Indonesia","Net (credits less debits)","Current account balance (credit less debit)","US dollar","Quarterly","1985-Q2","-492000000","Millions","Millions","","Reported official data","Overlapping Indicator","","","Balance of Payments and International Investment Position Manual, Sixth Edition (BPM6)","Public (Unrestricted)","","Public or Unrestricted",""
"Indonesia","Net (credits less debits)","Current account balance (credit less debit)","US dollar","Quarterly","1985-Q3","-142000000","Millions","Millions","","Reported official data","Overlapping Indicator","","","Balance of Payments and International Investment Position Manual, Sixth Edition (BPM6)","Public (Unrestricted)","","Public or Unrestricted",""
"Indonesia","Net (credits less debits)","Current account balance (credit less debit)","US dollar","Quarterly","1985-Q4","-468000000","Millions","Millions","","Reported official data","Overlapping Indicator","","","Balance of Payments and International Investment Position Manual, Sixth Edition (BPM6)","Public (Unrestricted)","","Public or Unrestricted",""
"Indonesia","Net (credits less debits)","Current account balance (credit less debit)","US dollar","Quarterly","1986-Q1","-620000000","Millions","Millions","","Reported official data","Overlapping Indicator","","","Balance of Payments and International Investment Position Manual, Sixth Edition (BPM6)","Public (Unrestricted)","","Public or Unrestricted",""
"Indonesia","Net (credits less debits)","Current account balance (credit less debit)","US dollar","Quarterly","1986-Q2","-1155000000","Millions","Millions","","Reported official data","Overlapping Indicator","","","Balance of Payments and International Investment Position Manual, Sixth Edition (BPM6)","Public (Unrestricted)","","Public or Unrestricted",""
"Indonesia","Net (credits less debits)","Current account balance (credit less debit)","US dollar","Quarterly","1986-Q3","-1345000000","Millions","Millions","","Reported official data","Overlapping Indicator","","","Balance of Payments and International Investment Position Manual, Sixth Edition (BPM6)","Public (Unrestricted)","","Public or Unrestricted",""
"Indonesia","Net (credits less debits)","Current account balance (credit less debit)","US dollar","Quarterly","1986-Q4","-791000000","Millions","Millions","","Reported official data","Overlapping Indicator","","","Balance of Payments and International Investment Position Manual, Sixth Edition (BPM6)","Public (Unrestricted)","","Public or Unrestricted",""
"Indonesia","Net (credits less debits)","Current account balance (credit less debit)","US dollar","Quarterly","1987-Q1","-617000000","Millions","Millions","","Reported official data","Overlapping Indicator","","","Balance of Payments and International Investment Position Manual, Sixth Edition (BPM6)","Public (Unrestricted)","","Public or Unrestricted",""
"Indonesia","Net (credits less debits)","Current account balance (credit less debit)","US dollar","Quarterly","1987-Q2","-811000000","Millions","Millions","","Reported official data","Overlapping Indicator","","","Balance of Payments and International Investment Position Manual, Sixth Edition (BPM6)","Public (Unrestricted)","","Public or Unrestricted",""
"Indonesia","Net (credits less debits)","Current account balance (credit less debit)","US dollar","Quarterly","1987-Q3","-552000000","Millions","Millions","","Reported official data","Overlapping Indicator","","","Balance of Payments and International Investment Position Manual, Sixth Edition (BPM6)","Public (Unrestricted)","","Public or Unrestricted",""
"Indonesia","Net (credits less debits)","Current account balance (credit less debit)","US dollar","Quarterly","1987-Q4","-118000000","Millions","Millions","","Reported official data","Overlapping Indicator","","","Balance of Payments and International Investment Position Manual, Sixth Edition (BPM6)","Public (Unrestricted)","","Public or Unrestricted",""
"Indonesia","Net (credits less debits)","Current account balance (credit less debit)","US dollar","Quarterly","1988-Q1","-60000000","Millions","Millions","","Reported official data","Overlapping Indicator","","","Balance of Payments and International Investment Position Manual, Sixth Edition (BPM6)","Public (Unrestricted)","","Public or Unrestricted",""
"Indonesia","Net (credits less debits)","Current account balance (credit less debit)","US dollar","Quarterly","1988-Q2","-497000000","Millions","Millions","","Reported official data","Overlapping Indicator","","","Balance of Payments and International Investment Position Manual, Sixth Edition (BPM6)","Public (Unrestricted)","","Public or Unrestricted",""
"Indonesia","Net (credits less debits)","Current account balance (credit less debit)","US dollar","Quarterly","1988-Q3","-219000000","Millions","Millions","","Reported official data","Overlapping Indicator","","","Balance of Payments and International Investment Position Manual, Sixth Edition (BPM6)","Public (Unrestricted)","","Public or Unrestricted",""
"Indonesia","Net (credits less debits)","Current account balance (credit less debit)","US dollar","Quarterly","1988-Q4","-621000000","Millions","Millions","","Reported official data","Overlapping Indicator","","","Balance of Payments and International Investment Position Manual, Sixth Edition (BPM6)","Public (Unrestricted)","","Public or Unrestricted",""
"Indonesia","Net (credits less debits)","Current account balance (credit less debit)","US dollar","Quarterly","1989-Q1","-356000000","Millions","Millions","","Reported official data","Overlapping Indicator","","","Balance of Payments and International Investment Position Manual, Sixth Edition (BPM6)","Public (Unrestricted)","","Public or Unrestricted",""
"Indonesia","Net (credits less debits)","Current account balance (credit less debit)","US dollar","Quarterly","1989-Q2","-276000000","Millions","Millions","","Reported official data","Overlapping Indicator","","","Balance of Payments and International Investment Position Manual, Sixth Edition (BPM6)","Public (Unrestricted)","","Public or Unrestricted",""
"Indonesia","Net (credits less debits)","Current account balance (credit less debit)","US dollar","Quarterly","1989-Q3","-299000000","Millions","Millions","","Reported official data","Overlapping Indicator","","","Balance of Payments and International Investment Position Manual, Sixth Edition (BPM6)","Public (Unrestricted)","","Public or Unrestricted",""
"Indonesia","Net (credits less debits)","Current account balance (credit less debit)","US dollar","Quarterly","1989-Q4","-177000000","Millions","Millions","","Reported official data","Overlapping Indicator","","","Balance of Payments and International Investment Position Manual, Sixth Edition (BPM6)","Public (Unrestricted)","","Public or Unrestricted",""
"Indonesia","Net (credits less debits)","Current account balance (credit less debit)","US dollar","Quarterly","1990-Q1","-676000000","Millions","Millions","","Reported official data","Overlapping Indicator","","","Balance of Payments and International Investment Position Manual, Sixth Edition (BPM6)","Public (Unrestricted)","","Public or Unrestricted",""
"Indonesia","Net (credits less debits)","Current account balance (credit less debit)","US dollar","Quarterly","1990-Q2","-816000000","Millions","Millions","","Reported official data","Overlapping Indicator","","","Balance of Payments and International Investment Position Manual, Sixth Edition (BPM6)","Public (Unrestricted)","","Public or Unrestricted",""
"Indonesia","Net (credits less debits)","Current account balance (credit less debit)","US dollar","Quarterly","1990-Q3","-1208000000","Millions","Millions","","Reported official data","Overlapping Indicator","","","Balance of Payments and International Investment Position Manual, Sixth Edition (BPM6)","Public (Unrestricted)","","Public or Unrestricted",""
"Indonesia","Net (credits less debits)","Current account balance (credit less debit)","US dollar","Quarterly","1990-Q4","-288000000","Millions","Millions","","Reported official data","Overlapping Indicator","","","Balance of Payments and International Investment Position Manual, Sixth Edition (BPM6)","Public (Unrestricted)","","Public or Unrestricted",""
"Indonesia","Net (credits less debits)","Current account balance (credit less debit)","US dollar","Quarterly","1991-Q1","-1203000000","Millions","Millions","","Reported official data","Overlapping Indicator","","","Balance of Payments and International Investment Position Manual, Sixth Edition (BPM6)","Public (Unrestricted)","","Public or Unrestricted",""
"Indonesia","Net (credits less debits)","Current account balance (credit less debit)","US dollar","Quarterly","1991-Q2","-1304000000","Millions","Millions","","Reported official data","Overlapping Indicator","","","Balance of Payments and International Investment Position Manual, Sixth Edition (BPM6)","Public (Unrestricted)","","Public or Unrestricted",""
"Indonesia","Net (credits less debits)","Current account balance (credit less debit)","US dollar","Quarterly","1991-Q3","-932000000","Millions","Millions","","Reported official data","Overlapping Indicator","","","Balance of Payments and International Investment Position Manual, Sixth Edition (BPM6)","Public (Unrestricted)","","Public or Unrestricted",""
"Indonesia","Net (credits less debits)","Current account balance (credit less debit)","US dollar","Quarterly","1991-Q4","-821000000","Millions","Millions","","Reported official data","Overlapping Indicator","","","Balance of Payments and International Investment Position Manual, Sixth Edition (BPM6)","Public (Unrestricted)","","Public or Unrestricted",""
"Indonesia","Net (credits less debits)","Current account balance (credit less debit)","US dollar","Quarterly","1992-Q1","-1085000000","Millions","Millions","","Reported official data","Overlapping Indicator","","","Balance of Payments and International Investment Position Manual, Sixth Edition (BPM6)","Public (Unrestricted)","","Public or Unrestricted",""
"Indonesia","Net (credits less debits)","Current account balance (credit less debit)","US dollar","Quarterly","1992-Q2","-952000000","Millions","Millions","","Reported official data","Overlapping Indicator","","","Balance of Payments and International Investment Position Manual, Sixth Edition (BPM6)","Public (Unrestricted)","","Public or Unrestricted",""
"Indonesia","Net (credits less debits)","Current account balance (credit less debit)","US dollar","Quarterly","1992-Q3","-770000000","Millions","Millions","","Reported official data","Overlapping Indicator","","","Balance of Payments and International Investment Position Manual, Sixth Edition (BPM6)","Public (Unrestricted)","","Public or Unrestricted",""
"Indonesia","Net (credits less debits)","Current account balance (credit less debit)","US dollar","Quarterly","1992-Q4","27000000","Millions","Millions","","Reported official data","Overlapping Indicator","","","Balance of Payments and International Investment Position Manual, Sixth Edition (BPM6)","Public (Unrestricted)","","Public or Unrestricted",""
"Indonesia","Net (credits less debits)","Current account balance (credit less debit)","US dollar","Quarterly","1993-Q1","-596000000","Millions","Millions","","Reported official data","Overlapping Indicator","","","Balance of Payments and International Investment Position Manual, Sixth Edition (BPM6)","Public (Unrestricted)","","Public or Unrestricted",""
"Indonesia","Net (credits less debits)","Current account balance (credit less debit)","US dollar","Quarterly","1993-Q2","-295000000","Millions","Millions","","Reported official data","Overlapping Indicator","","","Balance of Payments and International Investment Position Manual, Sixth Edition (BPM6)","Public (Unrestricted)","","Public or Unrestricted",""
"Indonesia","Net (credits less debits)","Current account balance (credit less debit)","US dollar","Quarterly","1993-Q3","-382000000","Millions","Millions","","Reported official data","Overlapping Indicator","","","Balance of Payments and International Investment Position Manual, Sixth Edition (BPM6)","Public (Unrestricted)","","Public or Unrestricted",""
"Indonesia","Net (credits less debits)","Current account balance (credit less debit)","US dollar","Quarterly","1993-Q4","-833000000","Millions","Millions","","Reported official data","Overlapping Indicator","","","Balance of Payments and International Investment Position Manual, Sixth Edition (BPM6)","Public (Unrestricted)","","Public or Unrestricted",""
"Indonesia","Net (credits less debits)","Current account balance (credit less debit)","US dollar","Quarterly","1994-Q1","-1230000000","Millions","Millions","","Reported official data","Overlapping Indicator","","","Balance of Payments and International Investment Position Manual, Sixth Edition (BPM6)","Public (Unrestricted)","","Public or Unrestricted",""
"Indonesia","Net (credits less debits)","Current account balance (credit less debit)","US dollar","Quarterly","1994-Q2","-585500000","Millions","Millions","","Reported official data","Overlapping Indicator","","","Balance of Payments and International Investment Position Manual, Sixth Edition (BPM6)","Public (Unrestricted)","","Public or Unrestricted",""
"Indonesia","Net (credits less debits)","Current account balance (credit less debit)","US dollar","Quarterly","1994-Q3","-158000000","Millions","Millions","","Reported official data","Overlapping Indicator","","","Balance of Payments and International Investment Position Manual, Sixth Edition (BPM6)","Public (Unrestricted)","","Public or Unrestricted",""
"Indonesia","Net (credits less debits)","Current account balance (credit less debit)","US dollar","Quarterly","1994-Q4","-818500000","Millions","Millions","","Reported official data","Overlapping Indicator","","","Balance of Payments and International Investment Position Manual, Sixth Edition (BPM6)","Public (Unrestricted)","","Public or Unrestricted",""
"Indonesia","Net (credits less debits)","Current account balance (credit less debit)","US dollar","Quarterly","1995-Q1","-1688000000","Millions","Millions","","Reported official data","Overlapping Indicator","","","Balance of Payments and International Investment Position Manual, Sixth Edition (BPM6)","Public (Unrestricted)","","Public or Unrestricted",""
"Indonesia","Net (credits less debits)","Current account balance (credit less debit)","US dollar","Quarterly","1995-Q2","-1930000000","Millions","Millions","","Reported official data","Overlapping Indicator","","","Balance of Payments and International Investment Position Manual, Sixth Edition (BPM6)","Public (Unrestricted)","","Public or Unrestricted",""
"Indonesia","Net (credits less debits)","Current account balance (credit less debit)","US dollar","Quarterly","1995-Q3","-1609000000","Millions","Millions","","Reported official data","Overlapping Indicator","","","Balance of Payments and International Investment Position Manual, Sixth Edition (BPM6)","Public (Unrestricted)","","Public or Unrestricted",""
"Indonesia","Net (credits less debits)","Current account balance (credit less debit)","US dollar","Quarterly","1995-Q4","-1204000000","Millions","Millions","","Reported official data","Overlapping Indicator","","","Balance of Payments and International Investment Position Manual, Sixth Edition (BPM6)","Public (Unrestricted)","","Public or Unrestricted",""
"Indonesia","Net (credits less debits)","Current account balance (credit less debit)","US dollar","Quarterly","1996-Q1","-2034000000","Millions","Millions","","Reported official data","Overlapping Indicator","","","Balance of Payments and International Investment Position Manual, Sixth Edition (BPM6)","Public (Unrestricted)","","Public or Unrestricted",""
"Indonesia","Net (credits less debits)","Current account balance (credit less debit)","US dollar","Quarterly","1996-Q2","-2564000000","Millions","Millions","","Reported official data","Overlapping Indicator","","","Balance of Payments and International Investment Position Manual, Sixth Edition (BPM6)","Public (Unrestricted)","","Public or Unrestricted",""
"Indonesia","Net (credits less debits)","Current account balance (credit less debit)","US dollar","Quarterly","1996-Q3","-2111000000","Millions","Millions","","Reported official data","Overlapping Indicator","","","Balance of Payments and International Investment Position Manual, Sixth Edition (BPM6)","Public (Unrestricted)","","Public or Unrestricted",""
"Indonesia","Net (credits less debits)","Current account balance (credit less debit)","US dollar","Quarterly","1996-Q4","-954000000","Millions","Millions","","Reported official data","Overlapping Indicator","","","Balance of Payments and International Investment Position Manual, Sixth Edition (BPM6)","Public (Unrestricted)","","Public or Unrestricted",""
"Indonesia","Net (credits less debits)","Current account balance (credit less debit)","US dollar","Quarterly","1997-Q1","-2192000000","Millions","Millions","","Reported official data","Overlapping Indicator","","","Balance of Payments and International Investment Position Manual, Sixth Edition (BPM6)","Public (Unrestricted)","","Public or Unrestricted",""
"Indonesia","Net (credits less debits)","Current account balance (credit less debit)","US dollar","Quarterly","1997-Q2","-1103000000","Millions","Millions","","Reported official data","Overlapping Indicator","","","Balance of Payments and International Investment Position Manual, Sixth Edition (BPM6)","Public (Unrestricted)","","Public or Unrestricted",""
"Indonesia","Net (credits less debits)","Current account balance (credit less debit)","US dollar","Quarterly","1997-Q3","-1393000000","Millions","Millions","","Reported official data","Overlapping Indicator","","","Balance of Payments and International Investment Position Manual, Sixth Edition (BPM6)","Public (Unrestricted)","","Public or Unrestricted",""
"Indonesia","Net (credits less debits)","Current account balance (credit less debit)","US dollar","Quarterly","1997-Q4","-201000000","Millions","Millions","","Reported official data","Overlapping Indicator","","","Balance of Payments and International Investment Position Manual, Sixth Edition (BPM6)","Public (Unrestricted)","","Public or Unrestricted",""
"Indonesia","Net (credits less debits)","Current account balance (credit less debit)","US dollar","Quarterly","1998-Q1","999827496.528193","Millions","Millions","","Reported official data","Overlapping Indicator","","","Balance of Payments and International Investment Position Manual, Sixth Edition (BPM6)","Public (Unrestricted)","","Public or Unrestricted",""
"Indonesia","Net (credits less debits)","Current account balance (credit less debit)","US dollar","Quarterly","1998-Q2","670502233.435696","Millions","Millions","","Reported official data","Overlapping Indicator","","","Balance of Payments and International Investment Position Manual, Sixth Edition (BPM6)","Public (Unrestricted)","","Public or Unrestricted",""
"Indonesia","Net (credits less debits)","Current account balance (credit less debit)","US dollar","Quarterly","1998-Q3","1681906079.76664","Millions","Millions","","Reported official data","Overlapping Indicator","","","Balance of Payments and International Investment Position Manual, Sixth Edition (BPM6)","Public (Unrestricted)","","Public or Unrestricted",""
"Indonesia","Net (credits less debits)","Current account balance (credit less debit)","US dollar","Quarterly","1998-Q4","744729960.49935","Millions","Millions","","Reported official data","Overlapping Indicator","","","Balance of Payments and International Investment Position Manual, Sixth Edition (BPM6)","Public (Unrestricted)","","Public or Unrestricted",""
"Indonesia","Net (credits less debits)","Current account balance (credit less debit)","US dollar","Quarterly","1999-Q1","1513169687.34861","Millions","Millions","","Reported official data","Overlapping Indicator","","","Balance of Payments and International Investment Position Manual, Sixth Edition (BPM6)","Public (Unrestricted)","","Public or Unrestricted",""
"Indonesia","Net (credits less debits)","Current account balance (credit less debit)","US dollar","Quarterly","1999-Q2","850427991.354143","Millions","Millions","","Reported official data","Overlapping Indicator","","","Balance of Payments and International Investment Position Manual, Sixth Edition (BPM6)","Public (Unrestricted)","","Public or Unrestricted",""
"Indonesia","Net (credits less debits)","Current account balance (credit less debit)","US dollar","Quarterly","1999-Q3","1885010790.35099","Millions","Millions","","Reported official data","Overlapping Indicator","","","Balance of Payments and International Investment Position Manual, Sixth Edition (BPM6)","Public (Unrestricted)","","Public or Unrestricted",""
"Indonesia","Net (credits less debits)","Current account balance (credit less debit)","US dollar","Quarterly","1999-Q4","1534289928.44267","Millions","Millions","","Reported official data","Overlapping Indicator","","","Balance of Payments and International Investment Position Manual, Sixth Edition (BPM6)","Public (Unrestricted)","","Public or Unrestricted",""
"Indonesia","Net (credits less debits)","Current account balance (credit less debit)","US dollar","Quarterly","2000-Q1","1898023891.90122","Millions","Millions","","Reported official data","Overlapping Indicator","","","Balance of Payments and International Investment Position Manual, Sixth Edition (BPM6)","Public (Unrestricted)","","Public or Unrestricted",""
"Indonesia","Net (credits less debits)","Current account balance (credit less debit)","US dollar","Quarterly","2000-Q2","1354082392.07484","Millions","Millions","","Reported official data","Overlapping Indicator","","","Balance of Payments and International Investment Position Manual, Sixth Edition (BPM6)","Public (Unrestricted)","","Public or Unrestricted",""
"Indonesia","Net (credits less debits)","Current account balance (credit less debit)","US dollar","Quarterly","2000-Q3","2242927586.52174","Millions","Millions","","Reported official data","Overlapping Indicator","","","Balance of Payments and International Investment Position Manual, Sixth Edition (BPM6)","Public (Unrestricted)","","Public or Unrestricted",""
"Indonesia","Net (credits less debits)","Current account balance (credit less debit)","US dollar","Quarterly","2000-Q4","2497040230","Millions","Millions","","Reported official data","Overlapping Indicator","","","Balance of Payments and International Investment Position Manual, Sixth Edition (BPM6)","Public (Unrestricted)","","Public or Unrestricted",""
"Indonesia","Net (credits less debits)","Current account balance (credit less debit)","US dollar","Quarterly","2001-Q1","2060308839.13043","Millions","Millions","","Reported official data","Overlapping Indicator","","","Balance of Payments and International Investment Position Manual, Sixth Edition (BPM6)","Public (Unrestricted)","","Public or Unrestricted",""
"Indonesia","Net (credits less debits)","Current account balance (credit less debit)","US dollar","Quarterly","2001-Q2","1338665295.65218","Millions","Millions","","Reported official data","Overlapping Indicator","","","Balance of Payments and International Investment Position Manual, Sixth Edition (BPM6)","Public (Unrestricted)","","Public or Unrestricted",""
"Indonesia","Net (credits less debits)","Current account balance (credit less debit)","US dollar","Quarterly","2001-Q3","2361491739.13044","Millions","Millions","","Reported official data","Overlapping Indicator","","","Balance of Payments and International Investment Position Manual, Sixth Edition (BPM6)","Public (Unrestricted)","","Public or Unrestricted",""
"Indonesia","Net (credits less debits)","Current account balance (credit less debit)","US dollar","Quarterly","2001-Q4","1140435217.3913","Millions","Millions","","Reported official data","Overlapping Indicator","","","Balance of Payments and International Investment Position Manual, Sixth Edition (BPM6)","Public (Unrestricted)","","Public or Unrestricted",""
"Indonesia","Net (credits less debits)","Current account balance (credit less debit)","US dollar","Quarterly","2002-Q1","1658766493.13112","Millions","Millions","","Reported official data","Overlapping Indicator","","","Balance of Payments and International Investment Position Manual, Sixth Edition (BPM6)","Public (Unrestricted)","","Public or Unrestricted",""
"Indonesia","Net (credits less debits)","Current account balance (credit less debit)","US dollar","Quarterly","2002-Q2","1907532268.6924","Millions","Millions","","Reported official data","Overlapping Indicator","","","Balance of Payments and International Investment Position Manual, Sixth Edition (BPM6)","Public (Unrestricted)","","Public or Unrestricted",""
"Indonesia","Net (credits less debits)","Current account balance (credit less debit)","US dollar","Quarterly","2002-Q3","2407297445.20622","Millions","Millions","","Reported official data","Overlapping Indicator","","","Balance of Payments and International Investment Position Manual, Sixth Edition (BPM6)","Public (Unrestricted)","","Public or Unrestricted",""
"Indonesia","Net (credits less debits)","Current account balance (credit less debit)","US dollar","Quarterly","2002-Q4","1849945978.45601","Millions","Millions","","Reported official data","Overlapping Indicator","","","Balance of Payments and International Investment Position Manual, Sixth Edition (BPM6)","Public (Unrestricted)","","Public or Unrestricted",""
"Indonesia","Net (credits less debits)","Current account balance (credit less debit)","US dollar","Quarterly","2003-Q1","1477427652.94013","Millions","Millions","","Reported official data","Overlapping Indicator","","","Balance of Payments and International Investment Position Manual, Sixth Edition (BPM6)","Public (Unrestricted)","","Public or Unrestricted",""
"Indonesia","Net (credits less debits)","Current account balance (credit less debit)","US dollar","Quarterly","2003-Q2","2097676696.51048","Millions","Millions","","Reported official data","Overlapping Indicator","","","Balance of Payments and International Investment Position Manual, Sixth Edition (BPM6)","Public (Unrestricted)","","Public or Unrestricted",""
"Indonesia","Net (credits less debits)","Current account balance (credit less debit)","US dollar","Quarterly","2003-Q3","2139742172.56875","Millions","Millions","","Reported official data","Overlapping Indicator","","","Balance of Payments and International Investment Position Manual, Sixth Edition (BPM6)","Public (Unrestricted)","","Public or Unrestricted",""
"Indonesia","Net (credits less debits)","Current account balance (credit less debit)","US dollar","Quarterly","2003-Q4","2391947316.45154","Millions","Millions","","Reported official data","Overlapping Indicator","","","Balance of Payments and International Investment Position Manual, Sixth Edition (BPM6)","Public (Unrestricted)","","Public or Unrestricted",""
"Indonesia","Net (credits less debits)","Current account balance (credit less debit)","US dollar","Quarterly","2004-Q1","-1992300590.84063","Millions","Millions","","Reported official data","Overlapping Indicator","","","Balance of Payments and International Investment Position Manual, Sixth Edition (BPM6)","Public (Unrestricted)","","Public or Unrestricted",""
"Indonesia","Net (credits less debits)","Current account balance (credit less debit)","US dollar","Quarterly","2004-Q2","972964941.577382","Millions","Millions","","Reported official data","Overlapping Indicator","","","Balance of Payments and International Investment Position Manual, Sixth Edition (BPM6)","Public (Unrestricted)","","Public or Unrestricted",""
"Indonesia","Net (credits less debits)","Current account balance (credit less debit)","US dollar","Quarterly","2004-Q3","2038346410.97306","Millions","Millions","","Reported official data","Overlapping Indicator","","","Balance of Payments and International Investment Position Manual, Sixth Edition (BPM6)","Public (Unrestricted)","","Public or Unrestricted",""
"Indonesia","Net (credits less debits)","Current account balance (credit less debit)","US dollar","Quarterly","2004-Q4","543999142.306409","Millions","Millions","","Reported official data","Overlapping Indicator","","","Balance of Payments and International Investment Position Manual, Sixth Edition (BPM6)","Public (Unrestricted)","","Public or Unrestricted",""
"Indonesia","Net (credits less debits)","Current account balance (credit less debit)","US dollar","Quarterly","2005-Q1","208845897.811927","Millions","Millions","","Reported official data","Overlapping Indicator","","","Balance of Payments and International Investment Position Manual, Sixth Edition (BPM6)","Public (Unrestricted)","","Public or Unrestricted",""
"Indonesia","Net (credits less debits)","Current account balance (credit less debit)","US dollar","Quarterly","2005-Q2","436453142.770395","Millions","Millions","","Reported official data","Overlapping Indicator","","","Balance of Payments and International Investment Position Manual, Sixth Edition (BPM6)","Public (Unrestricted)","","Public or Unrestricted",""
"Indonesia","Net (credits less debits)","Current account balance (credit less debit)","US dollar","Quarterly","2005-Q3","-1164849788.65885","Millions","Millions","","Reported official data","Overlapping Indicator","","","Balance of Payments and International Investment Position Manual, Sixth Edition (BPM6)","Public (Unrestricted)","","Public or Unrestricted",""
"Indonesia","Net (credits less debits)","Current account balance (credit less debit)","US dollar","Quarterly","2005-Q4","797095577.001848","Millions","Millions","","Reported official data","Overlapping Indicator","","","Balance of Payments and International Investment Position Manual, Sixth Edition (BPM6)","Public (Unrestricted)","","Public or Unrestricted",""
"Indonesia","Net (credits less debits)","Current account balance (credit less debit)","US dollar","Quarterly","2006-Q1","2949180266.38877","Millions","Millions","","Reported official data","Overlapping Indicator","","","Balance of Payments and International Investment Position Manual, Sixth Edition (BPM6)","Public (Unrestricted)","","Public or Unrestricted",""
"Indonesia","Net (credits less debits)","Current account balance (credit less debit)","US dollar","Quarterly","2006-Q2","1958903456.50912","Millions","Millions","","Reported official data","Overlapping Indicator","","","Balance of Payments and International Investment Position Manual, Sixth Edition (BPM6)","Public (Unrestricted)","","Public or Unrestricted",""
"Indonesia","Net (credits less debits)","Current account balance (credit less debit)","US dollar","Quarterly","2006-Q3","3794903158.82707","Millions","Millions","","Reported official data","Overlapping Indicator","","","Balance of Payments and International Investment Position Manual, Sixth Edition (BPM6)","Public (Unrestricted)","","Public or Unrestricted",""
"Indonesia","Net (credits less debits)","Current account balance (credit less debit)","US dollar","Quarterly","2006-Q4","2156506712.22664","Millions","Millions","","Reported official data","Overlapping Indicator","","","Balance of Payments and International Investment Position Manual, Sixth Edition (BPM6)","Public (Unrestricted)","","Public or Unrestricted",""
"Indonesia","Net (credits less debits)","Current account balance (credit less debit)","US dollar","Quarterly","2007-Q1","2638455676.48291","Millions","Millions","","Reported official data","Overlapping Indicator","","","Balance of Payments and International Investment Position Manual, Sixth Edition (BPM6)","Public (Unrestricted)","","Public or Unrestricted",""
"Indonesia","Net (credits less debits)","Current account balance (credit less debit)","US dollar","Quarterly","2007-Q2","2270456484.60296","Millions","Millions","","Reported official data","Overlapping Indicator","","","Balance of Payments and International Investment Position Manual, Sixth Edition (BPM6)","Public (Unrestricted)","","Public or Unrestricted",""
"Indonesia","Net (credits less debits)","Current account balance (credit less debit)","US dollar","Quarterly","2007-Q3","2143723393.60861","Millions","Millions","","Reported official data","Overlapping Indicator","","","Balance of Payments and International Investment Position Manual, Sixth Edition (BPM6)","Public (Unrestricted)","","Public or Unrestricted",""
"Indonesia","Net (credits less debits)","Current account balance (credit less debit)","US dollar","Quarterly","2007-Q4","3438406272.0657","Millions","Millions","","Reported official data","Overlapping Indicator","","","Balance of Payments and International Investment Position Manual, Sixth Edition (BPM6)","Public (Unrestricted)","","Public or Unrestricted",""
"Indonesia","Net (credits less debits)","Current account balance (credit less debit)","US dollar","Quarterly","2008-Q1","2742296470.99617","Millions","Millions","","Reported official data","Overlapping Indicator","","","Balance of Payments and International Investment Position Manual, Sixth Edition (BPM6)","Public (Unrestricted)","","Public or Unrestricted",""
"Indonesia","Net (credits less debits)","Current account balance (credit less debit)","US dollar","Quarterly","2008-Q2","-1013111816.17983","Millions","Millions","","Reported official data","Overlapping Indicator","","","Balance of Payments and International Investment Position Manual, Sixth Edition (BPM6)","Public (Unrestricted)","","Public or Unrestricted",""
"Indonesia","Net (credits less debits)","Current account balance (credit less debit)","US dollar","Quarterly","2008-Q3","-966268634.113592","Millions","Millions","","Reported official data","Overlapping Indicator","","","Balance of Payments and International Investment Position Manual, Sixth Edition (BPM6)","Public (Unrestricted)","","Public or Unrestricted",""
"Indonesia","Net (credits less debits)","Current account balance (credit less debit)","US dollar","Quarterly","2008-Q4","-636923604.207164","Millions","Millions","","Reported official data","Overlapping Indicator","","","Balance of Payments and International Investment Position Manual, Sixth Edition (BPM6)","Public (Unrestricted)","","Public or Unrestricted",""
"Indonesia","Net (credits less debits)","Current account balance (credit less debit)","US dollar","Quarterly","2009-Q1","2689598387.76096","Millions","Millions","","Reported official data","Overlapping Indicator","","","Balance of Payments and International Investment Position Manual, Sixth Edition (BPM6)","Public (Unrestricted)","","Public or Unrestricted",""
"Indonesia","Net (credits less debits)","Current account balance (credit less debit)","US dollar","Quarterly","2009-Q2","2376853408.23352","Millions","Millions","","Reported official data","Overlapping Indicator","","","Balance of Payments and International Investment Position Manual, Sixth Edition (BPM6)","Public (Unrestricted)","","Public or Unrestricted",""
"Indonesia","Net (credits less debits)","Current account balance (credit less debit)","US dollar","Quarterly","2009-Q3","1780870837.6114","Millions","Millions","","Reported official data","Overlapping Indicator","","","Balance of Payments and International Investment Position Manual, Sixth Edition (BPM6)","Public (Unrestricted)","","Public or Unrestricted",""
"Indonesia","Net (credits less debits)","Current account balance (credit less debit)","US dollar","Quarterly","2009-Q4","3781167052.4707","Millions","Millions","","Reported official data","Overlapping Indicator","","","Balance of Payments and International Investment Position Manual, Sixth Edition (BPM6)","Public (Unrestricted)","","Public or Unrestricted",""
"Indonesia","Net (credits less debits)","Current account balance (credit less debit)","US dollar","Quarterly","2010-Q1","1890521779.17938","Millions","Millions","","Reported official data","Overlapping Indicator","","","Balance of Payments and International Investment Position Manual, Sixth Edition (BPM6)","Public (Unrestricted)","","Public or Unrestricted",""
"Indonesia","Net (credits less debits)","Current account balance (credit less debit)","US dollar","Quarterly","2010-Q2","1341565910.07429","Millions","Millions","","Reported official data","Overlapping Indicator","","","Balance of Payments and International Investment Position Manual, Sixth Edition (BPM6)","Public (Unrestricted)","","Public or Unrestricted",""
"Indonesia","Net (credits less debits)","Current account balance (credit less debit)","US dollar","Quarterly","2010-Q3","1042625378.36515","Millions","Millions","","Reported official data","Overlapping Indicator","","","Balance of Payments and International Investment Position Manual, Sixth Edition (BPM6)","Public (Unrestricted)","","Public or Unrestricted",""
"Indonesia","Net (credits less debits)","Current account balance (credit less debit)","US dollar","Quarterly","2010-Q4","869571922.578209","Millions","Millions","","Reported official data","Overlapping Indicator","","","Balance of Payments and International Investment Position Manual, Sixth Edition (BPM6)","Public (Unrestricted)","","Public or Unrestricted",""
"Indonesia","Net (credits less debits)","Current account balance (credit less debit)","US dollar","Quarterly","2011-Q1","2946686393.8744","Millions","Millions","","Reported official data","Overlapping Indicator","","","Balance of Payments and International Investment Position Manual, Sixth Edition (BPM6)","Public (Unrestricted)","","Public or Unrestricted",""
"Indonesia","Net (credits less debits)","Current account balance (credit less debit)","US dollar","Quarterly","2011-Q2","273322172.165565","Millions","Millions","","Reported official data","Overlapping Indicator","","","Balance of Payments and International Investment Position Manual, Sixth Edition (BPM6)","Public (Unrestricted)","","Public or Unrestricted",""
"Indonesia","Net (credits less debits)","Current account balance (credit less debit)","US dollar","Quarterly","2011-Q3","766357712.00688","Millions","Millions","","Reported official data","Overlapping Indicator","","","Balance of Payments and International Investment Position Manual, Sixth Edition (BPM6)","Public (Unrestricted)","","Public or Unrestricted",""
"Indonesia","Net (credits less debits)","Current account balance (credit less debit)","US dollar","Quarterly","2011-Q4","-2301298269.62519","Millions","Millions","","Reported official data","Overlapping Indicator","","","Balance of Payments and International Investment Position Manual, Sixth Edition (BPM6)","Public (Unrestricted)","","Public or Unrestricted",""
"Indonesia","Net (credits less debits)","Current account balance (credit less debit)","US dollar","Quarterly","2012-Q1","-3191467247.59486","Millions","Millions","","Reported official data","Overlapping Indicator","","","Balance of Payments and International Investment Position Manual, Sixth Edition (BPM6)","Public (Unrestricted)","","Public or Unrestricted",""
"Indonesia","Net (credits less debits)","Current account balance (credit less debit)","US dollar","Quarterly","2012-Q2","-8149257380.15208","Millions","Millions","","Reported official data","Overlapping Indicator","","","Balance of Payments and International Investment Position Manual, Sixth Edition (BPM6)","Public (Unrestricted)","","Public or Unrestricted",""
"Indonesia","Net (credits less debits)","Current account balance (credit less debit)","US dollar","Quarterly","2012-Q3","-5264682800.83974","Millions","Millions","","Reported official data","Overlapping Indicator","","","Balance of Payments and International Investment Position Manual, Sixth Edition (BPM6)","Public (Unrestricted)","","Public or Unrestricted",""
"Indonesia","Net (credits less debits)","Current account balance (credit less debit)","US dollar","Quarterly","2012-Q4","-7812443509.62732","Millions","Millions","","Reported official data","Overlapping Indicator","","","Balance of Payments and International Investment Position Manual, Sixth Edition (BPM6)","Public (Unrestricted)","","Public or Unrestricted",""
"Indonesia","Net (credits less debits)","Current account balance (credit less debit)","US dollar","Quarterly","2013-Q1","-6007259284.49966","Millions","Millions","","Reported official data","Overlapping Indicator","","","Balance of Payments and International Investment Position Manual, Sixth Edition (BPM6)","Public (Unrestricted)","","Public or Unrestricted",""
"Indonesia","Net (credits less debits)","Current account balance (credit less debit)","US dollar","Quarterly","2013-Q2","-10125543041.7549","Millions","Millions","","Reported official data","Overlapping Indicator","","","Balance of Payments and International Investment Position Manual, Sixth Edition (BPM6)","Public (Unrestricted)","","Public or Unrestricted",""
"Indonesia","Net (credits less debits)","Current account balance (credit less debit)","US dollar","Quarterly","2013-Q3","-8640256453.83978","Millions","Millions","","Reported official data","Overlapping Indicator","","","Balance of Payments and International Investment Position Manual, Sixth Edition (BPM6)","Public (Unrestricted)","","Public or Unrestricted",""
"Indonesia","Net (credits less debits)","Current account balance (credit less debit)","US dollar","Quarterly","2013-Q4","-4336140236.96391","Millions","Millions","","Reported official data","Overlapping Indicator","","","Balance of Payments and International Investment Position Manual, Sixth Edition (BPM6)","Public (Unrestricted)","","Public or Unrestricted",""
"Indonesia","Net (credits less debits)","Current account balance (credit less debit)","US dollar","Quarterly","2014-Q1","-4926672283.22722","Millions","Millions","","Reported official data","Overlapping Indicator","","","Balance of Payments and International Investment Position Manual, Sixth Edition (BPM6)","Public (Unrestricted)","","Public or Unrestricted",""
"Indonesia","Net (credits less debits)","Current account balance (credit less debit)","US dollar","Quarterly","2014-Q2","-9584751986.60886","Millions","Millions","","Reported official data","Overlapping Indicator","","","Balance of Payments and International Investment Position Manual, Sixth Edition (BPM6)","Public (Unrestricted)","","Public or Unrestricted",""
"Indonesia","Net (credits less debits)","Current account balance (credit less debit)","US dollar","Quarterly","2014-Q3","-7037420869.43198","Millions","Millions","","Reported official data","Overlapping Indicator","","","Balance of Payments and International Investment Position Manual, Sixth Edition (BPM6)","Public (Unrestricted)","","Public or Unrestricted",""
"Indonesia","Net (credits less debits)","Current account balance (credit less debit)","US dollar","Quarterly","2014-Q4","-5961020658.96455","Millions","Millions","","Reported official data","Overlapping Indicator","","","Balance of Payments and International Investment Position Manual, Sixth Edition (BPM6)","Public (Unrestricted)","","Public or Unrestricted",""
"Indonesia","Net (credits less debits)","Current account balance (credit less debit)","US dollar","Quarterly","2015-Q1","-4313580329.76559","Millions","Millions","","Reported official data","Overlapping Indicator","","","Balance of Payments and International Investment Position Manual, Sixth Edition (BPM6)","Public (Unrestricted)","","Public or Unrestricted",""
"Indonesia","Net (credits less debits)","Current account balance (credit less debit)","US dollar","Quarterly","2015-Q2","-4278550358.91044","Millions","Millions","","Reported official data","Overlapping Indicator","","","Balance of Payments and International Investment Position Manual, Sixth Edition (BPM6)","Public (Unrestricted)","","Public or Unrestricted",""
"Indonesia","Net (credits less debits)","Current account balance (credit less debit)","US dollar","Quarterly","2015-Q3","-4223684427.71256","Millions","Millions","","Reported official data","Overlapping Indicator","","","Balance of Payments and International Investment Position Manual, Sixth Edition (BPM6)","Public (Unrestricted)","","Public or Unrestricted",""
"Indonesia","Net (credits less debits)","Current account balance (credit less debit)","US dollar","Quarterly","2015-Q4","-4702929453.08726","Millions","Millions","","Reported official data","Overlapping Indicator","","","Balance of Payments and International Investment Position Manual, Sixth Edition (BPM6)","Public (Unrestricted)","","Public or Unrestricted",""
"Indonesia","Net (credits less debits)","Current account balance (credit less debit)","US dollar","Quarterly","2016-Q1","-4634009441.86754","Millions","Millions","","Reported official data","Overlapping Indicator","","","Balance of Payments and International Investment Position Manual, Sixth Edition (BPM6)","Public (Unrestricted)","","Public or Unrestricted",""
"Indonesia","Net (credits less debits)","Current account balance (credit less debit)","US dollar","Quarterly","2016-Q2","-5570146813.83256","Millions","Millions","","Reported official data","Overlapping Indicator","","","Balance of Payments and International Investment Position Manual, Sixth Edition (BPM6)","Public (Unrestricted)","","Public or Unrestricted",""
"Indonesia","Net (credits less debits)","Current account balance (credit less debit)","US dollar","Quarterly","2016-Q3","-4950989064.62584","Millions","Millions","","Reported official data","Overlapping Indicator","","","Balance of Payments and International Investment Position Manual, Sixth Edition (BPM6)","Public (Unrestricted)","","Public or Unrestricted",""
"Indonesia","Net (credits less debits)","Current account balance (credit less debit)","US dollar","Quarterly","2016-Q4","-1797110064.70032","Millions","Millions","","Reported official data","Overlapping Indicator","","","Balance of Payments and International Investment Position Manual, Sixth Edition (BPM6)","Public (Unrestricted)","","Public or Unrestricted",""
"Indonesia","Net (credits less debits)","Current account balance (credit less debit)","US dollar","Quarterly","2017-Q1","-2023419134.02853","Millions","Millions","","Reported official data","Overlapping Indicator","","","Balance of Payments and International Investment Position Manual, Sixth Edition (BPM6)","Public (Unrestricted)","","Public or Unrestricted",""
"Indonesia","Net (credits less debits)","Current account balance (credit less debit)","US dollar","Quarterly","2017-Q2","-4368845209.19916","Millions","Millions","","Reported official data","Overlapping Indicator","","","Balance of Payments and International Investment Position Manual, Sixth Edition (BPM6)","Public (Unrestricted)","","Public or Unrestricted",""
"Indonesia","Net (credits less debits)","Current account balance (credit less debit)","US dollar","Quarterly","2017-Q3","-4236590785.72842","Millions","Millions","","Reported official data","Overlapping Indicator","","","Balance of Payments and International Investment Position Manual, Sixth Edition (BPM6)","Public (Unrestricted)","","Public or Unrestricted",""
"Indonesia","Net (credits less debits)","Current account balance (credit less debit)","US dollar","Quarterly","2017-Q4","-5566779251.40024","Millions","Millions","","Reported official data","Overlapping Indicator","","","Balance of Payments and International Investment Position Manual, Sixth Edition (BPM6)","Public (Unrestricted)","","Public or Unrestricted",""
"Indonesia","Net (credits less debits)","Current account balance (credit less debit)","US dollar","Quarterly","2018-Q1","-4937467762.64447","Millions","Millions","","Reported official data","Overlapping Indicator","","","Balance of Payments and International Investment Position Manual, Sixth Edition (BPM6)","Public (Unrestricted)","","Public or Unrestricted",""
"Indonesia","Net (credits less debits)","Current account balance (credit less debit)","US dollar","Quarterly","2018-Q2","-7784173766.43749","Millions","Millions","","Reported official data","Overlapping Indicator","","","Balance of Payments and International Investment Position Manual, Sixth Edition (BPM6)","Public (Unrestricted)","","Public or Unrestricted",""
"Indonesia","Net (credits less debits)","Current account balance (credit less debit)","US dollar","Quarterly","2018-Q3","-8380291415.12592","Millions","Millions","","Reported official data","Overlapping Indicator","","","Balance of Payments and International Investment Position Manual, Sixth Edition (BPM6)","Public (Unrestricted)","","Public or Unrestricted",""
"Indonesia","Net (credits less debits)","Current account balance (credit less debit)","US dollar","Quarterly","2018-Q4","-9531187380.22084","Millions","Millions","","Reported official data","Overlapping Indicator","","","Balance of Payments and International Investment Position Manual, Sixth Edition (BPM6)","Public (Unrestricted)","","Public or Unrestricted",""
"Indonesia","Net (credits less debits)","Current account balance (credit less debit)","US dollar","Quarterly","2019-Q1","-6550291345.80342","Millions","Millions","","Reported official data","Overlapping Indicator","","","Balance of Payments and International Investment Position Manual, Sixth Edition (BPM6)","Public (Unrestricted)","","Public or Unrestricted",""
"Indonesia","Net (credits less debits)","Current account balance (credit less debit)","US dollar","Quarterly","2019-Q2","-8199411300.12234","Millions","Millions","","Reported official data","Overlapping Indicator","","","Balance of Payments and International Investment Position Manual, Sixth Edition (BPM6)","Public (Unrestricted)","","Public or Unrestricted",""
"Indonesia","Net (credits less debits)","Current account balance (credit less debit)","US dollar","Quarterly","2019-Q3","-7480918280.28241","Millions","Millions","","Reported official data","Overlapping Indicator","","","Balance of Payments and International Investment Position Manual, Sixth Edition (BPM6)","Public (Unrestricted)","","Public or Unrestricted",""
"Indonesia","Net (credits less debits)","Current account balance (credit less debit)","US dollar","Quarterly","2019-Q4","-8048438826.76013","Millions","Millions","","Reported official data","Overlapping Indicator","","","Balance of Payments and International Investment Position Manual, Sixth Edition (BPM6)","Public (Unrestricted)","","Public or Unrestricted",""
"Indonesia","Net (credits less debits)","Current account balance (credit less debit)","US dollar","Quarterly","2020-Q1","-3366708106.50466","Millions","Millions","","Reported official data","Overlapping Indicator","","","Balance of Payments and International Investment Position Manual, Sixth Edition (BPM6)","Public (Unrestricted)","","Public or Unrestricted",""
"Indonesia","Net (credits less debits)","Current account balance (credit less debit)","US dollar","Quarterly","2020-Q2","-2913208588.53024","Millions","Millions","","Reported official data","Overlapping Indicator","","","Balance of Payments and International Investment Position Manual, Sixth Edition (BPM6)","Public (Unrestricted)","","Public or Unrestricted",""
"Indonesia","Net (credits less debits)","Current account balance (credit less debit)","US dollar","Quarterly","2020-Q3","996586241.206984","Millions","Millions","","Reported official data","Overlapping Indicator","","","Balance of Payments and International Investment Position Manual, Sixth Edition (BPM6)","Public (Unrestricted)","","Public or Unrestricted",""
"Indonesia","Net (credits less debits)","Current account balance (credit less debit)","US dollar","Quarterly","2020-Q4","850060715.340063","Millions","Millions","","Reported official data","Overlapping Indicator","","","Balance of Payments and International Investment Position Manual, Sixth Edition (BPM6)","Public (Unrestricted)","","Public or Unrestricted",""
"Indonesia","Net (credits less debits)","Current account balance (credit less debit)","US dollar","Quarterly","2021-Q1","-1139666117.99605","Millions","Millions","","Reported official data","Overlapping Indicator","","","Balance of Payments and International Investment Position Manual, Sixth Edition (BPM6)","Public (Unrestricted)","","Public or Unrestricted",""
"Indonesia","Net (credits less debits)","Current account balance (credit less debit)","US dollar","Quarterly","2021-Q2","-1881474268.97934","Millions","Millions","","Reported official data","Overlapping Indicator","","","Balance of Payments and International Investment Position Manual, Sixth Edition (BPM6)","Public (Unrestricted)","","Public or Unrestricted",""
"Indonesia","Net (credits less debits)","Current account balance (credit less debit)","US dollar","Quarterly","2021-Q3","5020445303.11296","Millions","Millions","","Reported official data","Overlapping Indicator","","","Balance of Payments and International Investment Position Manual, Sixth Edition (BPM6)","Public (Unrestricted)","","Public or Unrestricted",""
"Indonesia","Net (credits less debits)","Current account balance (credit less debit)","US dollar","Quarterly","2021-Q4","1511410134.27495","Millions","Millions","","Reported official data","Overlapping Indicator","","","Balance of Payments and International Investment Position Manual, Sixth Edition (BPM6)","Public (Unrestricted)","","Public or Unrestricted",""
"Indonesia","Net (credits less debits)","Current account balance (credit less debit)","US dollar","Quarterly","2022-Q1","724050344.11524","Millions","Millions","","Reported official data","Overlapping Indicator","","","Balance of Payments and International Investment Position Manual, Sixth Edition (BPM6)","Public (Unrestricted)","","Public or Unrestricted",""
"Indonesia","Net (credits less debits)","Current account balance (credit less debit)","US dollar","Quarterly","2022-Q2","4282988426.82749","Millions","Millions","","Reported official data","Overlapping Indicator","","","Balance of Payments and International Investment Position Manual, Sixth Edition (BPM6)","Public (Unrestricted)","","Public or Unrestricted",""
"Indonesia","Net (credits less debits)","Current account balance (credit less debit)","US dollar","Quarterly","2022-Q3","4709345471.6975","Millions","Millions","","Reported official data","Overlapping Indicator","","","Balance of Payments and International Investment Position Manual, Sixth Edition (BPM6)","Public (Unrestricted)","","Public or Unrestricted",""
"Indonesia","Net (credits less debits)","Current account balance (credit less debit)","US dollar","Quarterly","2022-Q4","3498750667.77167","Millions","Millions","","Reported official data","Overlapping Indicator","","","Balance of Payments and International Investment Position Manual, Sixth Edition (BPM6)","Public (Unrestricted)","","Public or Unrestricted",""
"Indonesia","Net (credits less debits)","Current account balance (credit less debit)","US dollar","Quarterly","2023-Q1","2944534782.984","Millions","Millions","","Reported official data","Overlapping Indicator","","","Balance of Payments and International Investment Position Manual, Sixth Edition (BPM6)","Public (Unrestricted)","","Public or Unrestricted",""
"Indonesia","Net (credits less debits)","Current account balance (credit less debit)","US dollar","Quarterly","2023-Q2","-2345284511.09939","Millions","Millions","","Reported official data","Overlapping Indicator","","","Balance of Payments and International Investment Position Manual, Sixth Edition (BPM6)","Public (Unrestricted)","","Public or Unrestricted",""
"Indonesia","Net (credits less debits)","Current account balance (credit less debit)","US dollar","Quarterly","2023-Q3","-1260363409.3554","Millions","Millions","","Reported official data","Overlapping Indicator","","","Balance of Payments and International Investment Position Manual, Sixth Edition (BPM6)","Public (Unrestricted)","","Public or Unrestricted",""
"Indonesia","Net (credits less debits)","Current account balance (credit less debit)","US dollar","Quarterly","2023-Q4","-1380548882.54171","Millions","Millions","","Reported official data","Overlapping Indicator","","","Balance of Payments and International Investment Position Manual, Sixth Edition (BPM6)","Public (Unrestricted)","","Public or Unrestricted",""
"Indonesia","Net (credits less debits)","Current account balance (credit less debit)","US dollar","Quarterly","2024-Q1","-2437632055.75601","Millions","Millions","","Reported official data","Overlapping Indicator","","","Balance of Payments and International Investment Position Manual, Sixth Edition (BPM6)","Public (Unrestricted)","","Public or Unrestricted",""
"Indonesia","Net (credits less debits)","Current account balance (credit less debit)","US dollar","Quarterly","2024-Q2","-2979912772.55407","Millions","Millions","","Reported official data","Overlapping Indicator","","","Balance of Payments and International Investment Position Manual, Sixth Edition (BPM6)","Public (Unrestricted)","","Public or Unrestricted",""
"Indonesia","Net (credits less debits)","Current account balance (credit less debit)","US dollar","Quarterly","2024-Q3","-1925162699.14353","Millions","Millions","","Reported official data","Overlapping Indicator","","","Balance of Payments and International Investment Position Manual, Sixth Edition (BPM6)","Public (Unrestricted)","","Public or Unrestricted",""
"Indonesia","Net (credits less debits)","Current account balance (credit less debit)","US dollar","Quarterly","2024-Q4","-1127419014.22755","Millions","Millions","","Reported official data","Overlapping Indicator","","","Balance of Payments and International Investment Position Manual, Sixth Edition (BPM6)","Public (Unrestricted)","","Public or Unrestricted",""
"Indonesia","Net (credits less debits)","Current account balance (credit less debit)","US dollar","Quarterly","2025-Q1","-176938470.569905","Millions","Millions","","Reported official data","Overlapping Indicator","","","Balance of Payments and International Investment Position Manual, Sixth Edition (BPM6)","Public (Unrestricted)","","Public or Unrestricted",""
