﻿"COUNTRY","BOP_ACCOUNTING_ENTRY","INDICATOR","UNIT","FREQUENCY","TIME_PERIOD","OBS_VALUE","SCALE","PRECISION","DECIMALS_DISPLAYED","DERIVATION_TYPE","OVERLAP","IFS_FLAG","STATUS","METHODOLOGY","ACCESS_SHARING_LEVEL","ACCESS_SHARING_NOTES","SECURITY_CLASSIFICATION","SOURCE"
"Indonesia","Net (credits less debits)","Goods and services","US dollar","Quarterly","1981-Q1","1173000000","Millions","Millions","","Reported official data","","true","","Balance of Payments and International Investment Position Manual, Sixth Edition (BPM6)","Public (Unrestricted)","","Public or Unrestricted",""
"Indonesia","Net (credits less debits)","Goods and services","US dollar","Quarterly","1981-Q2","458000000","Millions","Millions","","Reported official data","","true","","Balance of Payments and International Investment Position Manual, Sixth Edition (BPM6)","Public (Unrestricted)","","Public or Unrestricted",""
"Indonesia","Net (credits less debits)","Goods and services","US dollar","Quarterly","1981-Q3","220000000","Millions","Millions","","Reported official data","","true","","Balance of Payments and International Investment Position Manual, Sixth Edition (BPM6)","Public (Unrestricted)","","Public or Unrestricted",""
"Indonesia","Net (credits less debits)","Goods and services","US dollar","Quarterly","1981-Q4","406000000","Millions","Millions","","Reported official data","","true","","Balance of Payments and International Investment Position Manual, Sixth Edition (BPM6)","Public (Unrestricted)","","Public or Unrestricted",""
"Indonesia","Net (credits less debits)","Goods and services","US dollar","Quarterly","1982-Q1","-878000000","Millions","Millions","","Reported official data","","true","","Balance of Payments and International Investment Position Manual, Sixth Edition (BPM6)","Public (Unrestricted)","","Public or Unrestricted",""
"Indonesia","Net (credits less debits)","Goods and services","US dollar","Quarterly","1982-Q2","-192000000","Millions","Millions","","Reported official data","","true","","Balance of Payments and International Investment Position Manual, Sixth Edition (BPM6)","Public (Unrestricted)","","Public or Unrestricted",""
"Indonesia","Net (credits less debits)","Goods and services","US dollar","Quarterly","1982-Q3","-724000000","Millions","Millions","","Reported official data","","true","","Balance of Payments and International Investment Position Manual, Sixth Edition (BPM6)","Public (Unrestricted)","","Public or Unrestricted",""
"Indonesia","Net (credits less debits)","Goods and services","US dollar","Quarterly","1982-Q4","-671000000","Millions","Millions","","Reported official data","","true","","Balance of Payments and International Investment Position Manual, Sixth Edition (BPM6)","Public (Unrestricted)","","Public or Unrestricted",""
"Indonesia","Net (credits less debits)","Goods and services","US dollar","Quarterly","1983-Q1","-2382000000","Millions","Millions","","Reported official data","","true","","Balance of Payments and International Investment Position Manual, Sixth Edition (BPM6)","Public (Unrestricted)","","Public or Unrestricted",""
"Indonesia","Net (credits less debits)","Goods and services","US dollar","Quarterly","1983-Q2","-221000000","Millions","Millions","","Reported official data","","true","","Balance of Payments and International Investment Position Manual, Sixth Edition (BPM6)","Public (Unrestricted)","","Public or Unrestricted",""
"Indonesia","Net (credits less debits)","Goods and services","US dollar","Quarterly","1983-Q3","-144000000","Millions","Millions","","Reported official data","","true","","Balance of Payments and International Investment Position Manual, Sixth Edition (BPM6)","Public (Unrestricted)","","Public or Unrestricted",""
"Indonesia","Net (credits less debits)","Goods and services","US dollar","Quarterly","1983-Q4","-55000000","Millions","Millions","","Reported official data","","true","","Balance of Payments and International Investment Position Manual, Sixth Edition (BPM6)","Public (Unrestricted)","","Public or Unrestricted",""
"Indonesia","Net (credits less debits)","Goods and services","US dollar","Quarterly","1984-Q1","166000000","Millions","Millions","","Reported official data","","true","","Balance of Payments and International Investment Position Manual, Sixth Edition (BPM6)","Public (Unrestricted)","","Public or Unrestricted",""
"Indonesia","Net (credits less debits)","Goods and services","US dollar","Quarterly","1984-Q2","1086000000","Millions","Millions","","Reported official data","","true","","Balance of Payments and International Investment Position Manual, Sixth Edition (BPM6)","Public (Unrestricted)","","Public or Unrestricted",""
"Indonesia","Net (credits less debits)","Goods and services","US dollar","Quarterly","1984-Q3","472000000","Millions","Millions","","Reported official data","","true","","Balance of Payments and International Investment Position Manual, Sixth Edition (BPM6)","Public (Unrestricted)","","Public or Unrestricted",""
"Indonesia","Net (credits less debits)","Goods and services","US dollar","Quarterly","1984-Q4","314000000","Millions","Millions","","Reported official data","","true","","Balance of Payments and International Investment Position Manual, Sixth Edition (BPM6)","Public (Unrestricted)","","Public or Unrestricted",""
"Indonesia","Net (credits less debits)","Goods and services","US dollar","Quarterly","1985-Q1","-198000000","Millions","Millions","","Reported official data","","true","","Balance of Payments and International Investment Position Manual, Sixth Edition (BPM6)","Public (Unrestricted)","","Public or Unrestricted",""
"Indonesia","Net (credits less debits)","Goods and services","US dollar","Quarterly","1985-Q2","510000000","Millions","Millions","","Reported official data","","true","","Balance of Payments and International Investment Position Manual, Sixth Edition (BPM6)","Public (Unrestricted)","","Public or Unrestricted",""
"Indonesia","Net (credits less debits)","Goods and services","US dollar","Quarterly","1985-Q3","707000000","Millions","Millions","","Reported official data","","true","","Balance of Payments and International Investment Position Manual, Sixth Edition (BPM6)","Public (Unrestricted)","","Public or Unrestricted",""
"Indonesia","Net (credits less debits)","Goods and services","US dollar","Quarterly","1985-Q4","512000000","Millions","Millions","","Reported official data","","true","","Balance of Payments and International Investment Position Manual, Sixth Edition (BPM6)","Public (Unrestricted)","","Public or Unrestricted",""
"Indonesia","Net (credits less debits)","Goods and services","US dollar","Quarterly","1986-Q1","194000000","Millions","Millions","","Reported official data","","true","","Balance of Payments and International Investment Position Manual, Sixth Edition (BPM6)","Public (Unrestricted)","","Public or Unrestricted",""
"Indonesia","Net (credits less debits)","Goods and services","US dollar","Quarterly","1986-Q2","-430000000","Millions","Millions","","Reported official data","","true","","Balance of Payments and International Investment Position Manual, Sixth Edition (BPM6)","Public (Unrestricted)","","Public or Unrestricted",""
"Indonesia","Net (credits less debits)","Goods and services","US dollar","Quarterly","1986-Q3","-703000000","Millions","Millions","","Reported official data","","true","","Balance of Payments and International Investment Position Manual, Sixth Edition (BPM6)","Public (Unrestricted)","","Public or Unrestricted",""
"Indonesia","Net (credits less debits)","Goods and services","US dollar","Quarterly","1986-Q4","-15000000","Millions","Millions","","Reported official data","","true","","Balance of Payments and International Investment Position Manual, Sixth Edition (BPM6)","Public (Unrestricted)","","Public or Unrestricted",""
"Indonesia","Net (credits less debits)","Goods and services","US dollar","Quarterly","1987-Q1","175000000","Millions","Millions","","Reported official data","","true","","Balance of Payments and International Investment Position Manual, Sixth Edition (BPM6)","Public (Unrestricted)","","Public or Unrestricted",""
"Indonesia","Net (credits less debits)","Goods and services","US dollar","Quarterly","1987-Q2","51000000","Millions","Millions","","Reported official data","","true","","Balance of Payments and International Investment Position Manual, Sixth Edition (BPM6)","Public (Unrestricted)","","Public or Unrestricted",""
"Indonesia","Net (credits less debits)","Goods and services","US dollar","Quarterly","1987-Q3","384000000","Millions","Millions","","Reported official data","","true","","Balance of Payments and International Investment Position Manual, Sixth Edition (BPM6)","Public (Unrestricted)","","Public or Unrestricted",""
"Indonesia","Net (credits less debits)","Goods and services","US dollar","Quarterly","1987-Q4","689000000","Millions","Millions","","Reported official data","","true","","Balance of Payments and International Investment Position Manual, Sixth Edition (BPM6)","Public (Unrestricted)","","Public or Unrestricted",""
"Indonesia","Net (credits less debits)","Goods and services","US dollar","Quarterly","1988-Q1","904000000","Millions","Millions","","Reported official data","","true","","Balance of Payments and International Investment Position Manual, Sixth Edition (BPM6)","Public (Unrestricted)","","Public or Unrestricted",""
"Indonesia","Net (credits less debits)","Goods and services","US dollar","Quarterly","1988-Q2","524000000","Millions","Millions","","Reported official data","","true","","Balance of Payments and International Investment Position Manual, Sixth Edition (BPM6)","Public (Unrestricted)","","Public or Unrestricted",""
"Indonesia","Net (credits less debits)","Goods and services","US dollar","Quarterly","1988-Q3","655000000","Millions","Millions","","Reported official data","","true","","Balance of Payments and International Investment Position Manual, Sixth Edition (BPM6)","Public (Unrestricted)","","Public or Unrestricted",""
"Indonesia","Net (credits less debits)","Goods and services","US dollar","Quarterly","1988-Q4","358000000","Millions","Millions","","Reported official data","","true","","Balance of Payments and International Investment Position Manual, Sixth Edition (BPM6)","Public (Unrestricted)","","Public or Unrestricted",""
"Indonesia","Net (credits less debits)","Goods and services","US dollar","Quarterly","1989-Q1","699000000","Millions","Millions","","Reported official data","","true","","Balance of Payments and International Investment Position Manual, Sixth Edition (BPM6)","Public (Unrestricted)","","Public or Unrestricted",""
"Indonesia","Net (credits less debits)","Goods and services","US dollar","Quarterly","1989-Q2","819000000","Millions","Millions","","Reported official data","","true","","Balance of Payments and International Investment Position Manual, Sixth Edition (BPM6)","Public (Unrestricted)","","Public or Unrestricted",""
"Indonesia","Net (credits less debits)","Goods and services","US dollar","Quarterly","1989-Q3","761000000","Millions","Millions","","Reported official data","","true","","Balance of Payments and International Investment Position Manual, Sixth Edition (BPM6)","Public (Unrestricted)","","Public or Unrestricted",""
"Indonesia","Net (credits less debits)","Goods and services","US dollar","Quarterly","1989-Q4","821000000","Millions","Millions","","Reported official data","","true","","Balance of Payments and International Investment Position Manual, Sixth Edition (BPM6)","Public (Unrestricted)","","Public or Unrestricted",""
"Indonesia","Net (credits less debits)","Goods and services","US dollar","Quarterly","1990-Q1","424000000","Millions","Millions","","Reported official data","","true","","Balance of Payments and International Investment Position Manual, Sixth Edition (BPM6)","Public (Unrestricted)","","Public or Unrestricted",""
"Indonesia","Net (credits less debits)","Goods and services","US dollar","Quarterly","1990-Q2","83000000","Millions","Millions","","Reported official data","","true","","Balance of Payments and International Investment Position Manual, Sixth Edition (BPM6)","Public (Unrestricted)","","Public or Unrestricted",""
"Indonesia","Net (credits less debits)","Goods and services","US dollar","Quarterly","1990-Q3","71000000","Millions","Millions","","Reported official data","","true","","Balance of Payments and International Investment Position Manual, Sixth Edition (BPM6)","Public (Unrestricted)","","Public or Unrestricted",""
"Indonesia","Net (credits less debits)","Goods and services","US dollar","Quarterly","1990-Q4","1206000000","Millions","Millions","","Reported official data","","true","","Balance of Payments and International Investment Position Manual, Sixth Edition (BPM6)","Public (Unrestricted)","","Public or Unrestricted",""
"Indonesia","Net (credits less debits)","Goods and services","US dollar","Quarterly","1991-Q1","152000000","Millions","Millions","","Reported official data","","true","","Balance of Payments and International Investment Position Manual, Sixth Edition (BPM6)","Public (Unrestricted)","","Public or Unrestricted",""
"Indonesia","Net (credits less debits)","Goods and services","US dollar","Quarterly","1991-Q2","-71000000","Millions","Millions","","Reported official data","","true","","Balance of Payments and International Investment Position Manual, Sixth Edition (BPM6)","Public (Unrestricted)","","Public or Unrestricted",""
"Indonesia","Net (credits less debits)","Goods and services","US dollar","Quarterly","1991-Q3","472000000","Millions","Millions","","Reported official data","","true","","Balance of Payments and International Investment Position Manual, Sixth Edition (BPM6)","Public (Unrestricted)","","Public or Unrestricted",""
"Indonesia","Net (credits less debits)","Goods and services","US dollar","Quarterly","1991-Q4","506000000","Millions","Millions","","Reported official data","","true","","Balance of Payments and International Investment Position Manual, Sixth Edition (BPM6)","Public (Unrestricted)","","Public or Unrestricted",""
"Indonesia","Net (credits less debits)","Goods and services","US dollar","Quarterly","1992-Q1","170000000","Millions","Millions","","Reported official data","","true","","Balance of Payments and International Investment Position Manual, Sixth Edition (BPM6)","Public (Unrestricted)","","Public or Unrestricted",""
"Indonesia","Net (credits less debits)","Goods and services","US dollar","Quarterly","1992-Q2","51000000","Millions","Millions","","Reported official data","","true","","Balance of Payments and International Investment Position Manual, Sixth Edition (BPM6)","Public (Unrestricted)","","Public or Unrestricted",""
"Indonesia","Net (credits less debits)","Goods and services","US dollar","Quarterly","1992-Q3","700000000","Millions","Millions","","Reported official data","","true","","Balance of Payments and International Investment Position Manual, Sixth Edition (BPM6)","Public (Unrestricted)","","Public or Unrestricted",""
"Indonesia","Net (credits less debits)","Goods and services","US dollar","Quarterly","1992-Q4","1392000000","Millions","Millions","","Reported official data","","true","","Balance of Payments and International Investment Position Manual, Sixth Edition (BPM6)","Public (Unrestricted)","","Public or Unrestricted",""
"Indonesia","Net (credits less debits)","Goods and services","US dollar","Quarterly","1993-Q1","919000000","Millions","Millions","","Reported official data","","true","","Balance of Payments and International Investment Position Manual, Sixth Edition (BPM6)","Public (Unrestricted)","","Public or Unrestricted",""
"Indonesia","Net (credits less debits)","Goods and services","US dollar","Quarterly","1993-Q2","1081000000","Millions","Millions","","Reported official data","","true","","Balance of Payments and International Investment Position Manual, Sixth Edition (BPM6)","Public (Unrestricted)","","Public or Unrestricted",""
"Indonesia","Net (credits less debits)","Goods and services","US dollar","Quarterly","1993-Q3","477000000","Millions","Millions","","Reported official data","","true","","Balance of Payments and International Investment Position Manual, Sixth Edition (BPM6)","Public (Unrestricted)","","Public or Unrestricted",""
"Indonesia","Net (credits less debits)","Goods and services","US dollar","Quarterly","1993-Q4","-133000000","Millions","Millions","","Reported official data","","true","","Balance of Payments and International Investment Position Manual, Sixth Edition (BPM6)","Public (Unrestricted)","","Public or Unrestricted",""
"Indonesia","Net (credits less debits)","Goods and services","US dollar","Quarterly","1994-Q1","-313000000","Millions","Millions","","Reported official data","","true","","Balance of Payments and International Investment Position Manual, Sixth Edition (BPM6)","Public (Unrestricted)","","Public or Unrestricted",""
"Indonesia","Net (credits less debits)","Goods and services","US dollar","Quarterly","1994-Q2","428500000","Millions","Millions","","Reported official data","","true","","Balance of Payments and International Investment Position Manual, Sixth Edition (BPM6)","Public (Unrestricted)","","Public or Unrestricted",""
"Indonesia","Net (credits less debits)","Goods and services","US dollar","Quarterly","1994-Q3","873000000","Millions","Millions","","Reported official data","","true","","Balance of Payments and International Investment Position Manual, Sixth Edition (BPM6)","Public (Unrestricted)","","Public or Unrestricted",""
"Indonesia","Net (credits less debits)","Goods and services","US dollar","Quarterly","1994-Q4","293500000","Millions","Millions","","Reported official data","","true","","Balance of Payments and International Investment Position Manual, Sixth Edition (BPM6)","Public (Unrestricted)","","Public or Unrestricted",""
"Indonesia","Net (credits less debits)","Goods and services","US dollar","Quarterly","1995-Q1","-443000000","Millions","Millions","","Reported official data","","true","","Balance of Payments and International Investment Position Manual, Sixth Edition (BPM6)","Public (Unrestricted)","","Public or Unrestricted",""
"Indonesia","Net (credits less debits)","Goods and services","US dollar","Quarterly","1995-Q2","-731000000","Millions","Millions","","Reported official data","","true","","Balance of Payments and International Investment Position Manual, Sixth Edition (BPM6)","Public (Unrestricted)","","Public or Unrestricted",""
"Indonesia","Net (credits less debits)","Goods and services","US dollar","Quarterly","1995-Q3","-532000000","Millions","Millions","","Reported official data","","true","","Balance of Payments and International Investment Position Manual, Sixth Edition (BPM6)","Public (Unrestricted)","","Public or Unrestricted",""
"Indonesia","Net (credits less debits)","Goods and services","US dollar","Quarterly","1995-Q4","168000000","Millions","Millions","","Reported official data","","true","","Balance of Payments and International Investment Position Manual, Sixth Edition (BPM6)","Public (Unrestricted)","","Public or Unrestricted",""
"Indonesia","Net (credits less debits)","Goods and services","US dollar","Quarterly","1996-Q1","-803000000","Millions","Millions","","Reported official data","","true","","Balance of Payments and International Investment Position Manual, Sixth Edition (BPM6)","Public (Unrestricted)","","Public or Unrestricted",""
"Indonesia","Net (credits less debits)","Goods and services","US dollar","Quarterly","1996-Q2","-1380000000","Millions","Millions","","Reported official data","","true","","Balance of Payments and International Investment Position Manual, Sixth Edition (BPM6)","Public (Unrestricted)","","Public or Unrestricted",""
"Indonesia","Net (credits less debits)","Goods and services","US dollar","Quarterly","1996-Q3","-725000000","Millions","Millions","","Reported official data","","true","","Balance of Payments and International Investment Position Manual, Sixth Edition (BPM6)","Public (Unrestricted)","","Public or Unrestricted",""
"Indonesia","Net (credits less debits)","Goods and services","US dollar","Quarterly","1996-Q4","316000000","Millions","Millions","","Reported official data","","true","","Balance of Payments and International Investment Position Manual, Sixth Edition (BPM6)","Public (Unrestricted)","","Public or Unrestricted",""
"Indonesia","Net (credits less debits)","Goods and services","US dollar","Quarterly","1997-Q1","-1000000000","Millions","Millions","","Reported official data","","true","","Balance of Payments and International Investment Position Manual, Sixth Edition (BPM6)","Public (Unrestricted)","","Public or Unrestricted",""
"Indonesia","Net (credits less debits)","Goods and services","US dollar","Quarterly","1997-Q2","516000000","Millions","Millions","","Reported official data","","true","","Balance of Payments and International Investment Position Manual, Sixth Edition (BPM6)","Public (Unrestricted)","","Public or Unrestricted",""
"Indonesia","Net (credits less debits)","Goods and services","US dollar","Quarterly","1997-Q3","-44000000","Millions","Millions","","Reported official data","","true","","Balance of Payments and International Investment Position Manual, Sixth Edition (BPM6)","Public (Unrestricted)","","Public or Unrestricted",""
"Indonesia","Net (credits less debits)","Goods and services","US dollar","Quarterly","1997-Q4","937000000","Millions","Millions","","Reported official data","","true","","Balance of Payments and International Investment Position Manual, Sixth Edition (BPM6)","Public (Unrestricted)","","Public or Unrestricted",""
"Indonesia","Net (credits less debits)","Goods and services","US dollar","Quarterly","1998-Q1","2690686505.28541","Millions","Millions","","Reported official data","","true","","Balance of Payments and International Investment Position Manual, Sixth Edition (BPM6)","Public (Unrestricted)","","Public or Unrestricted",""
"Indonesia","Net (credits less debits)","Goods and services","US dollar","Quarterly","1998-Q2","2474561242.19291","Millions","Millions","","Reported official data","","true","","Balance of Payments and International Investment Position Manual, Sixth Edition (BPM6)","Public (Unrestricted)","","Public or Unrestricted",""
"Indonesia","Net (credits less debits)","Goods and services","US dollar","Quarterly","1998-Q3","3277016718.85738","Millions","Millions","","Reported official data","","true","","Balance of Payments and International Investment Position Manual, Sixth Edition (BPM6)","Public (Unrestricted)","","Public or Unrestricted",""
"Indonesia","Net (credits less debits)","Goods and services","US dollar","Quarterly","1998-Q4","2377349960.49935","Millions","Millions","","Reported official data","","true","","Balance of Payments and International Investment Position Manual, Sixth Edition (BPM6)","Public (Unrestricted)","","Public or Unrestricted",""
"Indonesia","Net (credits less debits)","Goods and services","US dollar","Quarterly","1999-Q1","2880133687.34861","Millions","Millions","","Reported official data","","true","","Balance of Payments and International Investment Position Manual, Sixth Edition (BPM6)","Public (Unrestricted)","","Public or Unrestricted",""
"Indonesia","Net (credits less debits)","Goods and services","US dollar","Quarterly","1999-Q2","2494474860.55246","Millions","Millions","","Reported official data","","true","","Balance of Payments and International Investment Position Manual, Sixth Edition (BPM6)","Public (Unrestricted)","","Public or Unrestricted",""
"Indonesia","Net (credits less debits)","Goods and services","US dollar","Quarterly","1999-Q3","4200678469.67588","Millions","Millions","","Reported official data","","true","","Balance of Payments and International Investment Position Manual, Sixth Edition (BPM6)","Public (Unrestricted)","","Public or Unrestricted",""
"Indonesia","Net (credits less debits)","Goods and services","US dollar","Quarterly","1999-Q4","3290670519.15997","Millions","Millions","","Reported official data","","true","","Balance of Payments and International Investment Position Manual, Sixth Edition (BPM6)","Public (Unrestricted)","","Public or Unrestricted",""
"Indonesia","Net (credits less debits)","Goods and services","US dollar","Quarterly","2000-Q1","3720432752.66071","Millions","Millions","","Reported official data","","true","","Balance of Payments and International Investment Position Manual, Sixth Edition (BPM6)","Public (Unrestricted)","","Public or Unrestricted",""
"Indonesia","Net (credits less debits)","Goods and services","US dollar","Quarterly","2000-Q2","3039444417.3913","Millions","Millions","","Reported official data","","true","","Balance of Payments and International Investment Position Manual, Sixth Edition (BPM6)","Public (Unrestricted)","","Public or Unrestricted",""
"Indonesia","Net (credits less debits)","Goods and services","US dollar","Quarterly","2000-Q3","3525970586.52174","Millions","Millions","","Reported official data","","true","","Balance of Payments and International Investment Position Manual, Sixth Edition (BPM6)","Public (Unrestricted)","","Public or Unrestricted",""
"Indonesia","Net (credits less debits)","Goods and services","US dollar","Quarterly","2000-Q4","4333210230","Millions","Millions","","Reported official data","","true","","Balance of Payments and International Investment Position Manual, Sixth Edition (BPM6)","Public (Unrestricted)","","Public or Unrestricted",""
"Indonesia","Net (credits less debits)","Goods and services","US dollar","Quarterly","2001-Q1","3155608839.13043","Millions","Millions","","Reported official data","","true","","Balance of Payments and International Investment Position Manual, Sixth Edition (BPM6)","Public (Unrestricted)","","Public or Unrestricted",""
"Indonesia","Net (credits less debits)","Goods and services","US dollar","Quarterly","2001-Q2","2905965295.65217","Millions","Millions","","Reported official data","","true","","Balance of Payments and International Investment Position Manual, Sixth Edition (BPM6)","Public (Unrestricted)","","Public or Unrestricted",""
"Indonesia","Net (credits less debits)","Goods and services","US dollar","Quarterly","2001-Q3","3359691739.13043","Millions","Millions","","Reported official data","","true","","Balance of Payments and International Investment Position Manual, Sixth Edition (BPM6)","Public (Unrestricted)","","Public or Unrestricted",""
"Indonesia","Net (credits less debits)","Goods and services","US dollar","Quarterly","2001-Q4","2895135217.3913","Millions","Millions","","Reported official data","","true","","Balance of Payments and International Investment Position Manual, Sixth Edition (BPM6)","Public (Unrestricted)","","Public or Unrestricted",""
"Indonesia","Net (credits less debits)","Goods and services","US dollar","Quarterly","2002-Q1","2635906627.49521","Millions","Millions","","Reported official data","","true","","Balance of Payments and International Investment Position Manual, Sixth Edition (BPM6)","Public (Unrestricted)","","Public or Unrestricted",""
"Indonesia","Net (credits less debits)","Goods and services","US dollar","Quarterly","2002-Q2","3960535605.93046","Millions","Millions","","Reported official data","","true","","Balance of Payments and International Investment Position Manual, Sixth Edition (BPM6)","Public (Unrestricted)","","Public or Unrestricted",""
"Indonesia","Net (credits less debits)","Goods and services","US dollar","Quarterly","2002-Q3","3541439268.22142","Millions","Millions","","Reported official data","","true","","Balance of Payments and International Investment Position Manual, Sixth Edition (BPM6)","Public (Unrestricted)","","Public or Unrestricted",""
"Indonesia","Net (credits less debits)","Goods and services","US dollar","Quarterly","2002-Q4","2993388830.73931","Millions","Millions","","Reported official data","","true","","Balance of Payments and International Investment Position Manual, Sixth Edition (BPM6)","Public (Unrestricted)","","Public or Unrestricted",""
"Indonesia","Net (credits less debits)","Goods and services","US dollar","Quarterly","2003-Q1","2533953296.36267","Millions","Millions","","Reported official data","","true","","Balance of Payments and International Investment Position Manual, Sixth Edition (BPM6)","Public (Unrestricted)","","Public or Unrestricted",""
"Indonesia","Net (credits less debits)","Goods and services","US dollar","Quarterly","2003-Q2","3407299537.7741","Millions","Millions","","Reported official data","","true","","Balance of Payments and International Investment Position Manual, Sixth Edition (BPM6)","Public (Unrestricted)","","Public or Unrestricted",""
"Indonesia","Net (credits less debits)","Goods and services","US dollar","Quarterly","2003-Q3","2936846125.31764","Millions","Millions","","Reported official data","","true","","Balance of Payments and International Investment Position Manual, Sixth Edition (BPM6)","Public (Unrestricted)","","Public or Unrestricted",""
"Indonesia","Net (credits less debits)","Goods and services","US dollar","Quarterly","2003-Q4","3577441704.70041","Millions","Millions","","Reported official data","","true","","Balance of Payments and International Investment Position Manual, Sixth Edition (BPM6)","Public (Unrestricted)","","Public or Unrestricted",""
"Indonesia","Net (credits less debits)","Goods and services","US dollar","Quarterly","2004-Q1","62508876.58241","Millions","Millions","","Reported official data","","true","","Balance of Payments and International Investment Position Manual, Sixth Edition (BPM6)","Public (Unrestricted)","","Public or Unrestricted",""
"Indonesia","Net (credits less debits)","Goods and services","US dollar","Quarterly","2004-Q2","3840348264.84472","Millions","Millions","","Reported official data","","true","","Balance of Payments and International Investment Position Manual, Sixth Edition (BPM6)","Public (Unrestricted)","","Public or Unrestricted",""
"Indonesia","Net (credits less debits)","Goods and services","US dollar","Quarterly","2004-Q3","4360328360.4539","Millions","Millions","","Reported official data","","true","","Balance of Payments and International Investment Position Manual, Sixth Edition (BPM6)","Public (Unrestricted)","","Public or Unrestricted",""
"Indonesia","Net (credits less debits)","Goods and services","US dollar","Quarterly","2004-Q4","3078213986.51027","Millions","Millions","","Reported official data","","true","","Balance of Payments and International Investment Position Manual, Sixth Edition (BPM6)","Public (Unrestricted)","","Public or Unrestricted",""
"Indonesia","Net (credits less debits)","Goods and services","US dollar","Quarterly","2005-Q1","1265800184.71398","Millions","Millions","","Reported official data","","true","","Balance of Payments and International Investment Position Manual, Sixth Edition (BPM6)","Public (Unrestricted)","","Public or Unrestricted",""
"Indonesia","Net (credits less debits)","Goods and services","US dollar","Quarterly","2005-Q2","2880290577.26102","Millions","Millions","","Reported official data","","true","","Balance of Payments and International Investment Position Manual, Sixth Edition (BPM6)","Public (Unrestricted)","","Public or Unrestricted",""
"Indonesia","Net (credits less debits)","Goods and services","US dollar","Quarterly","2005-Q3","1196654029.4077","Millions","Millions","","Reported official data","","true","","Balance of Payments and International Investment Position Manual, Sixth Edition (BPM6)","Public (Unrestricted)","","Public or Unrestricted",""
"Indonesia","Net (credits less debits)","Goods and services","US dollar","Quarterly","2005-Q4","3068475536.90605","Millions","Millions","","Reported official data","","true","","Balance of Payments and International Investment Position Manual, Sixth Edition (BPM6)","Public (Unrestricted)","","Public or Unrestricted",""
"Indonesia","Net (credits less debits)","Goods and services","US dollar","Quarterly","2006-Q1","4402079373.77648","Millions","Millions","","Reported official data","","true","","Balance of Payments and International Investment Position Manual, Sixth Edition (BPM6)","Public (Unrestricted)","","Public or Unrestricted",""
"Indonesia","Net (credits less debits)","Goods and services","US dollar","Quarterly","2006-Q2","4633451739.53956","Millions","Millions","","Reported official data","","true","","Balance of Payments and International Investment Position Manual, Sixth Edition (BPM6)","Public (Unrestricted)","","Public or Unrestricted",""
"Indonesia","Net (credits less debits)","Goods and services","US dollar","Quarterly","2006-Q3","6193992287.93458","Millions","Millions","","Reported official data","","true","","Balance of Payments and International Investment Position Manual, Sixth Edition (BPM6)","Public (Unrestricted)","","Public or Unrestricted",""
"Indonesia","Net (credits less debits)","Goods and services","US dollar","Quarterly","2006-Q4","4556478390.08532","Millions","Millions","","Reported official data","","true","","Balance of Payments and International Investment Position Manual, Sixth Edition (BPM6)","Public (Unrestricted)","","Public or Unrestricted",""
"Indonesia","Net (credits less debits)","Goods and services","US dollar","Quarterly","2007-Q1","4547345676.48289","Millions","Millions","","Reported official data","","true","","Balance of Payments and International Investment Position Manual, Sixth Edition (BPM6)","Public (Unrestricted)","","Public or Unrestricted",""
"Indonesia","Net (credits less debits)","Goods and services","US dollar","Quarterly","2007-Q2","5115556484.60295","Millions","Millions","","Reported official data","","true","","Balance of Payments and International Investment Position Manual, Sixth Edition (BPM6)","Public (Unrestricted)","","Public or Unrestricted",""
"Indonesia","Net (credits less debits)","Goods and services","US dollar","Quarterly","2007-Q3","4722803817.53765","Millions","Millions","","Reported official data","","true","","Balance of Payments and International Investment Position Manual, Sixth Edition (BPM6)","Public (Unrestricted)","","Public or Unrestricted",""
"Indonesia","Net (credits less debits)","Goods and services","US dollar","Quarterly","2007-Q4","6526010002.66547","Millions","Millions","","Reported official data","","true","","Balance of Payments and International Investment Position Manual, Sixth Edition (BPM6)","Public (Unrestricted)","","Public or Unrestricted",""
"Indonesia","Net (credits less debits)","Goods and services","US dollar","Quarterly","2008-Q1","4464746161.46298","Millions","Millions","","Reported official data","","true","","Balance of Payments and International Investment Position Manual, Sixth Edition (BPM6)","Public (Unrestricted)","","Public or Unrestricted",""
"Indonesia","Net (credits less debits)","Goods and services","US dollar","Quarterly","2008-Q2","2055594016.86367","Millions","Millions","","Reported official data","","true","","Balance of Payments and International Investment Position Manual, Sixth Edition (BPM6)","Public (Unrestricted)","","Public or Unrestricted",""
"Indonesia","Net (credits less debits)","Goods and services","US dollar","Quarterly","2008-Q3","2458397404.2329","Millions","Millions","","Reported official data","","true","","Balance of Payments and International Investment Position Manual, Sixth Edition (BPM6)","Public (Unrestricted)","","Public or Unrestricted",""
"Indonesia","Net (credits less debits)","Goods and services","US dollar","Quarterly","2008-Q4","939020944.52706","Millions","Millions","","Reported official data","","true","","Balance of Payments and International Investment Position Manual, Sixth Edition (BPM6)","Public (Unrestricted)","","Public or Unrestricted",""
"Indonesia","Net (credits less debits)","Goods and services","US dollar","Quarterly","2009-Q1","4380250277.12076","Millions","Millions","","Reported official data","","true","","Balance of Payments and International Investment Position Manual, Sixth Edition (BPM6)","Public (Unrestricted)","","Public or Unrestricted",""
"Indonesia","Net (credits less debits)","Goods and services","US dollar","Quarterly","2009-Q2","5017640285.54711","Millions","Millions","","Reported official data","","true","","Balance of Payments and International Investment Position Manual, Sixth Edition (BPM6)","Public (Unrestricted)","","Public or Unrestricted",""
"Indonesia","Net (credits less debits)","Goods and services","US dollar","Quarterly","2009-Q3","4681769361.03948","Millions","Millions","","Reported official data","","true","","Balance of Payments and International Investment Position Manual, Sixth Edition (BPM6)","Public (Unrestricted)","","Public or Unrestricted",""
"Indonesia","Net (credits less debits)","Goods and services","US dollar","Quarterly","2009-Q4","7111376354.16729","Millions","Millions","","Reported official data","","true","","Balance of Payments and International Investment Position Manual, Sixth Edition (BPM6)","Public (Unrestricted)","","Public or Unrestricted",""
"Indonesia","Net (credits less debits)","Goods and services","US dollar","Quarterly","2010-Q1","4823409646.65974","Millions","Millions","","Reported official data","","true","","Balance of Payments and International Investment Position Manual, Sixth Edition (BPM6)","Public (Unrestricted)","","Public or Unrestricted",""
"Indonesia","Net (credits less debits)","Goods and services","US dollar","Quarterly","2010-Q2","4549735035.68779","Millions","Millions","","Reported official data","","true","","Balance of Payments and International Investment Position Manual, Sixth Edition (BPM6)","Public (Unrestricted)","","Public or Unrestricted",""
"Indonesia","Net (credits less debits)","Goods and services","US dollar","Quarterly","2010-Q3","5420055146.39911","Millions","Millions","","Reported official data","","true","","Balance of Payments and International Investment Position Manual, Sixth Edition (BPM6)","Public (Unrestricted)","","Public or Unrestricted",""
"Indonesia","Net (credits less debits)","Goods and services","US dollar","Quarterly","2010-Q4","6418949066.83408","Millions","Millions","","Reported official data","","true","","Balance of Payments and International Investment Position Manual, Sixth Edition (BPM6)","Public (Unrestricted)","","Public or Unrestricted",""
"Indonesia","Net (credits less debits)","Goods and services","US dollar","Quarterly","2011-Q1","7418055799.65208","Millions","Millions","","Reported official data","","true","","Balance of Payments and International Investment Position Manual, Sixth Edition (BPM6)","Public (Unrestricted)","","Public or Unrestricted",""
"Indonesia","Net (credits less debits)","Goods and services","US dollar","Quarterly","2011-Q2","6049708741.09791","Millions","Millions","","Reported official data","","true","","Balance of Payments and International Investment Position Manual, Sixth Edition (BPM6)","Public (Unrestricted)","","Public or Unrestricted",""
"Indonesia","Net (credits less debits)","Goods and services","US dollar","Quarterly","2011-Q3","7116682565.9051","Millions","Millions","","Reported official data","","true","","Balance of Payments and International Investment Position Manual, Sixth Edition (BPM6)","Public (Unrestricted)","","Public or Unrestricted",""
"Indonesia","Net (credits less debits)","Goods and services","US dollar","Quarterly","2011-Q4","3437277651.85511","Millions","Millions","","Reported official data","","true","","Balance of Payments and International Investment Position Manual, Sixth Edition (BPM6)","Public (Unrestricted)","","Public or Unrestricted",""
"Indonesia","Net (credits less debits)","Goods and services","US dollar","Quarterly","2012-Q1","1794144247.53247","Millions","Millions","","Reported official data","","true","","Balance of Payments and International Investment Position Manual, Sixth Edition (BPM6)","Public (Unrestricted)","","Public or Unrestricted",""
"Indonesia","Net (credits less debits)","Goods and services","US dollar","Quarterly","2012-Q2","-2024200030.04186","Millions","Millions","","Reported official data","","true","","Balance of Payments and International Investment Position Manual, Sixth Edition (BPM6)","Public (Unrestricted)","","Public or Unrestricted",""
"Indonesia","Net (credits less debits)","Goods and services","US dollar","Quarterly","2012-Q3","791803257.09054","Millions","Millions","","Reported official data","","true","","Balance of Payments and International Investment Position Manual, Sixth Edition (BPM6)","Public (Unrestricted)","","Public or Unrestricted",""
"Indonesia","Net (credits less debits)","Goods and services","US dollar","Quarterly","2012-Q4","-2446163003.92735","Millions","Millions","","Reported official data","","true","","Balance of Payments and International Investment Position Manual, Sixth Edition (BPM6)","Public (Unrestricted)","","Public or Unrestricted",""
"Indonesia","Net (credits less debits)","Goods and services","US dollar","Quarterly","2013-Q1","-1031081668.56901","Millions","Millions","","Reported official data","","true","","Balance of Payments and International Investment Position Manual, Sixth Edition (BPM6)","Public (Unrestricted)","","Public or Unrestricted",""
"Indonesia","Net (credits less debits)","Goods and services","US dollar","Quarterly","2013-Q2","-4108020166.14869","Millions","Millions","","Reported official data","","true","","Balance of Payments and International Investment Position Manual, Sixth Edition (BPM6)","Public (Unrestricted)","","Public or Unrestricted",""
"Indonesia","Net (credits less debits)","Goods and services","US dollar","Quarterly","2013-Q3","-2696095826.44664","Millions","Millions","","Reported official data","","true","","Balance of Payments and International Investment Position Manual, Sixth Edition (BPM6)","Public (Unrestricted)","","Public or Unrestricted",""
"Indonesia","Net (credits less debits)","Goods and services","US dollar","Quarterly","2013-Q4","1598087909.47859","Millions","Millions","","Reported official data","","true","","Balance of Payments and International Investment Position Manual, Sixth Edition (BPM6)","Public (Unrestricted)","","Public or Unrestricted",""
"Indonesia","Net (credits less debits)","Goods and services","US dollar","Quarterly","2014-Q1","1218229425.7178","Millions","Millions","","Reported official data","","true","","Balance of Payments and International Investment Position Manual, Sixth Edition (BPM6)","Public (Unrestricted)","","Public or Unrestricted",""
"Indonesia","Net (credits less debits)","Goods and services","US dollar","Quarterly","2014-Q2","-3206349478.51944","Millions","Millions","","Reported official data","","true","","Balance of Payments and International Investment Position Manual, Sixth Edition (BPM6)","Public (Unrestricted)","","Public or Unrestricted",""
"Indonesia","Net (credits less debits)","Goods and services","US dollar","Quarterly","2014-Q3","-925663975.35421","Millions","Millions","","Reported official data","","true","","Balance of Payments and International Investment Position Manual, Sixth Edition (BPM6)","Public (Unrestricted)","","Public or Unrestricted",""
"Indonesia","Net (credits less debits)","Goods and services","US dollar","Quarterly","2014-Q4","-113341026.22413","Millions","Millions","","Reported official data","","true","","Balance of Payments and International Investment Position Manual, Sixth Edition (BPM6)","Public (Unrestricted)","","Public or Unrestricted",""
"Indonesia","Net (credits less debits)","Goods and services","US dollar","Quarterly","2015-Q1","1375059793.57814","Millions","Millions","","Reported official data","","true","","Balance of Payments and International Investment Position Manual, Sixth Edition (BPM6)","Public (Unrestricted)","","Public or Unrestricted",""
"Indonesia","Net (credits less debits)","Goods and services","US dollar","Quarterly","2015-Q2","1541871535.92124","Millions","Millions","","Reported official data","","true","","Balance of Payments and International Investment Position Manual, Sixth Edition (BPM6)","Public (Unrestricted)","","Public or Unrestricted",""
"Indonesia","Net (credits less debits)","Goods and services","US dollar","Quarterly","2015-Q3","1955088015.23235","Millions","Millions","","Reported official data","","true","","Balance of Payments and International Investment Position Manual, Sixth Edition (BPM6)","Public (Unrestricted)","","Public or Unrestricted",""
"Indonesia","Net (credits less debits)","Goods and services","US dollar","Quarterly","2015-Q4","479879667.49914","Millions","Millions","","Reported official data","","true","","Balance of Payments and International Investment Position Manual, Sixth Edition (BPM6)","Public (Unrestricted)","","Public or Unrestricted",""
"Indonesia","Net (credits less debits)","Goods and services","US dollar","Quarterly","2016-Q1","1426121067.48017","Millions","Millions","","Reported official data","","true","","Balance of Payments and International Investment Position Manual, Sixth Edition (BPM6)","Public (Unrestricted)","","Public or Unrestricted",""
"Indonesia","Net (credits less debits)","Goods and services","US dollar","Quarterly","2016-Q2","1283018070.25666","Millions","Millions","","Reported official data","","true","","Balance of Payments and International Investment Position Manual, Sixth Edition (BPM6)","Public (Unrestricted)","","Public or Unrestricted",""
"Indonesia","Net (credits less debits)","Goods and services","US dollar","Quarterly","2016-Q3","2168504224.65701","Millions","Millions","","Reported official data","","true","","Balance of Payments and International Investment Position Manual, Sixth Edition (BPM6)","Public (Unrestricted)","","Public or Unrestricted",""
"Indonesia","Net (credits less debits)","Goods and services","US dollar","Quarterly","2016-Q4","3356681597.57817","Millions","Millions","","Reported official data","","true","","Balance of Payments and International Investment Position Manual, Sixth Edition (BPM6)","Public (Unrestricted)","","Public or Unrestricted",""
"Indonesia","Net (credits less debits)","Goods and services","US dollar","Quarterly","2017-Q1","4528807954.09441","Millions","Millions","","Reported official data","","true","","Balance of Payments and International Investment Position Manual, Sixth Edition (BPM6)","Public (Unrestricted)","","Public or Unrestricted",""
"Indonesia","Net (credits less debits)","Goods and services","US dollar","Quarterly","2017-Q2","2785582903.00068","Millions","Millions","","Reported official data","","true","","Balance of Payments and International Investment Position Manual, Sixth Edition (BPM6)","Public (Unrestricted)","","Public or Unrestricted",""
"Indonesia","Net (credits less debits)","Goods and services","US dollar","Quarterly","2017-Q3","3169973847.74762","Millions","Millions","","Reported official data","","true","","Balance of Payments and International Investment Position Manual, Sixth Edition (BPM6)","Public (Unrestricted)","","Public or Unrestricted",""
"Indonesia","Net (credits less debits)","Goods and services","US dollar","Quarterly","2017-Q4","950404023.92431","Millions","Millions","","Reported official data","","true","","Balance of Payments and International Investment Position Manual, Sixth Edition (BPM6)","Public (Unrestricted)","","Public or Unrestricted",""
"Indonesia","Net (credits less debits)","Goods and services","US dollar","Quarterly","2018-Q1","984451104.28622","Millions","Millions","","Reported official data","","true","","Balance of Payments and International Investment Position Manual, Sixth Edition (BPM6)","Public (Unrestricted)","","Public or Unrestricted",""
"Indonesia","Net (credits less debits)","Goods and services","US dollar","Quarterly","2018-Q2","-1369414177.18357","Millions","Millions","","Reported official data","","true","","Balance of Payments and International Investment Position Manual, Sixth Edition (BPM6)","Public (Unrestricted)","","Public or Unrestricted",""
"Indonesia","Net (credits less debits)","Goods and services","US dollar","Quarterly","2018-Q3","-2186014022.86988","Millions","Millions","","Reported official data","","true","","Balance of Payments and International Investment Position Manual, Sixth Edition (BPM6)","Public (Unrestricted)","","Public or Unrestricted",""
"Indonesia","Net (credits less debits)","Goods and services","US dollar","Quarterly","2018-Q4","-4142396211.47871","Millions","Millions","","Reported official data","","true","","Balance of Payments and International Investment Position Manual, Sixth Edition (BPM6)","Public (Unrestricted)","","Public or Unrestricted",""
"Indonesia","Net (credits less debits)","Goods and services","US dollar","Quarterly","2019-Q1","-252773563.49722","Millions","Millions","","Reported official data","","true","","Balance of Payments and International Investment Position Manual, Sixth Edition (BPM6)","Public (Unrestricted)","","Public or Unrestricted",""
"Indonesia","Net (credits less debits)","Goods and services","US dollar","Quarterly","2019-Q2","-1298504330.17188","Millions","Millions","","Reported official data","","true","","Balance of Payments and International Investment Position Manual, Sixth Edition (BPM6)","Public (Unrestricted)","","Public or Unrestricted",""
"Indonesia","Net (credits less debits)","Goods and services","US dollar","Quarterly","2019-Q3","-883756278.46838","Millions","Millions","","Reported official data","","true","","Balance of Payments and International Investment Position Manual, Sixth Edition (BPM6)","Public (Unrestricted)","","Public or Unrestricted",""
"Indonesia","Net (credits less debits)","Goods and services","US dollar","Quarterly","2019-Q4","-1698290305.38749","Millions","Millions","","Reported official data","","true","","Balance of Payments and International Investment Position Manual, Sixth Edition (BPM6)","Public (Unrestricted)","","Public or Unrestricted",""
"Indonesia","Net (credits less debits)","Goods and services","US dollar","Quarterly","2020-Q1","2853321659.29784","Millions","Millions","","Reported official data","","true","","Balance of Payments and International Investment Position Manual, Sixth Edition (BPM6)","Public (Unrestricted)","","Public or Unrestricted",""
"Indonesia","Net (credits less debits)","Goods and services","US dollar","Quarterly","2020-Q2","1804763508.88699","Millions","Millions","","Reported official data","","true","","Balance of Payments and International Investment Position Manual, Sixth Edition (BPM6)","Public (Unrestricted)","","Public or Unrestricted",""
"Indonesia","Net (credits less debits)","Goods and services","US dollar","Quarterly","2020-Q3","7023843246.9188","Millions","Millions","","Reported official data","","true","","Balance of Payments and International Investment Position Manual, Sixth Edition (BPM6)","Public (Unrestricted)","","Public or Unrestricted",""
"Indonesia","Net (credits less debits)","Goods and services","US dollar","Quarterly","2020-Q4","6863865901.00719","Millions","Millions","","Reported official data","","true","","Balance of Payments and International Investment Position Manual, Sixth Edition (BPM6)","Public (Unrestricted)","","Public or Unrestricted",""
"Indonesia","Net (credits less debits)","Goods and services","US dollar","Quarterly","2021-Q1","4181831023.14992","Millions","Millions","","Reported official data","","true","","Balance of Payments and International Investment Position Manual, Sixth Edition (BPM6)","Public (Unrestricted)","","Public or Unrestricted",""
"Indonesia","Net (credits less debits)","Goods and services","US dollar","Quarterly","2021-Q2","4676989715.56084","Millions","Millions","","Reported official data","","true","","Balance of Payments and International Investment Position Manual, Sixth Edition (BPM6)","Public (Unrestricted)","","Public or Unrestricted",""
"Indonesia","Net (credits less debits)","Goods and services","US dollar","Quarterly","2021-Q3","11877442827.2789","Millions","Millions","","Reported official data","","true","","Balance of Payments and International Investment Position Manual, Sixth Edition (BPM6)","Public (Unrestricted)","","Public or Unrestricted",""
"Indonesia","Net (credits less debits)","Goods and services","US dollar","Quarterly","2021-Q4","8471239009.02186","Millions","Millions","","Reported official data","","true","","Balance of Payments and International Investment Position Manual, Sixth Edition (BPM6)","Public (Unrestricted)","","Public or Unrestricted",""
"Indonesia","Net (credits less debits)","Goods and services","US dollar","Quarterly","2022-Q1","6966447423.75428","Millions","Millions","","Reported official data","","true","","Balance of Payments and International Investment Position Manual, Sixth Edition (BPM6)","Public (Unrestricted)","","Public or Unrestricted",""
"Indonesia","Net (credits less debits)","Goods and services","US dollar","Quarterly","2022-Q2","11825278255.91974","Millions","Millions","","Reported official data","","true","","Balance of Payments and International Investment Position Manual, Sixth Edition (BPM6)","Public (Unrestricted)","","Public or Unrestricted",""
"Indonesia","Net (credits less debits)","Goods and services","US dollar","Quarterly","2022-Q3","12363444647.53712","Millions","Millions","","Reported official data","","true","","Balance of Payments and International Investment Position Manual, Sixth Edition (BPM6)","Public (Unrestricted)","","Public or Unrestricted",""
"Indonesia","Net (credits less debits)","Goods and services","US dollar","Quarterly","2022-Q4","11559912443.26687","Millions","Millions","","Reported official data","","true","","Balance of Payments and International Investment Position Manual, Sixth Edition (BPM6)","Public (Unrestricted)","","Public or Unrestricted",""
"Indonesia","Net (credits less debits)","Goods and services","US dollar","Quarterly","2023-Q1","10273740656.81583","Millions","Millions","","Reported official data","","true","","Balance of Payments and International Investment Position Manual, Sixth Edition (BPM6)","Public (Unrestricted)","","Public or Unrestricted",""
"Indonesia","Net (credits less debits)","Goods and services","US dollar","Quarterly","2023-Q2","5434328389.14007","Millions","Millions","","Reported official data","","true","","Balance of Payments and International Investment Position Manual, Sixth Edition (BPM6)","Public (Unrestricted)","","Public or Unrestricted",""
"Indonesia","Net (credits less debits)","Goods and services","US dollar","Quarterly","2023-Q3","6261306844.70162","Millions","Millions","","Reported official data","","true","","Balance of Payments and International Investment Position Manual, Sixth Edition (BPM6)","Public (Unrestricted)","","Public or Unrestricted",""
"Indonesia","Net (credits less debits)","Goods and services","US dollar","Quarterly","2023-Q4","6623891843.27408","Millions","Millions","","Reported official data","","true","","Balance of Payments and International Investment Position Manual, Sixth Edition (BPM6)","Public (Unrestricted)","","Public or Unrestricted",""
"Indonesia","Net (credits less debits)","Goods and services","US dollar","Quarterly","2024-Q1","5099638417.92806","Millions","Millions","","Reported official data","","true","","Balance of Payments and International Investment Position Manual, Sixth Edition (BPM6)","Public (Unrestricted)","","Public or Unrestricted",""
"Indonesia","Net (credits less debits)","Goods and services","US dollar","Quarterly","2024-Q2","5040150687.7919","Millions","Millions","","Reported official data","","true","","Balance of Payments and International Investment Position Manual, Sixth Edition (BPM6)","Public (Unrestricted)","","Public or Unrestricted",""
"Indonesia","Net (credits less debits)","Goods and services","US dollar","Quarterly","2024-Q3","5107849932.1075","Millions","Millions","","Reported official data","","true","","Balance of Payments and International Investment Position Manual, Sixth Edition (BPM6)","Public (Unrestricted)","","Public or Unrestricted",""
"Indonesia","Net (credits less debits)","Goods and services","US dollar","Quarterly","2024-Q4","6201851385.8068","Millions","Millions","","Reported official data","","true","","Balance of Payments and International Investment Position Manual, Sixth Edition (BPM6)","Public (Unrestricted)","","Public or Unrestricted",""
"Indonesia","Net (credits less debits)","Goods and services","US dollar","Quarterly","2025-Q1","7621413865.14343","Millions","Millions","","Reported official data","","true","","Balance of Payments and International Investment Position Manual, Sixth Edition (BPM6)","Public (Unrestricted)","","Public or Unrestricted",""
