﻿"COUNTRY","INDICATOR","TYPE_OF_TRANSFORMATION","FREQUENCY","TIME_PERIOD","OBS_VALUE","SCALE","PRECISION","DECIMALS_DISPLAYED","DERIVATION_TYPE","OVERLAP","IFS_FLAG","REFERENCE_PERIOD","STATUS","METHODOLOGY","ACCESS_SHARING_LEVEL","ACCESS_SHARING_NOTES","SECURITY_CLASSIFICATION","SOURCE"
"Indonesia","Unemployment rate","Percent","Annual","1976","1.92","Units","","","Reported official data","Overlapping Indicator","true","","","International Labor Organization (ILO)","Public (Unrestricted)","","Public or Unrestricted",""
"Indonesia","Unemployment rate","Percent","Annual","1977","1.29","Units","","","Reported official data","Overlapping Indicator","true","","","International Labor Organization (ILO)","Public (Unrestricted)","","Public or Unrestricted",""
"Indonesia","Unemployment rate","Percent","Annual","1978","2.48","Units","","","Reported official data","Overlapping Indicator","true","","","International Labor Organization (ILO)","Public (Unrestricted)","","Public or Unrestricted",""
"Indonesia","Unemployment rate","Percent","Annual","1980","1.66","Units","","","Reported official data","Overlapping Indicator","true","","","International Labor Organization (ILO)","Public (Unrestricted)","","Public or Unrestricted",""
"Indonesia","Unemployment rate","Percent","Annual","1982","2.85","Units","","","Reported official data","Overlapping Indicator","true","","","International Labor Organization (ILO)","Public (Unrestricted)","","Public or Unrestricted",""
"Indonesia","Unemployment rate","Percent","Annual","1985","2.1","Units","","","Reported official data","Overlapping Indicator","true","","","International Labor Organization (ILO)","Public (Unrestricted)","","Public or Unrestricted",""
"Indonesia","Unemployment rate","Percent","Annual","1986","2.59","Units","","","Reported official data","Overlapping Indicator","true","","","International Labor Organization (ILO)","Public (Unrestricted)","","Public or Unrestricted",""
"Indonesia","Unemployment rate","Percent","Annual","1987","2.55","Units","","","Reported official data","Overlapping Indicator","true","","","International Labor Organization (ILO)","Public (Unrestricted)","","Public or Unrestricted",""
"Indonesia","Unemployment rate","Percent","Annual","1988","2.74","Units","","","Reported official data","Overlapping Indicator","true","","","International Labor Organization (ILO)","Public (Unrestricted)","","Public or Unrestricted",""
"Indonesia","Unemployment rate","Percent","Annual","1990","2.541","Units","","","Reported official data","Overlapping Indicator","true","","","International Labor Organization (ILO)","Public (Unrestricted)","","Public or Unrestricted",""
"Indonesia","Unemployment rate","Percent","Annual","1991","2.617","Units","","","Reported official data","Overlapping Indicator","true","","","International Labor Organization (ILO)","Public (Unrestricted)","","Public or Unrestricted",""
"Indonesia","Unemployment rate","Percent","Annual","1992","2.734","Units","","","Reported official data","Overlapping Indicator","true","","","International Labor Organization (ILO)","Public (Unrestricted)","","Public or Unrestricted",""
"Indonesia","Unemployment rate","Percent","Annual","1993","2.782","Units","","","Reported official data","Overlapping Indicator","true","","","International Labor Organization (ILO)","Public (Unrestricted)","","Public or Unrestricted",""
"Indonesia","Unemployment rate","Percent","Annual","1994","4.366","Units","","","Reported official data","Overlapping Indicator","true","","","International Labor Organization (ILO)","Public (Unrestricted)","","Public or Unrestricted",""
"Indonesia","Unemployment rate","Percent","Annual","1996","4.861","Units","","","Reported official data","Overlapping Indicator","true","","","International Labor Organization (ILO)","Public (Unrestricted)","","Public or Unrestricted",""
"Indonesia","Unemployment rate","Percent","Annual","1997","4.684","Units","","","Reported official data","Overlapping Indicator","true","","","International Labor Organization (ILO)","Public (Unrestricted)","","Public or Unrestricted",""
"Indonesia","Unemployment rate","Percent","Annual","1998","5.459","Units","","","Reported official data","Overlapping Indicator","true","","","International Labor Organization (ILO)","Public (Unrestricted)","","Public or Unrestricted",""
"Indonesia","Unemployment rate","Percent","Annual","1999","6.358","Units","","","Reported official data","Overlapping Indicator","true","","","International Labor Organization (ILO)","Public (Unrestricted)","","Public or Unrestricted",""
"Indonesia","Unemployment rate","Percent","Annual","2000","6.078","Units","","","Reported official data","Overlapping Indicator","true","","","International Labor Organization (ILO)","Public (Unrestricted)","","Public or Unrestricted",""
"Indonesia","Unemployment rate","Percent","Annual","2001","6.082","Units","","","Reported official data","Overlapping Indicator","true","","","International Labor Organization (ILO)","Public (Unrestricted)","","Public or Unrestricted",""
"Indonesia","Unemployment rate","Percent","Annual","2002","6.604","Units","","","Reported official data","Overlapping Indicator","true","","","International Labor Organization (ILO)","Public (Unrestricted)","","Public or Unrestricted",""
"Indonesia","Unemployment rate","Percent","Annual","2003","6.658","Units","","","Reported official data","Overlapping Indicator","true","","","International Labor Organization (ILO)","Public (Unrestricted)","","Public or Unrestricted",""
"Indonesia","Unemployment rate","Percent","Annual","2004","7.303","Units","","","Reported official data","Overlapping Indicator","true","","","International Labor Organization (ILO)","Public (Unrestricted)","","Public or Unrestricted",""
"Indonesia","Unemployment rate","Percent","Annual","2005","7.945","Units","","","Reported official data","Overlapping Indicator","true","","","International Labor Organization (ILO)","Public (Unrestricted)","","Public or Unrestricted",""
"Indonesia","Unemployment rate","Percent","Annual","2006","7.551","Units","","","Reported official data","Overlapping Indicator","true","","","International Labor Organization (ILO)","Public (Unrestricted)","","Public or Unrestricted",""
"Indonesia","Unemployment rate","Percent","Annual","2007","8.06","Units","","","Reported official data","Overlapping Indicator","true","","","International Labor Organization (ILO)","Public (Unrestricted)","","Public or Unrestricted",""
"Indonesia","Unemployment rate","Percent","Annual","2008","7.209","Units","","","Reported official data","Overlapping Indicator","true","","","International Labor Organization (ILO)","Public (Unrestricted)","","Public or Unrestricted",""
"Indonesia","Unemployment rate","Percent","Annual","2009","6.106","Units","","","Reported official data","Overlapping Indicator","true","","","International Labor Organization (ILO)","Public (Unrestricted)","","Public or Unrestricted",""
"Indonesia","Unemployment rate","Percent","Annual","2010","5.614","Units","","","Reported official data","Overlapping Indicator","true","","","International Labor Organization (ILO)","Public (Unrestricted)","","Public or Unrestricted",""
"Indonesia","Unemployment rate","Percent","Annual","2011","5.153","Units","","","Reported official data","Overlapping Indicator","true","","","International Labor Organization (ILO)","Public (Unrestricted)","","Public or Unrestricted",""
"Indonesia","Unemployment rate","Percent","Annual","2012","4.468","Units","","","Reported official data","Overlapping Indicator","true","","","International Labor Organization (ILO)","Public (Unrestricted)","","Public or Unrestricted",""
"Indonesia","Unemployment rate","Percent","Annual","2013","4.336","Units","","","Reported official data","Overlapping Indicator","true","","","International Labor Organization (ILO)","Public (Unrestricted)","","Public or Unrestricted",""
"Indonesia","Unemployment rate","Percent","Annual","2014","4.049","Units","","","Reported official data","Overlapping Indicator","true","","","International Labor Organization (ILO)","Public (Unrestricted)","","Public or Unrestricted",""
"Indonesia","Unemployment rate","Percent","Annual","2015","4.514","Units","","","Reported official data","Overlapping Indicator","true","","","International Labor Organization (ILO)","Public (Unrestricted)","","Public or Unrestricted",""
"Indonesia","Unemployment rate","Percent","Annual","2016","4.301","Units","","","Reported official data","Overlapping Indicator","true","","","International Labor Organization (ILO)","Public (Unrestricted)","","Public or Unrestricted",""
"Indonesia","Unemployment rate","Percent","Annual","2017","3.783","Units","","","Reported official data","Overlapping Indicator","true","","","International Labor Organization (ILO)","Public (Unrestricted)","","Public or Unrestricted",""
"Indonesia","Unemployment rate","Percent","Annual","2018","4.387","Units","","","Reported official data","Overlapping Indicator","true","","","International Labor Organization (ILO)","Public (Unrestricted)","","Public or Unrestricted",""
"Indonesia","Unemployment rate","Percent","Annual","2019","3.59","Units","","","Reported official data","Overlapping Indicator","true","","","International Labor Organization (ILO)","Public (Unrestricted)","","Public or Unrestricted",""
"Indonesia","Unemployment rate","Percent","Annual","2020","4.255","Units","","","Reported official data","Overlapping Indicator","true","","","International Labor Organization (ILO)","Public (Unrestricted)","","Public or Unrestricted",""
"Indonesia","Unemployment rate","Percent","Annual","2021","3.827","Units","","","Reported official data","Overlapping Indicator","true","","","International Labor Organization (ILO)","Public (Unrestricted)","","Public or Unrestricted",""
"Indonesia","Unemployment rate","Percent","Annual","2022","3.462","Units","","","Reported official data","Overlapping Indicator","true","","","International Labor Organization (ILO)","Public (Unrestricted)","","Public or Unrestricted",""
"Indonesia","Unemployment rate","Percent","Annual","2023","3.308","Units","","","Reported official data","Overlapping Indicator","true","","","International Labor Organization (ILO)","Public (Unrestricted)","","Public or Unrestricted",""
"Indonesia","Unemployment rate","Percent","Quarterly","2008-Q1","7.783","Units","","","Reported official data","Overlapping Indicator","true","","","International Labor Organization (ILO)","Public (Unrestricted)","","Public or Unrestricted",""
"Indonesia","Unemployment rate","Percent","Quarterly","2008-Q3","6.629","Units","","","Reported official data","Overlapping Indicator","true","","","International Labor Organization (ILO)","Public (Unrestricted)","","Public or Unrestricted",""
"Indonesia","Unemployment rate","Percent","Quarterly","2009-Q1","6.181","Units","","","Reported official data","Overlapping Indicator","true","","","International Labor Organization (ILO)","Public (Unrestricted)","","Public or Unrestricted",""
"Indonesia","Unemployment rate","Percent","Quarterly","2009-Q3","6.031","Units","","","Reported official data","Overlapping Indicator","true","","","International Labor Organization (ILO)","Public (Unrestricted)","","Public or Unrestricted",""
"Indonesia","Unemployment rate","Percent","Quarterly","2010-Q1","5.309","Units","","","Reported official data","Overlapping Indicator","true","","","International Labor Organization (ILO)","Public (Unrestricted)","","Public or Unrestricted",""
"Indonesia","Unemployment rate","Percent","Quarterly","2010-Q3","5.914","Units","","","Reported official data","Overlapping Indicator","true","","","International Labor Organization (ILO)","Public (Unrestricted)","","Public or Unrestricted",""
"Indonesia","Unemployment rate","Percent","Quarterly","2011-Q1","5.298","Units","","","Reported official data","Overlapping Indicator","true","","","International Labor Organization (ILO)","Public (Unrestricted)","","Public or Unrestricted",""
"Indonesia","Unemployment rate","Percent","Quarterly","2011-Q3","5.004","Units","","","Reported official data","Overlapping Indicator","true","","","International Labor Organization (ILO)","Public (Unrestricted)","","Public or Unrestricted",""
"Indonesia","Unemployment rate","Percent","Quarterly","2012-Q1","4.678","Units","","","Reported official data","Overlapping Indicator","true","","","International Labor Organization (ILO)","Public (Unrestricted)","","Public or Unrestricted",""
"Indonesia","Unemployment rate","Percent","Quarterly","2012-Q3","4.256","Units","","","Reported official data","Overlapping Indicator","true","","","International Labor Organization (ILO)","Public (Unrestricted)","","Public or Unrestricted",""
"Indonesia","Unemployment rate","Percent","Quarterly","2013-Q1","3.689","Units","","","Reported official data","Overlapping Indicator","true","","","International Labor Organization (ILO)","Public (Unrestricted)","","Public or Unrestricted",""
"Indonesia","Unemployment rate","Percent","Quarterly","2013-Q3","4.992","Units","","","Reported official data","Overlapping Indicator","true","","","International Labor Organization (ILO)","Public (Unrestricted)","","Public or Unrestricted",""
"Indonesia","Unemployment rate","Percent","Quarterly","2014-Q1","3.377","Units","","","Reported official data","Overlapping Indicator","true","","","International Labor Organization (ILO)","Public (Unrestricted)","","Public or Unrestricted",""
"Indonesia","Unemployment rate","Percent","Quarterly","2014-Q3","4.731","Units","","","Reported official data","Overlapping Indicator","true","","","International Labor Organization (ILO)","Public (Unrestricted)","","Public or Unrestricted",""
"Indonesia","Unemployment rate","Percent","Quarterly","2015-Q1","4.038","Units","","","Reported official data","Overlapping Indicator","true","","","International Labor Organization (ILO)","Public (Unrestricted)","","Public or Unrestricted",""
"Indonesia","Unemployment rate","Percent","Quarterly","2015-Q3","5.01","Units","","","Reported official data","Overlapping Indicator","true","","","International Labor Organization (ILO)","Public (Unrestricted)","","Public or Unrestricted",""
"Indonesia","Unemployment rate","Percent","Quarterly","2016-Q1","4.278","Units","","","Reported official data","Overlapping Indicator","true","","","International Labor Organization (ILO)","Public (Unrestricted)","","Public or Unrestricted",""
"Indonesia","Unemployment rate","Percent","Quarterly","2016-Q3","4.324","Units","","","Reported official data","Overlapping Indicator","true","","","International Labor Organization (ILO)","Public (Unrestricted)","","Public or Unrestricted",""
"Indonesia","Unemployment rate","Percent","Quarterly","2017-Q1","3.082","Units","","","Reported official data","Overlapping Indicator","true","","","International Labor Organization (ILO)","Public (Unrestricted)","","Public or Unrestricted",""
"Indonesia","Unemployment rate","Percent","Quarterly","2017-Q3","4.495","Units","","","Reported official data","Overlapping Indicator","true","","","International Labor Organization (ILO)","Public (Unrestricted)","","Public or Unrestricted",""
"Indonesia","Unemployment rate","Percent","Quarterly","2018-Q1","4.185","Units","","","Reported official data","Overlapping Indicator","true","","","International Labor Organization (ILO)","Public (Unrestricted)","","Public or Unrestricted",""
"Indonesia","Unemployment rate","Percent","Quarterly","2018-Q3","4.59","Units","","","Reported official data","Overlapping Indicator","true","","","International Labor Organization (ILO)","Public (Unrestricted)","","Public or Unrestricted",""
"Indonesia","Unemployment rate","Percent","Quarterly","2019-Q1","3.325","Units","","","Reported official data","Overlapping Indicator","true","","","International Labor Organization (ILO)","Public (Unrestricted)","","Public or Unrestricted",""
"Indonesia","Unemployment rate","Percent","Quarterly","2019-Q3","3.86","Units","","","Reported official data","Overlapping Indicator","true","","","International Labor Organization (ILO)","Public (Unrestricted)","","Public or Unrestricted",""
"Indonesia","Unemployment rate","Percent","Quarterly","2020-Q1","3.112","Units","","","Reported official data","Overlapping Indicator","true","","","International Labor Organization (ILO)","Public (Unrestricted)","","Public or Unrestricted",""
"Indonesia","Unemployment rate","Percent","Quarterly","2020-Q3","5.432","Units","","","Reported official data","Overlapping Indicator","true","","","International Labor Organization (ILO)","Public (Unrestricted)","","Public or Unrestricted",""
"Indonesia","Unemployment rate","Percent","Quarterly","2021-Q1","3.865","Units","","","Reported official data","Overlapping Indicator","true","","","International Labor Organization (ILO)","Public (Unrestricted)","","Public or Unrestricted",""
"Indonesia","Unemployment rate","Percent","Quarterly","2021-Q3","3.789","Units","","","Reported official data","Overlapping Indicator","true","","","International Labor Organization (ILO)","Public (Unrestricted)","","Public or Unrestricted",""
"Indonesia","Unemployment rate","Percent","Quarterly","2022-Q1","3.449","Units","","","Reported official data","Overlapping Indicator","true","","","International Labor Organization (ILO)","Public (Unrestricted)","","Public or Unrestricted",""
"Indonesia","Unemployment rate","Percent","Quarterly","2022-Q3","3.474","Units","","","Reported official data","Overlapping Indicator","true","","","International Labor Organization (ILO)","Public (Unrestricted)","","Public or Unrestricted",""
"Indonesia","Unemployment rate","Percent","Quarterly","2023-Q1","2.515","Units","","","Reported official data","Overlapping Indicator","true","","","International Labor Organization (ILO)","Public (Unrestricted)","","Public or Unrestricted",""
"Indonesia","Unemployment rate","Percent","Quarterly","2023-Q3","4.081","Units","","","Reported official data","Overlapping Indicator","true","","","International Labor Organization (ILO)","Public (Unrestricted)","","Public or Unrestricted",""
