﻿"COUNTRY","BOP_ACCOUNTING_ENTRY","INDICATOR","UNIT","FREQUENCY","TIME_PERIOD","OBS_VALUE","SCALE","PRECISION","DECIMALS_DISPLAYED","DERIVATION_TYPE","OVERLAP","IFS_FLAG","STATUS","METHODOLOGY","ACCESS_SHARING_LEVEL","ACCESS_SHARING_NOTES","SECURITY_CLASSIFICATION","SOURCE"
"Brazil","Net (credits less debits)","Current account balance (credit less debit)","US dollar","Quarterly","1975-Q1","-1781000000","Millions","Millions","","Reported official data","Overlapping Indicator","","","Balance of Payments and International Investment Position Manual, Sixth Edition (BPM6)","Public (Unrestricted)","","Public or Unrestricted",""
"Brazil","Net (credits less debits)","Current account balance (credit less debit)","US dollar","Quarterly","1975-Q2","-1797000000","Millions","Millions","","Reported official data","Overlapping Indicator","","","Balance of Payments and International Investment Position Manual, Sixth Edition (BPM6)","Public (Unrestricted)","","Public or Unrestricted",""
"Brazil","Net (credits less debits)","Current account balance (credit less debit)","US dollar","Quarterly","1975-Q3","-1624000000","Millions","Millions","","Reported official data","Overlapping Indicator","","","Balance of Payments and International Investment Position Manual, Sixth Edition (BPM6)","Public (Unrestricted)","","Public or Unrestricted",""
"Brazil","Net (credits less debits)","Current account balance (credit less debit)","US dollar","Quarterly","1975-Q4","-1766000000","Millions","Millions","","Reported official data","Overlapping Indicator","","","Balance of Payments and International Investment Position Manual, Sixth Edition (BPM6)","Public (Unrestricted)","","Public or Unrestricted",""
"Brazil","Net (credits less debits)","Current account balance (credit less debit)","US dollar","Quarterly","1976-Q1","-1900000000","Millions","Millions","","Reported official data","Overlapping Indicator","","","Balance of Payments and International Investment Position Manual, Sixth Edition (BPM6)","Public (Unrestricted)","","Public or Unrestricted",""
"Brazil","Net (credits less debits)","Current account balance (credit less debit)","US dollar","Quarterly","1976-Q2","-1575000000","Millions","Millions","","Reported official data","Overlapping Indicator","","","Balance of Payments and International Investment Position Manual, Sixth Edition (BPM6)","Public (Unrestricted)","","Public or Unrestricted",""
"Brazil","Net (credits less debits)","Current account balance (credit less debit)","US dollar","Quarterly","1976-Q3","-1646000000","Millions","Millions","","Reported official data","Overlapping Indicator","","","Balance of Payments and International Investment Position Manual, Sixth Edition (BPM6)","Public (Unrestricted)","","Public or Unrestricted",""
"Brazil","Net (credits less debits)","Current account balance (credit less debit)","US dollar","Quarterly","1976-Q4","-1399000000","Millions","Millions","","Reported official data","Overlapping Indicator","","","Balance of Payments and International Investment Position Manual, Sixth Edition (BPM6)","Public (Unrestricted)","","Public or Unrestricted",""
"Brazil","Net (credits less debits)","Current account balance (credit less debit)","US dollar","Quarterly","1977-Q1","-1264000000","Millions","Millions","","Reported official data","Overlapping Indicator","","","Balance of Payments and International Investment Position Manual, Sixth Edition (BPM6)","Public (Unrestricted)","","Public or Unrestricted",""
"Brazil","Net (credits less debits)","Current account balance (credit less debit)","US dollar","Quarterly","1977-Q2","-787000000","Millions","Millions","","Reported official data","Overlapping Indicator","","","Balance of Payments and International Investment Position Manual, Sixth Edition (BPM6)","Public (Unrestricted)","","Public or Unrestricted",""
"Brazil","Net (credits less debits)","Current account balance (credit less debit)","US dollar","Quarterly","1977-Q3","-1462000000","Millions","Millions","","Reported official data","Overlapping Indicator","","","Balance of Payments and International Investment Position Manual, Sixth Edition (BPM6)","Public (Unrestricted)","","Public or Unrestricted",""
"Brazil","Net (credits less debits)","Current account balance (credit less debit)","US dollar","Quarterly","1977-Q4","-1536000000","Millions","Millions","","Reported official data","Overlapping Indicator","","","Balance of Payments and International Investment Position Manual, Sixth Edition (BPM6)","Public (Unrestricted)","","Public or Unrestricted",""
"Brazil","Net (credits less debits)","Current account balance (credit less debit)","US dollar","Quarterly","1978-Q1","-1619000000","Millions","Millions","","Reported official data","Overlapping Indicator","","","Balance of Payments and International Investment Position Manual, Sixth Edition (BPM6)","Public (Unrestricted)","","Public or Unrestricted",""
"Brazil","Net (credits less debits)","Current account balance (credit less debit)","US dollar","Quarterly","1978-Q2","-1706000000","Millions","Millions","","Reported official data","Overlapping Indicator","","","Balance of Payments and International Investment Position Manual, Sixth Edition (BPM6)","Public (Unrestricted)","","Public or Unrestricted",""
"Brazil","Net (credits less debits)","Current account balance (credit less debit)","US dollar","Quarterly","1978-Q3","-1863000000","Millions","Millions","","Reported official data","Overlapping Indicator","","","Balance of Payments and International Investment Position Manual, Sixth Edition (BPM6)","Public (Unrestricted)","","Public or Unrestricted",""
"Brazil","Net (credits less debits)","Current account balance (credit less debit)","US dollar","Quarterly","1978-Q4","-1808000000","Millions","Millions","","Reported official data","Overlapping Indicator","","","Balance of Payments and International Investment Position Manual, Sixth Edition (BPM6)","Public (Unrestricted)","","Public or Unrestricted",""
"Brazil","Net (credits less debits)","Current account balance (credit less debit)","US dollar","Quarterly","1979-Q1","-2250000000","Millions","Millions","","Reported official data","Overlapping Indicator","","","Balance of Payments and International Investment Position Manual, Sixth Edition (BPM6)","Public (Unrestricted)","","Public or Unrestricted",""
"Brazil","Net (credits less debits)","Current account balance (credit less debit)","US dollar","Quarterly","1979-Q2","-2274000000","Millions","Millions","","Reported official data","Overlapping Indicator","","","Balance of Payments and International Investment Position Manual, Sixth Edition (BPM6)","Public (Unrestricted)","","Public or Unrestricted",""
"Brazil","Net (credits less debits)","Current account balance (credit less debit)","US dollar","Quarterly","1979-Q3","-2878000000","Millions","Millions","","Reported official data","Overlapping Indicator","","","Balance of Payments and International Investment Position Manual, Sixth Edition (BPM6)","Public (Unrestricted)","","Public or Unrestricted",""
"Brazil","Net (credits less debits)","Current account balance (credit less debit)","US dollar","Quarterly","1979-Q4","-3114000000","Millions","Millions","","Reported official data","Overlapping Indicator","","","Balance of Payments and International Investment Position Manual, Sixth Edition (BPM6)","Public (Unrestricted)","","Public or Unrestricted",""
"Brazil","Net (credits less debits)","Current account balance (credit less debit)","US dollar","Quarterly","1980-Q1","-3652000000","Millions","Millions","","Reported official data","Overlapping Indicator","","","Balance of Payments and International Investment Position Manual, Sixth Edition (BPM6)","Public (Unrestricted)","","Public or Unrestricted",""
"Brazil","Net (credits less debits)","Current account balance (credit less debit)","US dollar","Quarterly","1980-Q2","-3188000000","Millions","Millions","","Reported official data","Overlapping Indicator","","","Balance of Payments and International Investment Position Manual, Sixth Edition (BPM6)","Public (Unrestricted)","","Public or Unrestricted",""
"Brazil","Net (credits less debits)","Current account balance (credit less debit)","US dollar","Quarterly","1980-Q3","-3515000000","Millions","Millions","","Reported official data","Overlapping Indicator","","","Balance of Payments and International Investment Position Manual, Sixth Edition (BPM6)","Public (Unrestricted)","","Public or Unrestricted",""
"Brazil","Net (credits less debits)","Current account balance (credit less debit)","US dollar","Quarterly","1980-Q4","-2476000000","Millions","Millions","","Reported official data","Overlapping Indicator","","","Balance of Payments and International Investment Position Manual, Sixth Edition (BPM6)","Public (Unrestricted)","","Public or Unrestricted",""
"Brazil","Net (credits less debits)","Current account balance (credit less debit)","US dollar","Quarterly","1981-Q1","-2883000000","Millions","Millions","","Reported official data","Overlapping Indicator","","","Balance of Payments and International Investment Position Manual, Sixth Edition (BPM6)","Public (Unrestricted)","","Public or Unrestricted",""
"Brazil","Net (credits less debits)","Current account balance (credit less debit)","US dollar","Quarterly","1981-Q2","-3082000000","Millions","Millions","","Reported official data","Overlapping Indicator","","","Balance of Payments and International Investment Position Manual, Sixth Edition (BPM6)","Public (Unrestricted)","","Public or Unrestricted",""
"Brazil","Net (credits less debits)","Current account balance (credit less debit)","US dollar","Quarterly","1981-Q3","-3122000000","Millions","Millions","","Reported official data","Overlapping Indicator","","","Balance of Payments and International Investment Position Manual, Sixth Edition (BPM6)","Public (Unrestricted)","","Public or Unrestricted",""
"Brazil","Net (credits less debits)","Current account balance (credit less debit)","US dollar","Quarterly","1981-Q4","-2677000000","Millions","Millions","","Reported official data","Overlapping Indicator","","","Balance of Payments and International Investment Position Manual, Sixth Edition (BPM6)","Public (Unrestricted)","","Public or Unrestricted",""
"Brazil","Net (credits less debits)","Current account balance (credit less debit)","US dollar","Quarterly","1982-Q1","-3643000000","Millions","Millions","","Reported official data","Overlapping Indicator","","","Balance of Payments and International Investment Position Manual, Sixth Edition (BPM6)","Public (Unrestricted)","","Public or Unrestricted",""
"Brazil","Net (credits less debits)","Current account balance (credit less debit)","US dollar","Quarterly","1982-Q2","-4182000000","Millions","Millions","","Reported official data","Overlapping Indicator","","","Balance of Payments and International Investment Position Manual, Sixth Edition (BPM6)","Public (Unrestricted)","","Public or Unrestricted",""
"Brazil","Net (credits less debits)","Current account balance (credit less debit)","US dollar","Quarterly","1982-Q3","-4497000000","Millions","Millions","","Reported official data","Overlapping Indicator","","","Balance of Payments and International Investment Position Manual, Sixth Edition (BPM6)","Public (Unrestricted)","","Public or Unrestricted",""
"Brazil","Net (credits less debits)","Current account balance (credit less debit)","US dollar","Quarterly","1982-Q4","-3995000000","Millions","Millions","","Reported official data","Overlapping Indicator","","","Balance of Payments and International Investment Position Manual, Sixth Edition (BPM6)","Public (Unrestricted)","","Public or Unrestricted",""
"Brazil","Net (credits less debits)","Current account balance (credit less debit)","US dollar","Quarterly","1983-Q1","-3032000000","Millions","Millions","","Reported official data","Overlapping Indicator","","","Balance of Payments and International Investment Position Manual, Sixth Edition (BPM6)","Public (Unrestricted)","","Public or Unrestricted",""
"Brazil","Net (credits less debits)","Current account balance (credit less debit)","US dollar","Quarterly","1983-Q2","-1377000000","Millions","Millions","","Reported official data","Overlapping Indicator","","","Balance of Payments and International Investment Position Manual, Sixth Edition (BPM6)","Public (Unrestricted)","","Public or Unrestricted",""
"Brazil","Net (credits less debits)","Current account balance (credit less debit)","US dollar","Quarterly","1983-Q3","-825000000","Millions","Millions","","Reported official data","Overlapping Indicator","","","Balance of Payments and International Investment Position Manual, Sixth Edition (BPM6)","Public (Unrestricted)","","Public or Unrestricted",""
"Brazil","Net (credits less debits)","Current account balance (credit less debit)","US dollar","Quarterly","1983-Q4","-1600000000","Millions","Millions","","Reported official data","Overlapping Indicator","","","Balance of Payments and International Investment Position Manual, Sixth Edition (BPM6)","Public (Unrestricted)","","Public or Unrestricted",""
"Brazil","Net (credits less debits)","Current account balance (credit less debit)","US dollar","Quarterly","1984-Q1","-504000000","Millions","Millions","","Reported official data","Overlapping Indicator","","","Balance of Payments and International Investment Position Manual, Sixth Edition (BPM6)","Public (Unrestricted)","","Public or Unrestricted",""
"Brazil","Net (credits less debits)","Current account balance (credit less debit)","US dollar","Quarterly","1984-Q2","117000000","Millions","Millions","","Reported official data","Overlapping Indicator","","","Balance of Payments and International Investment Position Manual, Sixth Edition (BPM6)","Public (Unrestricted)","","Public or Unrestricted",""
"Brazil","Net (credits less debits)","Current account balance (credit less debit)","US dollar","Quarterly","1984-Q3","585000000","Millions","Millions","","Reported official data","Overlapping Indicator","","","Balance of Payments and International Investment Position Manual, Sixth Edition (BPM6)","Public (Unrestricted)","","Public or Unrestricted",""
"Brazil","Net (credits less debits)","Current account balance (credit less debit)","US dollar","Quarterly","1984-Q4","-165000000","Millions","Millions","","Reported official data","Overlapping Indicator","","","Balance of Payments and International Investment Position Manual, Sixth Edition (BPM6)","Public (Unrestricted)","","Public or Unrestricted",""
"Brazil","Net (credits less debits)","Current account balance (credit less debit)","US dollar","Quarterly","1985-Q1","-1316000000","Millions","Millions","","Reported official data","Overlapping Indicator","","","Balance of Payments and International Investment Position Manual, Sixth Edition (BPM6)","Public (Unrestricted)","","Public or Unrestricted",""
"Brazil","Net (credits less debits)","Current account balance (credit less debit)","US dollar","Quarterly","1985-Q2","339000000","Millions","Millions","","Reported official data","Overlapping Indicator","","","Balance of Payments and International Investment Position Manual, Sixth Edition (BPM6)","Public (Unrestricted)","","Public or Unrestricted",""
"Brazil","Net (credits less debits)","Current account balance (credit less debit)","US dollar","Quarterly","1985-Q3","719000000","Millions","Millions","","Reported official data","Overlapping Indicator","","","Balance of Payments and International Investment Position Manual, Sixth Edition (BPM6)","Public (Unrestricted)","","Public or Unrestricted",""
"Brazil","Net (credits less debits)","Current account balance (credit less debit)","US dollar","Quarterly","1985-Q4","-22000000","Millions","Millions","","Reported official data","Overlapping Indicator","","","Balance of Payments and International Investment Position Manual, Sixth Edition (BPM6)","Public (Unrestricted)","","Public or Unrestricted",""
"Brazil","Net (credits less debits)","Current account balance (credit less debit)","US dollar","Quarterly","1986-Q1","-703000000","Millions","Millions","","Reported official data","Overlapping Indicator","","","Balance of Payments and International Investment Position Manual, Sixth Edition (BPM6)","Public (Unrestricted)","","Public or Unrestricted",""
"Brazil","Net (credits less debits)","Current account balance (credit less debit)","US dollar","Quarterly","1986-Q2","279000000","Millions","Millions","","Reported official data","Overlapping Indicator","","","Balance of Payments and International Investment Position Manual, Sixth Edition (BPM6)","Public (Unrestricted)","","Public or Unrestricted",""
"Brazil","Net (credits less debits)","Current account balance (credit less debit)","US dollar","Quarterly","1986-Q3","-1029000000","Millions","Millions","","Reported official data","Overlapping Indicator","","","Balance of Payments and International Investment Position Manual, Sixth Edition (BPM6)","Public (Unrestricted)","","Public or Unrestricted",""
"Brazil","Net (credits less debits)","Current account balance (credit less debit)","US dollar","Quarterly","1986-Q4","-3858000000","Millions","Millions","","Reported official data","Overlapping Indicator","","","Balance of Payments and International Investment Position Manual, Sixth Edition (BPM6)","Public (Unrestricted)","","Public or Unrestricted",""
"Brazil","Net (credits less debits)","Current account balance (credit less debit)","US dollar","Quarterly","1987-Q1","-2525000000","Millions","Millions","","Reported official data","Overlapping Indicator","","","Balance of Payments and International Investment Position Manual, Sixth Edition (BPM6)","Public (Unrestricted)","","Public or Unrestricted",""
"Brazil","Net (credits less debits)","Current account balance (credit less debit)","US dollar","Quarterly","1987-Q2","-437000000","Millions","Millions","","Reported official data","Overlapping Indicator","","","Balance of Payments and International Investment Position Manual, Sixth Edition (BPM6)","Public (Unrestricted)","","Public or Unrestricted",""
"Brazil","Net (credits less debits)","Current account balance (credit less debit)","US dollar","Quarterly","1987-Q3","1436000000","Millions","Millions","","Reported official data","Overlapping Indicator","","","Balance of Payments and International Investment Position Manual, Sixth Edition (BPM6)","Public (Unrestricted)","","Public or Unrestricted",""
"Brazil","Net (credits less debits)","Current account balance (credit less debit)","US dollar","Quarterly","1987-Q4","74000000","Millions","Millions","","Reported official data","Overlapping Indicator","","","Balance of Payments and International Investment Position Manual, Sixth Edition (BPM6)","Public (Unrestricted)","","Public or Unrestricted",""
"Brazil","Net (credits less debits)","Current account balance (credit less debit)","US dollar","Quarterly","1988-Q1","-534000000","Millions","Millions","","Reported official data","Overlapping Indicator","","","Balance of Payments and International Investment Position Manual, Sixth Edition (BPM6)","Public (Unrestricted)","","Public or Unrestricted",""
"Brazil","Net (credits less debits)","Current account balance (credit less debit)","US dollar","Quarterly","1988-Q2","1964000000","Millions","Millions","","Reported official data","Overlapping Indicator","","","Balance of Payments and International Investment Position Manual, Sixth Edition (BPM6)","Public (Unrestricted)","","Public or Unrestricted",""
"Brazil","Net (credits less debits)","Current account balance (credit less debit)","US dollar","Quarterly","1988-Q3","2175000000","Millions","Millions","","Reported official data","Overlapping Indicator","","","Balance of Payments and International Investment Position Manual, Sixth Edition (BPM6)","Public (Unrestricted)","","Public or Unrestricted",""
"Brazil","Net (credits less debits)","Current account balance (credit less debit)","US dollar","Quarterly","1988-Q4","551000000","Millions","Millions","","Reported official data","Overlapping Indicator","","","Balance of Payments and International Investment Position Manual, Sixth Edition (BPM6)","Public (Unrestricted)","","Public or Unrestricted",""
"Brazil","Net (credits less debits)","Current account balance (credit less debit)","US dollar","Quarterly","1989-Q1","945000000","Millions","Millions","","Reported official data","Overlapping Indicator","","","Balance of Payments and International Investment Position Manual, Sixth Edition (BPM6)","Public (Unrestricted)","","Public or Unrestricted",""
"Brazil","Net (credits less debits)","Current account balance (credit less debit)","US dollar","Quarterly","1989-Q2","483000000","Millions","Millions","","Reported official data","Overlapping Indicator","","","Balance of Payments and International Investment Position Manual, Sixth Edition (BPM6)","Public (Unrestricted)","","Public or Unrestricted",""
"Brazil","Net (credits less debits)","Current account balance (credit less debit)","US dollar","Quarterly","1989-Q3","-474000000","Millions","Millions","","Reported official data","Overlapping Indicator","","","Balance of Payments and International Investment Position Manual, Sixth Edition (BPM6)","Public (Unrestricted)","","Public or Unrestricted",""
"Brazil","Net (credits less debits)","Current account balance (credit less debit)","US dollar","Quarterly","1989-Q4","48000000","Millions","Millions","","Reported official data","Overlapping Indicator","","","Balance of Payments and International Investment Position Manual, Sixth Edition (BPM6)","Public (Unrestricted)","","Public or Unrestricted",""
"Brazil","Net (credits less debits)","Current account balance (credit less debit)","US dollar","Quarterly","1990-Q1","-2722000000","Millions","Millions","","Reported official data","Overlapping Indicator","","","Balance of Payments and International Investment Position Manual, Sixth Edition (BPM6)","Public (Unrestricted)","","Public or Unrestricted",""
"Brazil","Net (credits less debits)","Current account balance (credit less debit)","US dollar","Quarterly","1990-Q2","1711000000","Millions","Millions","","Reported official data","Overlapping Indicator","","","Balance of Payments and International Investment Position Manual, Sixth Edition (BPM6)","Public (Unrestricted)","","Public or Unrestricted",""
"Brazil","Net (credits less debits)","Current account balance (credit less debit)","US dollar","Quarterly","1990-Q3","-464000000","Millions","Millions","","Reported official data","Overlapping Indicator","","","Balance of Payments and International Investment Position Manual, Sixth Edition (BPM6)","Public (Unrestricted)","","Public or Unrestricted",""
"Brazil","Net (credits less debits)","Current account balance (credit less debit)","US dollar","Quarterly","1990-Q4","-2348000000","Millions","Millions","","Reported official data","Overlapping Indicator","","","Balance of Payments and International Investment Position Manual, Sixth Edition (BPM6)","Public (Unrestricted)","","Public or Unrestricted",""
"Brazil","Net (credits less debits)","Current account balance (credit less debit)","US dollar","Quarterly","1991-Q1","28000000","Millions","Millions","","Reported official data","Overlapping Indicator","","","Balance of Payments and International Investment Position Manual, Sixth Edition (BPM6)","Public (Unrestricted)","","Public or Unrestricted",""
"Brazil","Net (credits less debits)","Current account balance (credit less debit)","US dollar","Quarterly","1991-Q2","975000000","Millions","Millions","","Reported official data","Overlapping Indicator","","","Balance of Payments and International Investment Position Manual, Sixth Edition (BPM6)","Public (Unrestricted)","","Public or Unrestricted",""
"Brazil","Net (credits less debits)","Current account balance (credit less debit)","US dollar","Quarterly","1991-Q3","-1496000000","Millions","Millions","","Reported official data","Overlapping Indicator","","","Balance of Payments and International Investment Position Manual, Sixth Edition (BPM6)","Public (Unrestricted)","","Public or Unrestricted",""
"Brazil","Net (credits less debits)","Current account balance (credit less debit)","US dollar","Quarterly","1991-Q4","-957000000","Millions","Millions","","Reported official data","Overlapping Indicator","","","Balance of Payments and International Investment Position Manual, Sixth Edition (BPM6)","Public (Unrestricted)","","Public or Unrestricted",""
"Brazil","Net (credits less debits)","Current account balance (credit less debit)","US dollar","Quarterly","1992-Q1","1243000000","Millions","Millions","","Reported official data","Overlapping Indicator","","","Balance of Payments and International Investment Position Manual, Sixth Edition (BPM6)","Public (Unrestricted)","","Public or Unrestricted",""
"Brazil","Net (credits less debits)","Current account balance (credit less debit)","US dollar","Quarterly","1992-Q2","2433000000","Millions","Millions","","Reported official data","Overlapping Indicator","","","Balance of Payments and International Investment Position Manual, Sixth Edition (BPM6)","Public (Unrestricted)","","Public or Unrestricted",""
"Brazil","Net (credits less debits)","Current account balance (credit less debit)","US dollar","Quarterly","1992-Q3","447000000","Millions","Millions","","Reported official data","Overlapping Indicator","","","Balance of Payments and International Investment Position Manual, Sixth Edition (BPM6)","Public (Unrestricted)","","Public or Unrestricted",""
"Brazil","Net (credits less debits)","Current account balance (credit less debit)","US dollar","Quarterly","1992-Q4","1966000000","Millions","Millions","","Reported official data","Overlapping Indicator","","","Balance of Payments and International Investment Position Manual, Sixth Edition (BPM6)","Public (Unrestricted)","","Public or Unrestricted",""
"Brazil","Net (credits less debits)","Current account balance (credit less debit)","US dollar","Quarterly","1993-Q1","-87000000","Millions","Millions","","Reported official data","Overlapping Indicator","","","Balance of Payments and International Investment Position Manual, Sixth Edition (BPM6)","Public (Unrestricted)","","Public or Unrestricted",""
"Brazil","Net (credits less debits)","Current account balance (credit less debit)","US dollar","Quarterly","1993-Q2","291000000","Millions","Millions","","Reported official data","Overlapping Indicator","","","Balance of Payments and International Investment Position Manual, Sixth Edition (BPM6)","Public (Unrestricted)","","Public or Unrestricted",""
"Brazil","Net (credits less debits)","Current account balance (credit less debit)","US dollar","Quarterly","1993-Q3","116000000","Millions","Millions","","Reported official data","Overlapping Indicator","","","Balance of Payments and International Investment Position Manual, Sixth Edition (BPM6)","Public (Unrestricted)","","Public or Unrestricted",""
"Brazil","Net (credits less debits)","Current account balance (credit less debit)","US dollar","Quarterly","1993-Q4","-300000000","Millions","Millions","","Reported official data","Overlapping Indicator","","","Balance of Payments and International Investment Position Manual, Sixth Edition (BPM6)","Public (Unrestricted)","","Public or Unrestricted",""
"Brazil","Net (credits less debits)","Current account balance (credit less debit)","US dollar","Quarterly","1994-Q1","548000000","Millions","Millions","","Reported official data","Overlapping Indicator","","","Balance of Payments and International Investment Position Manual, Sixth Edition (BPM6)","Public (Unrestricted)","","Public or Unrestricted",""
"Brazil","Net (credits less debits)","Current account balance (credit less debit)","US dollar","Quarterly","1994-Q2","1426000000","Millions","Millions","","Reported official data","Overlapping Indicator","","","Balance of Payments and International Investment Position Manual, Sixth Edition (BPM6)","Public (Unrestricted)","","Public or Unrestricted",""
"Brazil","Net (credits less debits)","Current account balance (credit less debit)","US dollar","Quarterly","1994-Q3","2151000000","Millions","Millions","","Reported official data","Overlapping Indicator","","","Balance of Payments and International Investment Position Manual, Sixth Edition (BPM6)","Public (Unrestricted)","","Public or Unrestricted",""
"Brazil","Net (credits less debits)","Current account balance (credit less debit)","US dollar","Quarterly","1994-Q4","-5278000000","Millions","Millions","","Reported official data","Overlapping Indicator","","","Balance of Payments and International Investment Position Manual, Sixth Edition (BPM6)","Public (Unrestricted)","","Public or Unrestricted",""
"Brazil","Net (credits less debits)","Current account balance (credit less debit)","US dollar","Quarterly","1995-Q1","-5662000000","Millions","Millions","","Reported official data","Overlapping Indicator","","","Balance of Payments and International Investment Position Manual, Sixth Edition (BPM6)","Public (Unrestricted)","","Public or Unrestricted",""
"Brazil","Net (credits less debits)","Current account balance (credit less debit)","US dollar","Quarterly","1995-Q2","-6371000000","Millions","Millions","","Reported official data","Overlapping Indicator","","","Balance of Payments and International Investment Position Manual, Sixth Edition (BPM6)","Public (Unrestricted)","","Public or Unrestricted",""
"Brazil","Net (credits less debits)","Current account balance (credit less debit)","US dollar","Quarterly","1995-Q3","-1979000000","Millions","Millions","","Reported official data","Overlapping Indicator","","","Balance of Payments and International Investment Position Manual, Sixth Edition (BPM6)","Public (Unrestricted)","","Public or Unrestricted",""
"Brazil","Net (credits less debits)","Current account balance (credit less debit)","US dollar","Quarterly","1995-Q4","-4124000000","Millions","Millions","","Reported official data","Overlapping Indicator","","","Balance of Payments and International Investment Position Manual, Sixth Edition (BPM6)","Public (Unrestricted)","","Public or Unrestricted",""
"Brazil","Net (credits less debits)","Current account balance (credit less debit)","US dollar","Quarterly","1996-Q1","-3451000000","Millions","Millions","","Reported official data","Overlapping Indicator","","","Balance of Payments and International Investment Position Manual, Sixth Edition (BPM6)","Public (Unrestricted)","","Public or Unrestricted",""
"Brazil","Net (credits less debits)","Current account balance (credit less debit)","US dollar","Quarterly","1996-Q2","-4154000000","Millions","Millions","","Reported official data","Overlapping Indicator","","","Balance of Payments and International Investment Position Manual, Sixth Edition (BPM6)","Public (Unrestricted)","","Public or Unrestricted",""
"Brazil","Net (credits less debits)","Current account balance (credit less debit)","US dollar","Quarterly","1996-Q3","-5739000000","Millions","Millions","","Reported official data","Overlapping Indicator","","","Balance of Payments and International Investment Position Manual, Sixth Edition (BPM6)","Public (Unrestricted)","","Public or Unrestricted",""
"Brazil","Net (credits less debits)","Current account balance (credit less debit)","US dollar","Quarterly","1996-Q4","-9904000000","Millions","Millions","","Reported official data","Overlapping Indicator","","","Balance of Payments and International Investment Position Manual, Sixth Edition (BPM6)","Public (Unrestricted)","","Public or Unrestricted",""
"Brazil","Net (credits less debits)","Current account balance (credit less debit)","US dollar","Quarterly","1997-Q1","-4994699918.91537","Millions","Millions","","Reported official data","Overlapping Indicator","","","Balance of Payments and International Investment Position Manual, Sixth Edition (BPM6)","Public (Unrestricted)","","Public or Unrestricted",""
"Brazil","Net (credits less debits)","Current account balance (credit less debit)","US dollar","Quarterly","1997-Q2","-8235725994.54837","Millions","Millions","","Reported official data","Overlapping Indicator","","","Balance of Payments and International Investment Position Manual, Sixth Edition (BPM6)","Public (Unrestricted)","","Public or Unrestricted",""
"Brazil","Net (credits less debits)","Current account balance (credit less debit)","US dollar","Quarterly","1997-Q3","-7659869292.72944","Millions","Millions","","Reported official data","Overlapping Indicator","","","Balance of Payments and International Investment Position Manual, Sixth Edition (BPM6)","Public (Unrestricted)","","Public or Unrestricted",""
"Brazil","Net (credits less debits)","Current account balance (credit less debit)","US dollar","Quarterly","1997-Q4","-11243067608.0987","Millions","Millions","","Reported official data","Overlapping Indicator","","","Balance of Payments and International Investment Position Manual, Sixth Edition (BPM6)","Public (Unrestricted)","","Public or Unrestricted",""
"Brazil","Net (credits less debits)","Current account balance (credit less debit)","US dollar","Quarterly","1998-Q1","-6475771829.85393","Millions","Millions","","Reported official data","Overlapping Indicator","","","Balance of Payments and International Investment Position Manual, Sixth Edition (BPM6)","Public (Unrestricted)","","Public or Unrestricted",""
"Brazil","Net (credits less debits)","Current account balance (credit less debit)","US dollar","Quarterly","1998-Q2","-7731254640.99796","Millions","Millions","","Reported official data","Overlapping Indicator","","","Balance of Payments and International Investment Position Manual, Sixth Edition (BPM6)","Public (Unrestricted)","","Public or Unrestricted",""
"Brazil","Net (credits less debits)","Current account balance (credit less debit)","US dollar","Quarterly","1998-Q3","-9080698689.56602","Millions","Millions","","Reported official data","Overlapping Indicator","","","Balance of Payments and International Investment Position Manual, Sixth Edition (BPM6)","Public (Unrestricted)","","Public or Unrestricted",""
"Brazil","Net (credits less debits)","Current account balance (credit less debit)","US dollar","Quarterly","1998-Q4","-11705155114.5248","Millions","Millions","","Reported official data","Overlapping Indicator","","","Balance of Payments and International Investment Position Manual, Sixth Edition (BPM6)","Public (Unrestricted)","","Public or Unrestricted",""
"Brazil","Net (credits less debits)","Current account balance (credit less debit)","US dollar","Quarterly","1999-Q1","-5841702843.15805","Millions","Millions","","Reported official data","Overlapping Indicator","","","Balance of Payments and International Investment Position Manual, Sixth Edition (BPM6)","Public (Unrestricted)","","Public or Unrestricted",""
"Brazil","Net (credits less debits)","Current account balance (credit less debit)","US dollar","Quarterly","1999-Q2","-7494840002.87027","Millions","Millions","","Reported official data","Overlapping Indicator","","","Balance of Payments and International Investment Position Manual, Sixth Edition (BPM6)","Public (Unrestricted)","","Public or Unrestricted",""
"Brazil","Net (credits less debits)","Current account balance (credit less debit)","US dollar","Quarterly","1999-Q3","-5275626677.4535","Millions","Millions","","Reported official data","Overlapping Indicator","","","Balance of Payments and International Investment Position Manual, Sixth Edition (BPM6)","Public (Unrestricted)","","Public or Unrestricted",""
"Brazil","Net (credits less debits)","Current account balance (credit less debit)","US dollar","Quarterly","1999-Q4","-8171472939.31354","Millions","Millions","","Reported official data","Overlapping Indicator","","","Balance of Payments and International Investment Position Manual, Sixth Edition (BPM6)","Public (Unrestricted)","","Public or Unrestricted",""
"Brazil","Net (credits less debits)","Current account balance (credit less debit)","US dollar","Quarterly","2000-Q1","-4405444987.86855","Millions","Millions","","Reported official data","Overlapping Indicator","","","Balance of Payments and International Investment Position Manual, Sixth Edition (BPM6)","Public (Unrestricted)","","Public or Unrestricted",""
"Brazil","Net (credits less debits)","Current account balance (credit less debit)","US dollar","Quarterly","2000-Q2","-7485511750.20753","Millions","Millions","","Reported official data","Overlapping Indicator","","","Balance of Payments and International Investment Position Manual, Sixth Edition (BPM6)","Public (Unrestricted)","","Public or Unrestricted",""
"Brazil","Net (credits less debits)","Current account balance (credit less debit)","US dollar","Quarterly","2000-Q3","-4956651761.98134","Millions","Millions","","Reported official data","Overlapping Indicator","","","Balance of Payments and International Investment Position Manual, Sixth Edition (BPM6)","Public (Unrestricted)","","Public or Unrestricted",""
"Brazil","Net (credits less debits)","Current account balance (credit less debit)","US dollar","Quarterly","2000-Q4","-9683240298.76682","Millions","Millions","","Reported official data","Overlapping Indicator","","","Balance of Payments and International Investment Position Manual, Sixth Edition (BPM6)","Public (Unrestricted)","","Public or Unrestricted",""
"Brazil","Net (credits less debits)","Current account balance (credit less debit)","US dollar","Quarterly","2001-Q1","-7117639487.2553","Millions","Millions","","Reported official data","Overlapping Indicator","","","Balance of Payments and International Investment Position Manual, Sixth Edition (BPM6)","Public (Unrestricted)","","Public or Unrestricted",""
"Brazil","Net (credits less debits)","Current account balance (credit less debit)","US dollar","Quarterly","2001-Q2","-7114822565.4067","Millions","Millions","","Reported official data","Overlapping Indicator","","","Balance of Payments and International Investment Position Manual, Sixth Edition (BPM6)","Public (Unrestricted)","","Public or Unrestricted",""
"Brazil","Net (credits less debits)","Current account balance (credit less debit)","US dollar","Quarterly","2001-Q3","-4455180502.53939","Millions","Millions","","Reported official data","Overlapping Indicator","","","Balance of Payments and International Investment Position Manual, Sixth Edition (BPM6)","Public (Unrestricted)","","Public or Unrestricted",""
"Brazil","Net (credits less debits)","Current account balance (credit less debit)","US dollar","Quarterly","2001-Q4","-6202434624.61768","Millions","Millions","","Reported official data","Overlapping Indicator","","","Balance of Payments and International Investment Position Manual, Sixth Edition (BPM6)","Public (Unrestricted)","","Public or Unrestricted",""
"Brazil","Net (credits less debits)","Current account balance (credit less debit)","US dollar","Quarterly","2002-Q1","-3642620598.30703","Millions","Millions","","Reported official data","Overlapping Indicator","","","Balance of Payments and International Investment Position Manual, Sixth Edition (BPM6)","Public (Unrestricted)","","Public or Unrestricted",""
"Brazil","Net (credits less debits)","Current account balance (credit less debit)","US dollar","Quarterly","2002-Q2","-5593656421.21092","Millions","Millions","","Reported official data","Overlapping Indicator","","","Balance of Payments and International Investment Position Manual, Sixth Edition (BPM6)","Public (Unrestricted)","","Public or Unrestricted",""
"Brazil","Net (credits less debits)","Current account balance (credit less debit)","US dollar","Quarterly","2002-Q3","539471669.651241","Millions","Millions","","Reported official data","Overlapping Indicator","","","Balance of Payments and International Investment Position Manual, Sixth Edition (BPM6)","Public (Unrestricted)","","Public or Unrestricted",""
"Brazil","Net (credits less debits)","Current account balance (credit less debit)","US dollar","Quarterly","2002-Q4","-710237907.185245","Millions","Millions","","Reported official data","Overlapping Indicator","","","Balance of Payments and International Investment Position Manual, Sixth Edition (BPM6)","Public (Unrestricted)","","Public or Unrestricted",""
"Brazil","Net (credits less debits)","Current account balance (credit less debit)","US dollar","Quarterly","2003-Q1","-255893079.107557","Millions","Millions","","Reported official data","Overlapping Indicator","","","Balance of Payments and International Investment Position Manual, Sixth Edition (BPM6)","Public (Unrestricted)","","Public or Unrestricted",""
"Brazil","Net (credits less debits)","Current account balance (credit less debit)","US dollar","Quarterly","2003-Q2","-73095058.0817953","Millions","Millions","","Reported official data","Overlapping Indicator","","","Balance of Payments and International Investment Position Manual, Sixth Edition (BPM6)","Public (Unrestricted)","","Public or Unrestricted",""
"Brazil","Net (credits less debits)","Current account balance (credit less debit)","US dollar","Quarterly","2003-Q3","2815971283.77809","Millions","Millions","","Reported official data","Overlapping Indicator","","","Balance of Payments and International Investment Position Manual, Sixth Edition (BPM6)","Public (Unrestricted)","","Public or Unrestricted",""
"Brazil","Net (credits less debits)","Current account balance (credit less debit)","US dollar","Quarterly","2003-Q4","-293810128.167443","Millions","Millions","","Reported official data","Overlapping Indicator","","","Balance of Payments and International Investment Position Manual, Sixth Edition (BPM6)","Public (Unrestricted)","","Public or Unrestricted",""
"Brazil","Net (credits less debits)","Current account balance (credit less debit)","US dollar","Quarterly","2004-Q1","1104241675.35967","Millions","Millions","","Reported official data","Overlapping Indicator","","","Balance of Payments and International Investment Position Manual, Sixth Edition (BPM6)","Public (Unrestricted)","","Public or Unrestricted",""
"Brazil","Net (credits less debits)","Current account balance (credit less debit)","US dollar","Quarterly","2004-Q2","2075242162.58634","Millions","Millions","","Reported official data","Overlapping Indicator","","","Balance of Payments and International Investment Position Manual, Sixth Edition (BPM6)","Public (Unrestricted)","","Public or Unrestricted",""
"Brazil","Net (credits less debits)","Current account balance (credit less debit)","US dollar","Quarterly","2004-Q3","4527340459.76469","Millions","Millions","","Reported official data","Overlapping Indicator","","","Balance of Payments and International Investment Position Manual, Sixth Edition (BPM6)","Public (Unrestricted)","","Public or Unrestricted",""
"Brazil","Net (credits less debits)","Current account balance (credit less debit)","US dollar","Quarterly","2004-Q4","1252489066.53227","Millions","Millions","","Reported official data","Overlapping Indicator","","","Balance of Payments and International Investment Position Manual, Sixth Edition (BPM6)","Public (Unrestricted)","","Public or Unrestricted",""
"Brazil","Net (credits less debits)","Current account balance (credit less debit)","US dollar","Quarterly","2005-Q1","2144991570.31224","Millions","Millions","","Reported official data","Overlapping Indicator","","","Balance of Payments and International Investment Position Manual, Sixth Edition (BPM6)","Public (Unrestricted)","","Public or Unrestricted",""
"Brazil","Net (credits less debits)","Current account balance (credit less debit)","US dollar","Quarterly","2005-Q2","1968713816.11524","Millions","Millions","","Reported official data","Overlapping Indicator","","","Balance of Payments and International Investment Position Manual, Sixth Edition (BPM6)","Public (Unrestricted)","","Public or Unrestricted",""
"Brazil","Net (credits less debits)","Current account balance (credit less debit)","US dollar","Quarterly","2005-Q3","5046870274.03457","Millions","Millions","","Reported official data","Overlapping Indicator","","","Balance of Payments and International Investment Position Manual, Sixth Edition (BPM6)","Public (Unrestricted)","","Public or Unrestricted",""
"Brazil","Net (credits less debits)","Current account balance (credit less debit)","US dollar","Quarterly","2005-Q4","2518799281.65556","Millions","Millions","","Reported official data","Overlapping Indicator","","","Balance of Payments and International Investment Position Manual, Sixth Edition (BPM6)","Public (Unrestricted)","","Public or Unrestricted",""
"Brazil","Net (credits less debits)","Current account balance (credit less debit)","US dollar","Quarterly","2006-Q1","943280207.426642","Millions","Millions","","Reported official data","Overlapping Indicator","","","Balance of Payments and International Investment Position Manual, Sixth Edition (BPM6)","Public (Unrestricted)","","Public or Unrestricted",""
"Brazil","Net (credits less debits)","Current account balance (credit less debit)","US dollar","Quarterly","2006-Q2","458099048.022963","Millions","Millions","","Reported official data","Overlapping Indicator","","","Balance of Payments and International Investment Position Manual, Sixth Edition (BPM6)","Public (Unrestricted)","","Public or Unrestricted",""
"Brazil","Net (credits less debits)","Current account balance (credit less debit)","US dollar","Quarterly","2006-Q3","6737678253.62999","Millions","Millions","","Reported official data","Overlapping Indicator","","","Balance of Payments and International Investment Position Manual, Sixth Edition (BPM6)","Public (Unrestricted)","","Public or Unrestricted",""
"Brazil","Net (credits less debits)","Current account balance (credit less debit)","US dollar","Quarterly","2006-Q4","2634942415.38207","Millions","Millions","","Reported official data","Overlapping Indicator","","","Balance of Payments and International Investment Position Manual, Sixth Edition (BPM6)","Public (Unrestricted)","","Public or Unrestricted",""
"Brazil","Net (credits less debits)","Current account balance (credit less debit)","US dollar","Quarterly","2007-Q1","-525030238.128737","Millions","Millions","","Reported official data","Overlapping Indicator","","","Balance of Payments and International Investment Position Manual, Sixth Edition (BPM6)","Public (Unrestricted)","","Public or Unrestricted",""
"Brazil","Net (credits less debits)","Current account balance (credit less debit)","US dollar","Quarterly","2007-Q2","1208275853.74956","Millions","Millions","","Reported official data","Overlapping Indicator","","","Balance of Payments and International Investment Position Manual, Sixth Edition (BPM6)","Public (Unrestricted)","","Public or Unrestricted",""
"Brazil","Net (credits less debits)","Current account balance (credit less debit)","US dollar","Quarterly","2007-Q3","-64173383.4901861","Millions","Millions","","Reported official data","Overlapping Indicator","","","Balance of Payments and International Investment Position Manual, Sixth Edition (BPM6)","Public (Unrestricted)","","Public or Unrestricted",""
"Brazil","Net (credits less debits)","Current account balance (credit less debit)","US dollar","Quarterly","2007-Q4","-3372742427.64927","Millions","Millions","","Reported official data","Overlapping Indicator","","","Balance of Payments and International Investment Position Manual, Sixth Edition (BPM6)","Public (Unrestricted)","","Public or Unrestricted",""
"Brazil","Net (credits less debits)","Current account balance (credit less debit)","US dollar","Quarterly","2008-Q1","-12155313165.558","Millions","Millions","","Reported official data","Overlapping Indicator","","","Balance of Payments and International Investment Position Manual, Sixth Edition (BPM6)","Public (Unrestricted)","","Public or Unrestricted",""
"Brazil","Net (credits less debits)","Current account balance (credit less debit)","US dollar","Quarterly","2008-Q2","-8114006293.83843","Millions","Millions","","Reported official data","Overlapping Indicator","","","Balance of Payments and International Investment Position Manual, Sixth Edition (BPM6)","Public (Unrestricted)","","Public or Unrestricted",""
"Brazil","Net (credits less debits)","Current account balance (credit less debit)","US dollar","Quarterly","2008-Q3","-8637057259.14487","Millions","Millions","","Reported official data","Overlapping Indicator","","","Balance of Payments and International Investment Position Manual, Sixth Edition (BPM6)","Public (Unrestricted)","","Public or Unrestricted",""
"Brazil","Net (credits less debits)","Current account balance (credit less debit)","US dollar","Quarterly","2008-Q4","-6695350894.30165","Millions","Millions","","Reported official data","Overlapping Indicator","","","Balance of Payments and International Investment Position Manual, Sixth Edition (BPM6)","Public (Unrestricted)","","Public or Unrestricted",""
"Brazil","Net (credits less debits)","Current account balance (credit less debit)","US dollar","Quarterly","2009-Q1","-6412101678.02323","Millions","Millions","","Reported official data","Overlapping Indicator","","","Balance of Payments and International Investment Position Manual, Sixth Edition (BPM6)","Public (Unrestricted)","","Public or Unrestricted",""
"Brazil","Net (credits less debits)","Current account balance (credit less debit)","US dollar","Quarterly","2009-Q2","-3030209104.60395","Millions","Millions","","Reported official data","Overlapping Indicator","","","Balance of Payments and International Investment Position Manual, Sixth Edition (BPM6)","Public (Unrestricted)","","Public or Unrestricted",""
"Brazil","Net (credits less debits)","Current account balance (credit less debit)","US dollar","Quarterly","2009-Q3","-6580468245.47835","Millions","Millions","","Reported official data","Overlapping Indicator","","","Balance of Payments and International Investment Position Manual, Sixth Edition (BPM6)","Public (Unrestricted)","","Public or Unrestricted",""
"Brazil","Net (credits less debits)","Current account balance (credit less debit)","US dollar","Quarterly","2009-Q4","-13305654065.51","Millions","Millions","","Reported official data","Overlapping Indicator","","","Balance of Payments and International Investment Position Manual, Sixth Edition (BPM6)","Public (Unrestricted)","","Public or Unrestricted",""
"Brazil","Net (credits less debits)","Current account balance (credit less debit)","US dollar","Quarterly","2010-Q1","-23077007817.245","Millions","Millions","","Reported official data","Overlapping Indicator","","","Balance of Payments and International Investment Position Manual, Sixth Edition (BPM6)","Public (Unrestricted)","","Public or Unrestricted",""
"Brazil","Net (credits less debits)","Current account balance (credit less debit)","US dollar","Quarterly","2010-Q2","-19371555704.665","Millions","Millions","","Reported official data","Overlapping Indicator","","","Balance of Payments and International Investment Position Manual, Sixth Edition (BPM6)","Public (Unrestricted)","","Public or Unrestricted",""
"Brazil","Net (credits less debits)","Current account balance (credit less debit)","US dollar","Quarterly","2010-Q3","-23931447279.25","Millions","Millions","","Reported official data","Overlapping Indicator","","","Balance of Payments and International Investment Position Manual, Sixth Edition (BPM6)","Public (Unrestricted)","","Public or Unrestricted",""
"Brazil","Net (credits less debits)","Current account balance (credit less debit)","US dollar","Quarterly","2010-Q4","-20337767283.09","Millions","Millions","","Reported official data","Overlapping Indicator","","","Balance of Payments and International Investment Position Manual, Sixth Edition (BPM6)","Public (Unrestricted)","","Public or Unrestricted",""
"Brazil","Net (credits less debits)","Current account balance (credit less debit)","US dollar","Quarterly","2011-Q1","-22235460974.23","Millions","Millions","","Reported official data","Overlapping Indicator","","","Balance of Payments and International Investment Position Manual, Sixth Edition (BPM6)","Public (Unrestricted)","","Public or Unrestricted",""
"Brazil","Net (credits less debits)","Current account balance (credit less debit)","US dollar","Quarterly","2011-Q2","-19021877506.805","Millions","Millions","","Reported official data","Overlapping Indicator","","","Balance of Payments and International Investment Position Manual, Sixth Edition (BPM6)","Public (Unrestricted)","","Public or Unrestricted",""
"Brazil","Net (credits less debits)","Current account balance (credit less debit)","US dollar","Quarterly","2011-Q3","-20604273069.825","Millions","Millions","","Reported official data","Overlapping Indicator","","","Balance of Payments and International Investment Position Manual, Sixth Edition (BPM6)","Public (Unrestricted)","","Public or Unrestricted",""
"Brazil","Net (credits less debits)","Current account balance (credit less debit)","US dollar","Quarterly","2011-Q4","-21714594433.505","Millions","Millions","","Reported official data","Overlapping Indicator","","","Balance of Payments and International Investment Position Manual, Sixth Edition (BPM6)","Public (Unrestricted)","","Public or Unrestricted",""
"Brazil","Net (credits less debits)","Current account balance (credit less debit)","US dollar","Quarterly","2012-Q1","-24654722571.575","Millions","Millions","","Reported official data","Overlapping Indicator","","","Balance of Payments and International Investment Position Manual, Sixth Edition (BPM6)","Public (Unrestricted)","","Public or Unrestricted",""
"Brazil","Net (credits less debits)","Current account balance (credit less debit)","US dollar","Quarterly","2012-Q2","-21507089188.63","Millions","Millions","","Reported official data","Overlapping Indicator","","","Balance of Payments and International Investment Position Manual, Sixth Edition (BPM6)","Public (Unrestricted)","","Public or Unrestricted",""
"Brazil","Net (credits less debits)","Current account balance (credit less debit)","US dollar","Quarterly","2012-Q3","-19093425106.4","Millions","Millions","","Reported official data","Overlapping Indicator","","","Balance of Payments and International Investment Position Manual, Sixth Edition (BPM6)","Public (Unrestricted)","","Public or Unrestricted",""
"Brazil","Net (credits less debits)","Current account balance (credit less debit)","US dollar","Quarterly","2012-Q4","-27422934469.765","Millions","Millions","","Reported official data","Overlapping Indicator","","","Balance of Payments and International Investment Position Manual, Sixth Edition (BPM6)","Public (Unrestricted)","","Public or Unrestricted",""
"Brazil","Net (credits less debits)","Current account balance (credit less debit)","US dollar","Quarterly","2013-Q1","-27525405480.35","Millions","Millions","","Reported official data","Overlapping Indicator","","","Balance of Payments and International Investment Position Manual, Sixth Edition (BPM6)","Public (Unrestricted)","","Public or Unrestricted",""
"Brazil","Net (credits less debits)","Current account balance (credit less debit)","US dollar","Quarterly","2013-Q2","-18815758680.195","Millions","Millions","","Reported official data","Overlapping Indicator","","","Balance of Payments and International Investment Position Manual, Sixth Edition (BPM6)","Public (Unrestricted)","","Public or Unrestricted",""
"Brazil","Net (credits less debits)","Current account balance (credit less debit)","US dollar","Quarterly","2013-Q3","-23323367303.385","Millions","Millions","","Reported official data","Overlapping Indicator","","","Balance of Payments and International Investment Position Manual, Sixth Edition (BPM6)","Public (Unrestricted)","","Public or Unrestricted",""
"Brazil","Net (credits less debits)","Current account balance (credit less debit)","US dollar","Quarterly","2013-Q4","-18719498629.16","Millions","Millions","","Reported official data","Overlapping Indicator","","","Balance of Payments and International Investment Position Manual, Sixth Edition (BPM6)","Public (Unrestricted)","","Public or Unrestricted",""
"Brazil","Net (credits less debits)","Current account balance (credit less debit)","US dollar","Quarterly","2014-Q1","-31329967087.57","Millions","Millions","","Reported official data","Overlapping Indicator","","","Balance of Payments and International Investment Position Manual, Sixth Edition (BPM6)","Public (Unrestricted)","","Public or Unrestricted",""
"Brazil","Net (credits less debits)","Current account balance (credit less debit)","US dollar","Quarterly","2014-Q2","-21844019512.07","Millions","Millions","","Reported official data","Overlapping Indicator","","","Balance of Payments and International Investment Position Manual, Sixth Edition (BPM6)","Public (Unrestricted)","","Public or Unrestricted",""
"Brazil","Net (credits less debits)","Current account balance (credit less debit)","US dollar","Quarterly","2014-Q3","-26564271967.2","Millions","Millions","","Reported official data","Overlapping Indicator","","","Balance of Payments and International Investment Position Manual, Sixth Edition (BPM6)","Public (Unrestricted)","","Public or Unrestricted",""
"Brazil","Net (credits less debits)","Current account balance (credit less debit)","US dollar","Quarterly","2014-Q4","-30754982783.015","Millions","Millions","","Reported official data","Overlapping Indicator","","","Balance of Payments and International Investment Position Manual, Sixth Edition (BPM6)","Public (Unrestricted)","","Public or Unrestricted",""
"Brazil","Net (credits less debits)","Current account balance (credit less debit)","US dollar","Quarterly","2015-Q1","-27518565073.22","Millions","Millions","","Reported official data","Overlapping Indicator","","","Balance of Payments and International Investment Position Manual, Sixth Edition (BPM6)","Public (Unrestricted)","","Public or Unrestricted",""
"Brazil","Net (credits less debits)","Current account balance (credit less debit)","US dollar","Quarterly","2015-Q2","-14502930004.035","Millions","Millions","","Reported official data","Overlapping Indicator","","","Balance of Payments and International Investment Position Manual, Sixth Edition (BPM6)","Public (Unrestricted)","","Public or Unrestricted",""
"Brazil","Net (credits less debits)","Current account balance (credit less debit)","US dollar","Quarterly","2015-Q3","-12575206704.785","Millions","Millions","","Reported official data","Overlapping Indicator","","","Balance of Payments and International Investment Position Manual, Sixth Edition (BPM6)","Public (Unrestricted)","","Public or Unrestricted",""
"Brazil","Net (credits less debits)","Current account balance (credit less debit)","US dollar","Quarterly","2015-Q4","-8812182342.175","Millions","Millions","","Reported official data","Overlapping Indicator","","","Balance of Payments and International Investment Position Manual, Sixth Edition (BPM6)","Public (Unrestricted)","","Public or Unrestricted",""
"Brazil","Net (credits less debits)","Current account balance (credit less debit)","US dollar","Quarterly","2016-Q1","-9825633324.765","Millions","Millions","","Reported official data","Overlapping Indicator","","","Balance of Payments and International Investment Position Manual, Sixth Edition (BPM6)","Public (Unrestricted)","","Public or Unrestricted",""
"Brazil","Net (credits less debits)","Current account balance (credit less debit)","US dollar","Quarterly","2016-Q2","-3466797014.67","Millions","Millions","","Reported official data","Overlapping Indicator","","","Balance of Payments and International Investment Position Manual, Sixth Edition (BPM6)","Public (Unrestricted)","","Public or Unrestricted",""
"Brazil","Net (credits less debits)","Current account balance (credit less debit)","US dollar","Quarterly","2016-Q3","-7704359427.125","Millions","Millions","","Reported official data","Overlapping Indicator","","","Balance of Payments and International Investment Position Manual, Sixth Edition (BPM6)","Public (Unrestricted)","","Public or Unrestricted",""
"Brazil","Net (credits less debits)","Current account balance (credit less debit)","US dollar","Quarterly","2016-Q4","-9532035700.26","Millions","Millions","","Reported official data","Overlapping Indicator","","","Balance of Payments and International Investment Position Manual, Sixth Edition (BPM6)","Public (Unrestricted)","","Public or Unrestricted",""
"Brazil","Net (credits less debits)","Current account balance (credit less debit)","US dollar","Quarterly","2017-Q1","-7656880397.89501","Millions","Millions","","Reported official data","Overlapping Indicator","","","Balance of Payments and International Investment Position Manual, Sixth Edition (BPM6)","Public (Unrestricted)","","Public or Unrestricted",""
"Brazil","Net (credits less debits)","Current account balance (credit less debit)","US dollar","Quarterly","2017-Q2","-135364554.349999","Millions","Millions","","Reported official data","Overlapping Indicator","","","Balance of Payments and International Investment Position Manual, Sixth Edition (BPM6)","Public (Unrestricted)","","Public or Unrestricted",""
"Brazil","Net (credits less debits)","Current account balance (credit less debit)","US dollar","Quarterly","2017-Q3","-7381253463.23999","Millions","Millions","","Reported official data","Overlapping Indicator","","","Balance of Payments and International Investment Position Manual, Sixth Edition (BPM6)","Public (Unrestricted)","","Public or Unrestricted",""
"Brazil","Net (credits less debits)","Current account balance (credit less debit)","US dollar","Quarterly","2017-Q4","-10090100134.725","Millions","Millions","","Reported official data","Overlapping Indicator","","","Balance of Payments and International Investment Position Manual, Sixth Edition (BPM6)","Public (Unrestricted)","","Public or Unrestricted",""
"Brazil","Net (credits less debits)","Current account balance (credit less debit)","US dollar","Quarterly","2018-Q1","-17041657421.43","Millions","Millions","","Reported official data","Overlapping Indicator","","","Balance of Payments and International Investment Position Manual, Sixth Edition (BPM6)","Public (Unrestricted)","","Public or Unrestricted",""
"Brazil","Net (credits less debits)","Current account balance (credit less debit)","US dollar","Quarterly","2018-Q2","-6939510863.73999","Millions","Millions","","Reported official data","Overlapping Indicator","","","Balance of Payments and International Investment Position Manual, Sixth Edition (BPM6)","Public (Unrestricted)","","Public or Unrestricted",""
"Brazil","Net (credits less debits)","Current account balance (credit less debit)","US dollar","Quarterly","2018-Q3","-15683692454.79","Millions","Millions","","Reported official data","Overlapping Indicator","","","Balance of Payments and International Investment Position Manual, Sixth Edition (BPM6)","Public (Unrestricted)","","Public or Unrestricted",""
"Brazil","Net (credits less debits)","Current account balance (credit less debit)","US dollar","Quarterly","2018-Q4","-14153443481.025","Millions","Millions","","Reported official data","Overlapping Indicator","","","Balance of Payments and International Investment Position Manual, Sixth Edition (BPM6)","Public (Unrestricted)","","Public or Unrestricted",""
"Brazil","Net (credits less debits)","Current account balance (credit less debit)","US dollar","Quarterly","2019-Q1","-15871294806.79","Millions","Millions","","Reported official data","Overlapping Indicator","","","Balance of Payments and International Investment Position Manual, Sixth Edition (BPM6)","Public (Unrestricted)","","Public or Unrestricted",""
"Brazil","Net (credits less debits)","Current account balance (credit less debit)","US dollar","Quarterly","2019-Q2","-8898049312.61","Millions","Millions","","Reported official data","Overlapping Indicator","","","Balance of Payments and International Investment Position Manual, Sixth Edition (BPM6)","Public (Unrestricted)","","Public or Unrestricted",""
"Brazil","Net (credits less debits)","Current account balance (credit less debit)","US dollar","Quarterly","2019-Q3","-21557712540.04","Millions","Millions","","Reported official data","Overlapping Indicator","","","Balance of Payments and International Investment Position Manual, Sixth Edition (BPM6)","Public (Unrestricted)","","Public or Unrestricted",""
"Brazil","Net (credits less debits)","Current account balance (credit less debit)","US dollar","Quarterly","2019-Q4","-18674092358.665","Millions","Millions","","Reported official data","Overlapping Indicator","","","Balance of Payments and International Investment Position Manual, Sixth Edition (BPM6)","Public (Unrestricted)","","Public or Unrestricted",""
"Brazil","Net (credits less debits)","Current account balance (credit less debit)","US dollar","Quarterly","2020-Q1","-19157655951.59","Millions","Millions","","Reported official data","Overlapping Indicator","","","Balance of Payments and International Investment Position Manual, Sixth Edition (BPM6)","Public (Unrestricted)","","Public or Unrestricted",""
"Brazil","Net (credits less debits)","Current account balance (credit less debit)","US dollar","Quarterly","2020-Q2","5619102634.255","Millions","Millions","","Reported official data","Overlapping Indicator","","","Balance of Payments and International Investment Position Manual, Sixth Edition (BPM6)","Public (Unrestricted)","","Public or Unrestricted",""
"Brazil","Net (credits less debits)","Current account balance (credit less debit)","US dollar","Quarterly","2020-Q3","724433181.929995","Millions","Millions","","Reported official data","Overlapping Indicator","","","Balance of Payments and International Investment Position Manual, Sixth Edition (BPM6)","Public (Unrestricted)","","Public or Unrestricted",""
"Brazil","Net (credits less debits)","Current account balance (credit less debit)","US dollar","Quarterly","2020-Q4","-12099441367.68","Millions","Millions","","Reported official data","Overlapping Indicator","","","Balance of Payments and International Investment Position Manual, Sixth Edition (BPM6)","Public (Unrestricted)","","Public or Unrestricted",""
"Brazil","Net (credits less debits)","Current account balance (credit less debit)","US dollar","Quarterly","2021-Q1","-20477967209.285","Millions","Millions","","Reported official data","Overlapping Indicator","","","Balance of Payments and International Investment Position Manual, Sixth Edition (BPM6)","Public (Unrestricted)","","Public or Unrestricted",""
"Brazil","Net (credits less debits)","Current account balance (credit less debit)","US dollar","Quarterly","2021-Q2","9097024015.05499","Millions","Millions","","Reported official data","Overlapping Indicator","","","Balance of Payments and International Investment Position Manual, Sixth Edition (BPM6)","Public (Unrestricted)","","Public or Unrestricted",""
"Brazil","Net (credits less debits)","Current account balance (credit less debit)","US dollar","Quarterly","2021-Q3","-8061629361.93998","Millions","Millions","","Reported official data","Overlapping Indicator","","","Balance of Payments and International Investment Position Manual, Sixth Edition (BPM6)","Public (Unrestricted)","","Public or Unrestricted",""
"Brazil","Net (credits less debits)","Current account balance (credit less debit)","US dollar","Quarterly","2021-Q4","-20966473400.34","Millions","Millions","","Reported official data","Overlapping Indicator","","","Balance of Payments and International Investment Position Manual, Sixth Edition (BPM6)","Public (Unrestricted)","","Public or Unrestricted",""
"Brazil","Net (credits less debits)","Current account balance (credit less debit)","US dollar","Quarterly","2022-Q1","-10111204142.095","Millions","Millions","","Reported official data","Overlapping Indicator","","","Balance of Payments and International Investment Position Manual, Sixth Edition (BPM6)","Public (Unrestricted)","","Public or Unrestricted",""
"Brazil","Net (credits less debits)","Current account balance (credit less debit)","US dollar","Quarterly","2022-Q2","-911566936.380019","Millions","Millions","","Reported official data","Overlapping Indicator","","","Balance of Payments and International Investment Position Manual, Sixth Edition (BPM6)","Public (Unrestricted)","","Public or Unrestricted",""
"Brazil","Net (credits less debits)","Current account balance (credit less debit)","US dollar","Quarterly","2022-Q3","-18655482317.63","Millions","Millions","","Reported official data","Overlapping Indicator","","","Balance of Payments and International Investment Position Manual, Sixth Edition (BPM6)","Public (Unrestricted)","","Public or Unrestricted",""
"Brazil","Net (credits less debits)","Current account balance (credit less debit)","US dollar","Quarterly","2022-Q4","-12478552485.265","Millions","Millions","","Reported official data","Overlapping Indicator","","","Balance of Payments and International Investment Position Manual, Sixth Edition (BPM6)","Public (Unrestricted)","","Public or Unrestricted",""
"Brazil","Net (credits less debits)","Current account balance (credit less debit)","US dollar","Quarterly","2023-Q1","-14023060894.225","Millions","Millions","","Reported official data","Overlapping Indicator","","","Balance of Payments and International Investment Position Manual, Sixth Edition (BPM6)","Public (Unrestricted)","","Public or Unrestricted",""
"Brazil","Net (credits less debits)","Current account balance (credit less debit)","US dollar","Quarterly","2023-Q2","-2579894820.95998","Millions","Millions","","Reported official data","Overlapping Indicator","","","Balance of Payments and International Investment Position Manual, Sixth Edition (BPM6)","Public (Unrestricted)","","Public or Unrestricted",""
"Brazil","Net (credits less debits)","Current account balance (credit less debit)","US dollar","Quarterly","2023-Q3","-5217139211.435","Millions","Millions","","Reported official data","Overlapping Indicator","","","Balance of Payments and International Investment Position Manual, Sixth Edition (BPM6)","Public (Unrestricted)","","Public or Unrestricted",""
"Brazil","Net (credits less debits)","Current account balance (credit less debit)","US dollar","Quarterly","2023-Q4","-6112687360.13499","Millions","Millions","","Reported official data","Overlapping Indicator","","","Balance of Payments and International Investment Position Manual, Sixth Edition (BPM6)","Public (Unrestricted)","","Public or Unrestricted",""
"Brazil","Net (credits less debits)","Current account balance (credit less debit)","US dollar","Quarterly","2024-Q1","-12397204633.7","Millions","Millions","","Reported official data","Overlapping Indicator","","","Balance of Payments and International Investment Position Manual, Sixth Edition (BPM6)","Public (Unrestricted)","","Public or Unrestricted",""
"Brazil","Net (credits less debits)","Current account balance (credit less debit)","US dollar","Quarterly","2024-Q2","-8727434121.34999","Millions","Millions","","Reported official data","Overlapping Indicator","","","Balance of Payments and International Investment Position Manual, Sixth Edition (BPM6)","Public (Unrestricted)","","Public or Unrestricted",""
"Brazil","Net (credits less debits)","Current account balance (credit less debit)","US dollar","Quarterly","2024-Q3","-20104260171.05","Millions","Millions","","Reported official data","Overlapping Indicator","","","Balance of Payments and International Investment Position Manual, Sixth Edition (BPM6)","Public (Unrestricted)","","Public or Unrestricted",""
"Brazil","Net (credits less debits)","Current account balance (credit less debit)","US dollar","Quarterly","2024-Q4","-19965367911.3","Millions","Millions","","Reported official data","Overlapping Indicator","","","Balance of Payments and International Investment Position Manual, Sixth Edition (BPM6)","Public (Unrestricted)","","Public or Unrestricted",""
"Brazil","Net (credits less debits)","Current account balance (credit less debit)","US dollar","Quarterly","2025-Q1","-19670191725.77","Millions","Millions","","Reported official data","Overlapping Indicator","","","Balance of Payments and International Investment Position Manual, Sixth Edition (BPM6)","Public (Unrestricted)","","Public or Unrestricted",""
