﻿"COUNTRY","INDICATOR","TYPE_OF_TRANSFORMATION","FREQUENCY","TIME_PERIOD","OBS_VALUE","SCALE","PRECISION","DECIMALS_DISPLAYED","DERIVATION_TYPE","OVERLAP","IFS_FLAG","REFERENCE_PERIOD","STATUS","METHODOLOGY","ACCESS_SHARING_LEVEL","ACCESS_SHARING_NOTES","SECURITY_CLASSIFICATION","SOURCE"
"Brazil","Labor force","Persons","Annual","1992","66139322","Thousands","","","Reported official data","Overlapping Indicator","true","","","International Labor Organization (ILO)","Public (Unrestricted)","","Public or Unrestricted",""
"Brazil","Labor force","Persons","Annual","1993","67159425","Thousands","","","Reported official data","Overlapping Indicator","true","","","International Labor Organization (ILO)","Public (Unrestricted)","","Public or Unrestricted",""
"Brazil","Labor force","Persons","Annual","1995","74138441","Thousands","","","Reported official data","Overlapping Indicator","true","","","International Labor Organization (ILO)","Public (Unrestricted)","","Public or Unrestricted",""
"Brazil","Labor force","Persons","Annual","1996","72996977","Thousands","","","Reported official data","Overlapping Indicator","true","","","International Labor Organization (ILO)","Public (Unrestricted)","","Public or Unrestricted",""
"Brazil","Labor force","Persons","Annual","1997","75213280","Thousands","","","Reported official data","Overlapping Indicator","true","","","International Labor Organization (ILO)","Public (Unrestricted)","","Public or Unrestricted",""
"Brazil","Labor force","Persons","Annual","1998","76885730","Thousands","","","Reported official data","Overlapping Indicator","true","","","International Labor Organization (ILO)","Public (Unrestricted)","","Public or Unrestricted",""
"Brazil","Labor force","Persons","Annual","1999","79315290","Thousands","","","Reported official data","Overlapping Indicator","true","","","International Labor Organization (ILO)","Public (Unrestricted)","","Public or Unrestricted",""
"Brazil","Labor force","Persons","Annual","2000","77467470","Thousands","","","Reported official data","Overlapping Indicator","true","","","International Labor Organization (ILO)","Public (Unrestricted)","","Public or Unrestricted",""
"Brazil","Labor force","Persons","Annual","2001","83951780","Thousands","","","Reported official data","Overlapping Indicator","true","","","International Labor Organization (ILO)","Public (Unrestricted)","","Public or Unrestricted",""
"Brazil","Labor force","Persons","Annual","2002","86917350","Thousands","","","Reported official data","Overlapping Indicator","true","","","International Labor Organization (ILO)","Public (Unrestricted)","","Public or Unrestricted",""
"Brazil","Labor force","Persons","Annual","2013","97668250","Thousands","","","Reported official data","Overlapping Indicator","true","","","International Labor Organization (ILO)","Public (Unrestricted)","","Public or Unrestricted",""
"Brazil","Labor force","Persons","Annual","2014","98704250.00000002","Thousands","","","Reported official data","Overlapping Indicator","true","","","International Labor Organization (ILO)","Public (Unrestricted)","","Public or Unrestricted",""
"Brazil","Labor force","Persons","Annual","2015","100574666.6666667","Thousands","","","Reported official data","Overlapping Indicator","true","","","International Labor Organization (ILO)","Public (Unrestricted)","","Public or Unrestricted",""
"Brazil","Labor force","Persons","Annual","2016","102032750","Thousands","","","Reported official data","Overlapping Indicator","true","","","International Labor Organization (ILO)","Public (Unrestricted)","","Public or Unrestricted",""
"Brazil","Labor force","Persons","Annual","2017","103743000","Thousands","","","Reported official data","Overlapping Indicator","true","","","International Labor Organization (ILO)","Public (Unrestricted)","","Public or Unrestricted",""
"Brazil","Labor force","Persons","Annual","2018","104293166.6666667","Thousands","","","Reported official data","Overlapping Indicator","true","","","International Labor Organization (ILO)","Public (Unrestricted)","","Public or Unrestricted",""
"Brazil","Labor force","Persons","Annual","2019","105852333.3333334","Thousands","","","Reported official data","Overlapping Indicator","true","","","International Labor Organization (ILO)","Public (Unrestricted)","","Public or Unrestricted",""
"Brazil","Labor force","Persons","Annual","2020","101254416.6666666","Thousands","","","Reported official data","Overlapping Indicator","true","","","International Labor Organization (ILO)","Public (Unrestricted)","","Public or Unrestricted",""
"Brazil","Labor force","Persons","Annual","2021","104652416.6666667","Thousands","","","Reported official data","Overlapping Indicator","true","","","International Labor Organization (ILO)","Public (Unrestricted)","","Public or Unrestricted",""
"Brazil","Labor force","Persons","Annual","2022","108112416.6666666","Thousands","","","Reported official data","Overlapping Indicator","true","","","International Labor Organization (ILO)","Public (Unrestricted)","","Public or Unrestricted",""
"Brazil","Labor force","Persons","Annual","2023","107882333.3333333","Thousands","","","Reported official data","Overlapping Indicator","true","","","International Labor Organization (ILO)","Public (Unrestricted)","","Public or Unrestricted",""
"Brazil","Labor force","Persons","Monthly","2012-M03","95644000","Thousands","","","Reported official data","Overlapping Indicator","true","","","International Labor Organization (ILO)","Public (Unrestricted)","","Public or Unrestricted",""
"Brazil","Labor force","Persons","Monthly","2012-M04","96293000","Thousands","","","Reported official data","Overlapping Indicator","true","","","International Labor Organization (ILO)","Public (Unrestricted)","","Public or Unrestricted",""
"Brazil","Labor force","Persons","Monthly","2012-M05","96645000","Thousands","","","Reported official data","Overlapping Indicator","true","","","International Labor Organization (ILO)","Public (Unrestricted)","","Public or Unrestricted",""
"Brazil","Labor force","Persons","Monthly","2012-M06","96844000","Thousands","","","Reported official data","Overlapping Indicator","true","","","International Labor Organization (ILO)","Public (Unrestricted)","","Public or Unrestricted",""
"Brazil","Labor force","Persons","Monthly","2012-M07","96815000","Thousands","","","Reported official data","Overlapping Indicator","true","","","International Labor Organization (ILO)","Public (Unrestricted)","","Public or Unrestricted",""
"Brazil","Labor force","Persons","Monthly","2012-M08","96936000","Thousands","","","Reported official data","Overlapping Indicator","true","","","International Labor Organization (ILO)","Public (Unrestricted)","","Public or Unrestricted",""
"Brazil","Labor force","Persons","Monthly","2012-M09","96938000","Thousands","","","Reported official data","Overlapping Indicator","true","","","International Labor Organization (ILO)","Public (Unrestricted)","","Public or Unrestricted",""
"Brazil","Labor force","Persons","Monthly","2012-M10","96847000","Thousands","","","Reported official data","Overlapping Indicator","true","","","International Labor Organization (ILO)","Public (Unrestricted)","","Public or Unrestricted",""
"Brazil","Labor force","Persons","Monthly","2012-M11","96874000","Thousands","","","Reported official data","Overlapping Indicator","true","","","International Labor Organization (ILO)","Public (Unrestricted)","","Public or Unrestricted",""
"Brazil","Labor force","Persons","Monthly","2012-M12","96959000","Thousands","","","Reported official data","Overlapping Indicator","true","","","International Labor Organization (ILO)","Public (Unrestricted)","","Public or Unrestricted",""
"Brazil","Labor force","Persons","Monthly","2013-M01","96965000","Thousands","","","Reported official data","Overlapping Indicator","true","","","International Labor Organization (ILO)","Public (Unrestricted)","","Public or Unrestricted",""
"Brazil","Labor force","Persons","Monthly","2013-M02","97072000","Thousands","","","Reported official data","Overlapping Indicator","true","","","International Labor Organization (ILO)","Public (Unrestricted)","","Public or Unrestricted",""
"Brazil","Labor force","Persons","Monthly","2013-M03","97197000","Thousands","","","Reported official data","Overlapping Indicator","true","","","International Labor Organization (ILO)","Public (Unrestricted)","","Public or Unrestricted",""
"Brazil","Labor force","Persons","Monthly","2013-M04","97531000","Thousands","","","Reported official data","Overlapping Indicator","true","","","International Labor Organization (ILO)","Public (Unrestricted)","","Public or Unrestricted",""
"Brazil","Labor force","Persons","Monthly","2013-M05","97696000","Thousands","","","Reported official data","Overlapping Indicator","true","","","International Labor Organization (ILO)","Public (Unrestricted)","","Public or Unrestricted",""
"Brazil","Labor force","Persons","Monthly","2013-M06","97829000","Thousands","","","Reported official data","Overlapping Indicator","true","","","International Labor Organization (ILO)","Public (Unrestricted)","","Public or Unrestricted",""
"Brazil","Labor force","Persons","Monthly","2013-M07","97989000","Thousands","","","Reported official data","Overlapping Indicator","true","","","International Labor Organization (ILO)","Public (Unrestricted)","","Public or Unrestricted",""
"Brazil","Labor force","Persons","Monthly","2013-M08","97931000","Thousands","","","Reported official data","Overlapping Indicator","true","","","International Labor Organization (ILO)","Public (Unrestricted)","","Public or Unrestricted",""
"Brazil","Labor force","Persons","Monthly","2013-M09","97971000","Thousands","","","Reported official data","Overlapping Indicator","true","","","International Labor Organization (ILO)","Public (Unrestricted)","","Public or Unrestricted",""
"Brazil","Labor force","Persons","Monthly","2013-M10","97871000","Thousands","","","Reported official data","Overlapping Indicator","true","","","International Labor Organization (ILO)","Public (Unrestricted)","","Public or Unrestricted",""
"Brazil","Labor force","Persons","Monthly","2013-M11","98033000","Thousands","","","Reported official data","Overlapping Indicator","true","","","International Labor Organization (ILO)","Public (Unrestricted)","","Public or Unrestricted",""
"Brazil","Labor force","Persons","Monthly","2013-M12","97934000","Thousands","","","Reported official data","Overlapping Indicator","true","","","International Labor Organization (ILO)","Public (Unrestricted)","","Public or Unrestricted",""
"Brazil","Labor force","Persons","Monthly","2014-M01","97846000","Thousands","","","Reported official data","Overlapping Indicator","true","","","International Labor Organization (ILO)","Public (Unrestricted)","","Public or Unrestricted",""
"Brazil","Labor force","Persons","Monthly","2014-M02","98110000","Thousands","","","Reported official data","Overlapping Indicator","true","","","International Labor Organization (ILO)","Public (Unrestricted)","","Public or Unrestricted",""
"Brazil","Labor force","Persons","Monthly","2014-M03","98300000","Thousands","","","Reported official data","Overlapping Indicator","true","","","International Labor Organization (ILO)","Public (Unrestricted)","","Public or Unrestricted",""
"Brazil","Labor force","Persons","Monthly","2014-M04","98593000","Thousands","","","Reported official data","Overlapping Indicator","true","","","International Labor Organization (ILO)","Public (Unrestricted)","","Public or Unrestricted",""
"Brazil","Labor force","Persons","Monthly","2014-M05","98695000","Thousands","","","Reported official data","Overlapping Indicator","true","","","International Labor Organization (ILO)","Public (Unrestricted)","","Public or Unrestricted",""
"Brazil","Labor force","Persons","Monthly","2014-M06","98819000","Thousands","","","Reported official data","Overlapping Indicator","true","","","International Labor Organization (ILO)","Public (Unrestricted)","","Public or Unrestricted",""
"Brazil","Labor force","Persons","Monthly","2014-M07","98742000","Thousands","","","Reported official data","Overlapping Indicator","true","","","International Labor Organization (ILO)","Public (Unrestricted)","","Public or Unrestricted",""
"Brazil","Labor force","Persons","Monthly","2014-M08","98734000","Thousands","","","Reported official data","Overlapping Indicator","true","","","International Labor Organization (ILO)","Public (Unrestricted)","","Public or Unrestricted",""
"Brazil","Labor force","Persons","Monthly","2014-M09","98974000","Thousands","","","Reported official data","Overlapping Indicator","true","","","International Labor Organization (ILO)","Public (Unrestricted)","","Public or Unrestricted",""
"Brazil","Labor force","Persons","Monthly","2014-M10","99156000","Thousands","","","Reported official data","Overlapping Indicator","true","","","International Labor Organization (ILO)","Public (Unrestricted)","","Public or Unrestricted",""
"Brazil","Labor force","Persons","Monthly","2014-M11","99156000","Thousands","","","Reported official data","Overlapping Indicator","true","","","International Labor Organization (ILO)","Public (Unrestricted)","","Public or Unrestricted",""
"Brazil","Labor force","Persons","Monthly","2014-M12","99326000","Thousands","","","Reported official data","Overlapping Indicator","true","","","International Labor Organization (ILO)","Public (Unrestricted)","","Public or Unrestricted",""
"Brazil","Labor force","Persons","Monthly","2015-M01","99453000","Thousands","","","Reported official data","Overlapping Indicator","true","","","International Labor Organization (ILO)","Public (Unrestricted)","","Public or Unrestricted",""
"Brazil","Labor force","Persons","Monthly","2015-M02","99706000","Thousands","","","Reported official data","Overlapping Indicator","true","","","International Labor Organization (ILO)","Public (Unrestricted)","","Public or Unrestricted",""
"Brazil","Labor force","Persons","Monthly","2015-M03","99957000","Thousands","","","Reported official data","Overlapping Indicator","true","","","International Labor Organization (ILO)","Public (Unrestricted)","","Public or Unrestricted",""
"Brazil","Labor force","Persons","Monthly","2015-M04","100207000","Thousands","","","Reported official data","Overlapping Indicator","true","","","International Labor Organization (ILO)","Public (Unrestricted)","","Public or Unrestricted",""
"Brazil","Labor force","Persons","Monthly","2015-M05","100261000","Thousands","","","Reported official data","Overlapping Indicator","true","","","International Labor Organization (ILO)","Public (Unrestricted)","","Public or Unrestricted",""
"Brazil","Labor force","Persons","Monthly","2015-M06","100566000","Thousands","","","Reported official data","Overlapping Indicator","true","","","International Labor Organization (ILO)","Public (Unrestricted)","","Public or Unrestricted",""
"Brazil","Labor force","Persons","Monthly","2015-M07","100807000","Thousands","","","Reported official data","Overlapping Indicator","true","","","International Labor Organization (ILO)","Public (Unrestricted)","","Public or Unrestricted",""
"Brazil","Labor force","Persons","Monthly","2015-M08","100931000","Thousands","","","Reported official data","Overlapping Indicator","true","","","International Labor Organization (ILO)","Public (Unrestricted)","","Public or Unrestricted",""
"Brazil","Labor force","Persons","Monthly","2015-M09","101069000","Thousands","","","Reported official data","Overlapping Indicator","true","","","International Labor Organization (ILO)","Public (Unrestricted)","","Public or Unrestricted",""
"Brazil","Labor force","Persons","Monthly","2015-M10","101356000","Thousands","","","Reported official data","Overlapping Indicator","true","","","International Labor Organization (ILO)","Public (Unrestricted)","","Public or Unrestricted",""
"Brazil","Labor force","Persons","Monthly","2015-M11","101265000","Thousands","","","Reported official data","Overlapping Indicator","true","","","International Labor Organization (ILO)","Public (Unrestricted)","","Public or Unrestricted",""
"Brazil","Labor force","Persons","Monthly","2015-M12","101318000","Thousands","","","Reported official data","Overlapping Indicator","true","","","International Labor Organization (ILO)","Public (Unrestricted)","","Public or Unrestricted",""
"Brazil","Labor force","Persons","Monthly","2016-M01","101220000","Thousands","","","Reported official data","Overlapping Indicator","true","","","International Labor Organization (ILO)","Public (Unrestricted)","","Public or Unrestricted",""
"Brazil","Labor force","Persons","Monthly","2016-M02","101505000","Thousands","","","Reported official data","Overlapping Indicator","true","","","International Labor Organization (ILO)","Public (Unrestricted)","","Public or Unrestricted",""
"Brazil","Labor force","Persons","Monthly","2016-M03","101728000","Thousands","","","Reported official data","Overlapping Indicator","true","","","International Labor Organization (ILO)","Public (Unrestricted)","","Public or Unrestricted",""
"Brazil","Labor force","Persons","Monthly","2016-M04","102044000","Thousands","","","Reported official data","Overlapping Indicator","true","","","International Labor Organization (ILO)","Public (Unrestricted)","","Public or Unrestricted",""
"Brazil","Labor force","Persons","Monthly","2016-M05","102289000","Thousands","","","Reported official data","Overlapping Indicator","true","","","International Labor Organization (ILO)","Public (Unrestricted)","","Public or Unrestricted",""
"Brazil","Labor force","Persons","Monthly","2016-M06","102384000","Thousands","","","Reported official data","Overlapping Indicator","true","","","International Labor Organization (ILO)","Public (Unrestricted)","","Public or Unrestricted",""
"Brazil","Labor force","Persons","Monthly","2016-M07","102334000","Thousands","","","Reported official data","Overlapping Indicator","true","","","International Labor Organization (ILO)","Public (Unrestricted)","","Public or Unrestricted",""
"Brazil","Labor force","Persons","Monthly","2016-M08","102161000","Thousands","","","Reported official data","Overlapping Indicator","true","","","International Labor Organization (ILO)","Public (Unrestricted)","","Public or Unrestricted",""
"Brazil","Labor force","Persons","Monthly","2016-M09","101857000","Thousands","","","Reported official data","Overlapping Indicator","true","","","International Labor Organization (ILO)","Public (Unrestricted)","","Public or Unrestricted",""
"Brazil","Labor force","Persons","Monthly","2016-M10","101925000","Thousands","","","Reported official data","Overlapping Indicator","true","","","International Labor Organization (ILO)","Public (Unrestricted)","","Public or Unrestricted",""
"Brazil","Labor force","Persons","Monthly","2016-M11","102342000","Thousands","","","Reported official data","Overlapping Indicator","true","","","International Labor Organization (ILO)","Public (Unrestricted)","","Public or Unrestricted",""
"Brazil","Labor force","Persons","Monthly","2016-M12","102604000","Thousands","","","Reported official data","Overlapping Indicator","true","","","International Labor Organization (ILO)","Public (Unrestricted)","","Public or Unrestricted",""
"Brazil","Labor force","Persons","Monthly","2017-M01","102774000","Thousands","","","Reported official data","Overlapping Indicator","true","","","International Labor Organization (ILO)","Public (Unrestricted)","","Public or Unrestricted",""
"Brazil","Labor force","Persons","Monthly","2017-M02","102892000","Thousands","","","Reported official data","Overlapping Indicator","true","","","International Labor Organization (ILO)","Public (Unrestricted)","","Public or Unrestricted",""
"Brazil","Labor force","Persons","Monthly","2017-M03","103123000","Thousands","","","Reported official data","Overlapping Indicator","true","","","International Labor Organization (ILO)","Public (Unrestricted)","","Public or Unrestricted",""
"Brazil","Labor force","Persons","Monthly","2017-M04","103286000","Thousands","","","Reported official data","Overlapping Indicator","true","","","International Labor Organization (ILO)","Public (Unrestricted)","","Public or Unrestricted",""
"Brazil","Labor force","Persons","Monthly","2017-M05","103459000","Thousands","","","Reported official data","Overlapping Indicator","true","","","International Labor Organization (ILO)","Public (Unrestricted)","","Public or Unrestricted",""
"Brazil","Labor force","Persons","Monthly","2017-M06","103722000","Thousands","","","Reported official data","Overlapping Indicator","true","","","International Labor Organization (ILO)","Public (Unrestricted)","","Public or Unrestricted",""
"Brazil","Labor force","Persons","Monthly","2017-M07","104004000","Thousands","","","Reported official data","Overlapping Indicator","true","","","International Labor Organization (ILO)","Public (Unrestricted)","","Public or Unrestricted",""
"Brazil","Labor force","Persons","Monthly","2017-M08","104175000","Thousands","","","Reported official data","Overlapping Indicator","true","","","International Labor Organization (ILO)","Public (Unrestricted)","","Public or Unrestricted",""
"Brazil","Labor force","Persons","Monthly","2017-M09","104258000","Thousands","","","Reported official data","Overlapping Indicator","true","","","International Labor Organization (ILO)","Public (Unrestricted)","","Public or Unrestricted",""
"Brazil","Labor force","Persons","Monthly","2017-M10","104285000","Thousands","","","Reported official data","Overlapping Indicator","true","","","International Labor Organization (ILO)","Public (Unrestricted)","","Public or Unrestricted",""
"Brazil","Labor force","Persons","Monthly","2017-M11","104519000","Thousands","","","Reported official data","Overlapping Indicator","true","","","International Labor Organization (ILO)","Public (Unrestricted)","","Public or Unrestricted",""
"Brazil","Labor force","Persons","Monthly","2017-M12","104419000","Thousands","","","Reported official data","Overlapping Indicator","true","","","International Labor Organization (ILO)","Public (Unrestricted)","","Public or Unrestricted",""
"Brazil","Labor force","Persons","Monthly","2018-M01","104015000","Thousands","","","Reported official data","Overlapping Indicator","true","","","International Labor Organization (ILO)","Public (Unrestricted)","","Public or Unrestricted",""
"Brazil","Labor force","Persons","Monthly","2018-M02","103842000","Thousands","","","Reported official data","Overlapping Indicator","true","","","International Labor Organization (ILO)","Public (Unrestricted)","","Public or Unrestricted",""
"Brazil","Labor force","Persons","Monthly","2018-M03","103907000","Thousands","","","Reported official data","Overlapping Indicator","true","","","International Labor Organization (ILO)","Public (Unrestricted)","","Public or Unrestricted",""
"Brazil","Labor force","Persons","Monthly","2018-M04","103790000","Thousands","","","Reported official data","Overlapping Indicator","true","","","International Labor Organization (ILO)","Public (Unrestricted)","","Public or Unrestricted",""
"Brazil","Labor force","Persons","Monthly","2018-M05","103776000","Thousands","","","Reported official data","Overlapping Indicator","true","","","International Labor Organization (ILO)","Public (Unrestricted)","","Public or Unrestricted",""
"Brazil","Labor force","Persons","Monthly","2018-M06","103864000","Thousands","","","Reported official data","Overlapping Indicator","true","","","International Labor Organization (ILO)","Public (Unrestricted)","","Public or Unrestricted",""
"Brazil","Labor force","Persons","Monthly","2018-M07","104193000","Thousands","","","Reported official data","Overlapping Indicator","true","","","International Labor Organization (ILO)","Public (Unrestricted)","","Public or Unrestricted",""
"Brazil","Labor force","Persons","Monthly","2018-M08","104454000","Thousands","","","Reported official data","Overlapping Indicator","true","","","International Labor Organization (ILO)","Public (Unrestricted)","","Public or Unrestricted",""
"Brazil","Labor force","Persons","Monthly","2018-M09","104783000","Thousands","","","Reported official data","Overlapping Indicator","true","","","International Labor Organization (ILO)","Public (Unrestricted)","","Public or Unrestricted",""
"Brazil","Labor force","Persons","Monthly","2018-M10","104928000","Thousands","","","Reported official data","Overlapping Indicator","true","","","International Labor Organization (ILO)","Public (Unrestricted)","","Public or Unrestricted",""
"Brazil","Labor force","Persons","Monthly","2018-M11","105078000","Thousands","","","Reported official data","Overlapping Indicator","true","","","International Labor Organization (ILO)","Public (Unrestricted)","","Public or Unrestricted",""
"Brazil","Labor force","Persons","Monthly","2018-M12","104888000","Thousands","","","Reported official data","Overlapping Indicator","true","","","International Labor Organization (ILO)","Public (Unrestricted)","","Public or Unrestricted",""
"Brazil","Labor force","Persons","Monthly","2019-M01","104916000","Thousands","","","Reported official data","Overlapping Indicator","true","","","International Labor Organization (ILO)","Public (Unrestricted)","","Public or Unrestricted",""
"Brazil","Labor force","Persons","Monthly","2019-M02","104933000","Thousands","","","Reported official data","Overlapping Indicator","true","","","International Labor Organization (ILO)","Public (Unrestricted)","","Public or Unrestricted",""
"Brazil","Labor force","Persons","Monthly","2019-M03","105250000","Thousands","","","Reported official data","Overlapping Indicator","true","","","International Labor Organization (ILO)","Public (Unrestricted)","","Public or Unrestricted",""
"Brazil","Labor force","Persons","Monthly","2019-M04","105543000","Thousands","","","Reported official data","Overlapping Indicator","true","","","International Labor Organization (ILO)","Public (Unrestricted)","","Public or Unrestricted",""
"Brazil","Labor force","Persons","Monthly","2019-M05","105931000","Thousands","","","Reported official data","Overlapping Indicator","true","","","International Labor Organization (ILO)","Public (Unrestricted)","","Public or Unrestricted",""
"Brazil","Labor force","Persons","Monthly","2019-M06","106108000","Thousands","","","Reported official data","Overlapping Indicator","true","","","International Labor Organization (ILO)","Public (Unrestricted)","","Public or Unrestricted",""
"Brazil","Labor force","Persons","Monthly","2019-M07","106153000","Thousands","","","Reported official data","Overlapping Indicator","true","","","International Labor Organization (ILO)","Public (Unrestricted)","","Public or Unrestricted",""
"Brazil","Labor force","Persons","Monthly","2019-M08","106195000","Thousands","","","Reported official data","Overlapping Indicator","true","","","International Labor Organization (ILO)","Public (Unrestricted)","","Public or Unrestricted",""
"Brazil","Labor force","Persons","Monthly","2019-M09","106315000","Thousands","","","Reported official data","Overlapping Indicator","true","","","International Labor Organization (ILO)","Public (Unrestricted)","","Public or Unrestricted",""
"Brazil","Labor force","Persons","Monthly","2019-M10","106421000","Thousands","","","Reported official data","Overlapping Indicator","true","","","International Labor Organization (ILO)","Public (Unrestricted)","","Public or Unrestricted",""
"Brazil","Labor force","Persons","Monthly","2019-M11","106279000","Thousands","","","Reported official data","Overlapping Indicator","true","","","International Labor Organization (ILO)","Public (Unrestricted)","","Public or Unrestricted",""
"Brazil","Labor force","Persons","Monthly","2019-M12","106184000","Thousands","","","Reported official data","Overlapping Indicator","true","","","International Labor Organization (ILO)","Public (Unrestricted)","","Public or Unrestricted",""
"Brazil","Labor force","Persons","Monthly","2020-M01","107307000","Thousands","","","Reported official data","Overlapping Indicator","true","","","International Labor Organization (ILO)","Public (Unrestricted)","","Public or Unrestricted",""
"Brazil","Labor force","Persons","Monthly","2020-M02","107283000","Thousands","","","Reported official data","Overlapping Indicator","true","","","International Labor Organization (ILO)","Public (Unrestricted)","","Public or Unrestricted",""
"Brazil","Labor force","Persons","Monthly","2020-M03","106263000","Thousands","","","Reported official data","Overlapping Indicator","true","","","International Labor Organization (ILO)","Public (Unrestricted)","","Public or Unrestricted",""
"Brazil","Labor force","Persons","Monthly","2020-M04","103296000","Thousands","","","Reported official data","Overlapping Indicator","true","","","International Labor Organization (ILO)","Public (Unrestricted)","","Public or Unrestricted",""
"Brazil","Labor force","Persons","Monthly","2020-M05","99800000","Thousands","","","Reported official data","Overlapping Indicator","true","","","International Labor Organization (ILO)","Public (Unrestricted)","","Public or Unrestricted",""
"Brazil","Labor force","Persons","Monthly","2020-M06","97279000","Thousands","","","Reported official data","Overlapping Indicator","true","","","International Labor Organization (ILO)","Public (Unrestricted)","","Public or Unrestricted",""
"Brazil","Labor force","Persons","Monthly","2020-M07","96314000","Thousands","","","Reported official data","Overlapping Indicator","true","","","International Labor Organization (ILO)","Public (Unrestricted)","","Public or Unrestricted",""
"Brazil","Labor force","Persons","Monthly","2020-M08","96908000","Thousands","","","Reported official data","Overlapping Indicator","true","","","International Labor Organization (ILO)","Public (Unrestricted)","","Public or Unrestricted",""
"Brazil","Labor force","Persons","Monthly","2020-M09","98037000","Thousands","","","Reported official data","Overlapping Indicator","true","","","International Labor Organization (ILO)","Public (Unrestricted)","","Public or Unrestricted",""
"Brazil","Labor force","Persons","Monthly","2020-M10","99842000","Thousands","","","Reported official data","Overlapping Indicator","true","","","International Labor Organization (ILO)","Public (Unrestricted)","","Public or Unrestricted",""
"Brazil","Labor force","Persons","Monthly","2020-M11","101087000","Thousands","","","Reported official data","Overlapping Indicator","true","","","International Labor Organization (ILO)","Public (Unrestricted)","","Public or Unrestricted",""
"Brazil","Labor force","Persons","Monthly","2020-M12","101637000","Thousands","","","Reported official data","Overlapping Indicator","true","","","International Labor Organization (ILO)","Public (Unrestricted)","","Public or Unrestricted",""
"Brazil","Labor force","Persons","Monthly","2021-M01","101958000","Thousands","","","Reported official data","Overlapping Indicator","true","","","International Labor Organization (ILO)","Public (Unrestricted)","","Public or Unrestricted",""
"Brazil","Labor force","Persons","Monthly","2021-M02","102217000","Thousands","","","Reported official data","Overlapping Indicator","true","","","International Labor Organization (ILO)","Public (Unrestricted)","","Public or Unrestricted",""
"Brazil","Labor force","Persons","Monthly","2021-M03","102339000","Thousands","","","Reported official data","Overlapping Indicator","true","","","International Labor Organization (ILO)","Public (Unrestricted)","","Public or Unrestricted",""
"Brazil","Labor force","Persons","Monthly","2021-M04","102665000","Thousands","","","Reported official data","Overlapping Indicator","true","","","International Labor Organization (ILO)","Public (Unrestricted)","","Public or Unrestricted",""
"Brazil","Labor force","Persons","Monthly","2021-M05","103376000","Thousands","","","Reported official data","Overlapping Indicator","true","","","International Labor Organization (ILO)","Public (Unrestricted)","","Public or Unrestricted",""
"Brazil","Labor force","Persons","Monthly","2021-M06","104216000","Thousands","","","Reported official data","Overlapping Indicator","true","","","International Labor Organization (ILO)","Public (Unrestricted)","","Public or Unrestricted",""
"Brazil","Labor force","Persons","Monthly","2021-M07","105073000","Thousands","","","Reported official data","Overlapping Indicator","true","","","International Labor Organization (ILO)","Public (Unrestricted)","","Public or Unrestricted",""
"Brazil","Labor force","Persons","Monthly","2021-M08","105599000","Thousands","","","Reported official data","Overlapping Indicator","true","","","International Labor Organization (ILO)","Public (Unrestricted)","","Public or Unrestricted",""
"Brazil","Labor force","Persons","Monthly","2021-M09","106430000","Thousands","","","Reported official data","Overlapping Indicator","true","","","International Labor Organization (ILO)","Public (Unrestricted)","","Public or Unrestricted",""
"Brazil","Labor force","Persons","Monthly","2021-M10","106864000","Thousands","","","Reported official data","Overlapping Indicator","true","","","International Labor Organization (ILO)","Public (Unrestricted)","","Public or Unrestricted",""
"Brazil","Labor force","Persons","Monthly","2021-M11","107334000","Thousands","","","Reported official data","Overlapping Indicator","true","","","International Labor Organization (ILO)","Public (Unrestricted)","","Public or Unrestricted",""
"Brazil","Labor force","Persons","Monthly","2021-M12","107758000","Thousands","","","Reported official data","Overlapping Indicator","true","","","International Labor Organization (ILO)","Public (Unrestricted)","","Public or Unrestricted",""
"Brazil","Labor force","Persons","Monthly","2022-M01","107476000","Thousands","","","Reported official data","Overlapping Indicator","true","","","International Labor Organization (ILO)","Public (Unrestricted)","","Public or Unrestricted",""
"Brazil","Labor force","Persons","Monthly","2022-M02","107249000","Thousands","","","Reported official data","Overlapping Indicator","true","","","International Labor Organization (ILO)","Public (Unrestricted)","","Public or Unrestricted",""
"Brazil","Labor force","Persons","Monthly","2022-M03","107224000","Thousands","","","Reported official data","Overlapping Indicator","true","","","International Labor Organization (ILO)","Public (Unrestricted)","","Public or Unrestricted",""
"Brazil","Labor force","Persons","Monthly","2022-M04","107861000","Thousands","","","Reported official data","Overlapping Indicator","true","","","International Labor Organization (ILO)","Public (Unrestricted)","","Public or Unrestricted",""
"Brazil","Labor force","Persons","Monthly","2022-M05","108147000","Thousands","","","Reported official data","Overlapping Indicator","true","","","International Labor Organization (ILO)","Public (Unrestricted)","","Public or Unrestricted",""
"Brazil","Labor force","Persons","Monthly","2022-M06","108349000","Thousands","","","Reported official data","Overlapping Indicator","true","","","International Labor Organization (ILO)","Public (Unrestricted)","","Public or Unrestricted",""
"Brazil","Labor force","Persons","Monthly","2022-M07","108548000","Thousands","","","Reported official data","Overlapping Indicator","true","","","International Labor Organization (ILO)","Public (Unrestricted)","","Public or Unrestricted",""
"Brazil","Labor force","Persons","Monthly","2022-M08","108706000","Thousands","","","Reported official data","Overlapping Indicator","true","","","International Labor Organization (ILO)","Public (Unrestricted)","","Public or Unrestricted",""
"Brazil","Labor force","Persons","Monthly","2022-M09","108729000","Thousands","","","Reported official data","Overlapping Indicator","true","","","International Labor Organization (ILO)","Public (Unrestricted)","","Public or Unrestricted",""
"Brazil","Labor force","Persons","Monthly","2022-M10","108684000","Thousands","","","Reported official data","Overlapping Indicator","true","","","International Labor Organization (ILO)","Public (Unrestricted)","","Public or Unrestricted",""
"Brazil","Labor force","Persons","Monthly","2022-M11","108434000","Thousands","","","Reported official data","Overlapping Indicator","true","","","International Labor Organization (ILO)","Public (Unrestricted)","","Public or Unrestricted",""
"Brazil","Labor force","Persons","Monthly","2022-M12","107942000","Thousands","","","Reported official data","Overlapping Indicator","true","","","International Labor Organization (ILO)","Public (Unrestricted)","","Public or Unrestricted",""
"Brazil","Labor force","Persons","Monthly","2023-M01","107631000","Thousands","","","Reported official data","Overlapping Indicator","true","","","International Labor Organization (ILO)","Public (Unrestricted)","","Public or Unrestricted",""
"Brazil","Labor force","Persons","Monthly","2023-M02","107346000","Thousands","","","Reported official data","Overlapping Indicator","true","","","International Labor Organization (ILO)","Public (Unrestricted)","","Public or Unrestricted",""
"Brazil","Labor force","Persons","Monthly","2023-M03","107257000","Thousands","","","Reported official data","Overlapping Indicator","true","","","International Labor Organization (ILO)","Public (Unrestricted)","","Public or Unrestricted",""
"Brazil","Labor force","Persons","Monthly","2023-M04","107127000","Thousands","","","Reported official data","Overlapping Indicator","true","","","International Labor Organization (ILO)","Public (Unrestricted)","","Public or Unrestricted",""
"Brazil","Labor force","Persons","Monthly","2023-M05","107345000","Thousands","","","Reported official data","Overlapping Indicator","true","","","International Labor Organization (ILO)","Public (Unrestricted)","","Public or Unrestricted",""
"Brazil","Labor force","Persons","Monthly","2023-M06","107557000","Thousands","","","Reported official data","Overlapping Indicator","true","","","International Labor Organization (ILO)","Public (Unrestricted)","","Public or Unrestricted",""
"Brazil","Labor force","Persons","Monthly","2023-M07","107865000","Thousands","","","Reported official data","Overlapping Indicator","true","","","International Labor Organization (ILO)","Public (Unrestricted)","","Public or Unrestricted",""
"Brazil","Labor force","Persons","Monthly","2023-M08","108065000","Thousands","","","Reported official data","Overlapping Indicator","true","","","International Labor Organization (ILO)","Public (Unrestricted)","","Public or Unrestricted",""
"Brazil","Labor force","Persons","Monthly","2023-M09","108154000","Thousands","","","Reported official data","Overlapping Indicator","true","","","International Labor Organization (ILO)","Public (Unrestricted)","","Public or Unrestricted",""
"Brazil","Labor force","Persons","Monthly","2023-M10","108465000","Thousands","","","Reported official data","Overlapping Indicator","true","","","International Labor Organization (ILO)","Public (Unrestricted)","","Public or Unrestricted",""
"Brazil","Labor force","Persons","Monthly","2023-M11","108710000","Thousands","","","Reported official data","Overlapping Indicator","true","","","International Labor Organization (ILO)","Public (Unrestricted)","","Public or Unrestricted",""
"Brazil","Labor force","Persons","Monthly","2023-M12","109066000","Thousands","","","Reported official data","Overlapping Indicator","true","","","International Labor Organization (ILO)","Public (Unrestricted)","","Public or Unrestricted",""
"Brazil","Labor force","Persons","Monthly","2024-M01","108885000","Thousands","","","Reported official data","Overlapping Indicator","true","","","International Labor Organization (ILO)","Public (Unrestricted)","","Public or Unrestricted",""
"Brazil","Labor force","Persons","Monthly","2024-M02","108784000","Thousands","","","Reported official data","Overlapping Indicator","true","","","International Labor Organization (ILO)","Public (Unrestricted)","","Public or Unrestricted",""
"Brazil","Labor force","Persons","Monthly","2024-M03","108826000","Thousands","","","Reported official data","Overlapping Indicator","true","","","International Labor Organization (ILO)","Public (Unrestricted)","","Public or Unrestricted",""
