﻿"COUNTRY","BOP_ACCOUNTING_ENTRY","INDICATOR","UNIT","FREQUENCY","TIME_PERIOD","OBS_VALUE","SCALE","PRECISION","DECIMALS_DISPLAYED","DERIVATION_TYPE","OVERLAP","IFS_FLAG","STATUS","METHODOLOGY","ACCESS_SHARING_LEVEL","ACCESS_SHARING_NOTES","SECURITY_CLASSIFICATION","SOURCE"
"Brazil","Net (credits less debits)","Goods and services","US dollar","Quarterly","1975-Q1","-1308000000","Millions","Millions","","Reported official data","","true","","Balance of Payments and International Investment Position Manual, Sixth Edition (BPM6)","Public (Unrestricted)","","Public or Unrestricted",""
"Brazil","Net (credits less debits)","Goods and services","US dollar","Quarterly","1975-Q2","-1228000000","Millions","Millions","","Reported official data","","true","","Balance of Payments and International Investment Position Manual, Sixth Edition (BPM6)","Public (Unrestricted)","","Public or Unrestricted",""
"Brazil","Net (credits less debits)","Goods and services","US dollar","Quarterly","1975-Q3","-1148000000","Millions","Millions","","Reported official data","","true","","Balance of Payments and International Investment Position Manual, Sixth Edition (BPM6)","Public (Unrestricted)","","Public or Unrestricted",""
"Brazil","Net (credits less debits)","Goods and services","US dollar","Quarterly","1975-Q4","-1310000000","Millions","Millions","","Reported official data","","true","","Balance of Payments and International Investment Position Manual, Sixth Edition (BPM6)","Public (Unrestricted)","","Public or Unrestricted",""
"Brazil","Net (credits less debits)","Goods and services","US dollar","Quarterly","1976-Q1","-1294000000","Millions","Millions","","Reported official data","","true","","Balance of Payments and International Investment Position Manual, Sixth Edition (BPM6)","Public (Unrestricted)","","Public or Unrestricted",""
"Brazil","Net (credits less debits)","Goods and services","US dollar","Quarterly","1976-Q2","-965000000","Millions","Millions","","Reported official data","","true","","Balance of Payments and International Investment Position Manual, Sixth Edition (BPM6)","Public (Unrestricted)","","Public or Unrestricted",""
"Brazil","Net (credits less debits)","Goods and services","US dollar","Quarterly","1976-Q3","-1007000000","Millions","Millions","","Reported official data","","true","","Balance of Payments and International Investment Position Manual, Sixth Edition (BPM6)","Public (Unrestricted)","","Public or Unrestricted",""
"Brazil","Net (credits less debits)","Goods and services","US dollar","Quarterly","1976-Q4","-705000000","Millions","Millions","","Reported official data","","true","","Balance of Payments and International Investment Position Manual, Sixth Edition (BPM6)","Public (Unrestricted)","","Public or Unrestricted",""
"Brazil","Net (credits less debits)","Goods and services","US dollar","Quarterly","1977-Q1","-568000000","Millions","Millions","","Reported official data","","true","","Balance of Payments and International Investment Position Manual, Sixth Edition (BPM6)","Public (Unrestricted)","","Public or Unrestricted",""
"Brazil","Net (credits less debits)","Goods and services","US dollar","Quarterly","1977-Q2","-104000000","Millions","Millions","","Reported official data","","true","","Balance of Payments and International Investment Position Manual, Sixth Edition (BPM6)","Public (Unrestricted)","","Public or Unrestricted",""
"Brazil","Net (credits less debits)","Goods and services","US dollar","Quarterly","1977-Q3","-459000000","Millions","Millions","","Reported official data","","true","","Balance of Payments and International Investment Position Manual, Sixth Edition (BPM6)","Public (Unrestricted)","","Public or Unrestricted",""
"Brazil","Net (credits less debits)","Goods and services","US dollar","Quarterly","1977-Q4","-555000000","Millions","Millions","","Reported official data","","true","","Balance of Payments and International Investment Position Manual, Sixth Edition (BPM6)","Public (Unrestricted)","","Public or Unrestricted",""
"Brazil","Net (credits less debits)","Goods and services","US dollar","Quarterly","1978-Q1","-742000000","Millions","Millions","","Reported official data","","true","","Balance of Payments and International Investment Position Manual, Sixth Edition (BPM6)","Public (Unrestricted)","","Public or Unrestricted",""
"Brazil","Net (credits less debits)","Goods and services","US dollar","Quarterly","1978-Q2","-594000000","Millions","Millions","","Reported official data","","true","","Balance of Payments and International Investment Position Manual, Sixth Edition (BPM6)","Public (Unrestricted)","","Public or Unrestricted",""
"Brazil","Net (credits less debits)","Goods and services","US dollar","Quarterly","1978-Q3","-756000000","Millions","Millions","","Reported official data","","true","","Balance of Payments and International Investment Position Manual, Sixth Edition (BPM6)","Public (Unrestricted)","","Public or Unrestricted",""
"Brazil","Net (credits less debits)","Goods and services","US dollar","Quarterly","1978-Q4","-790000000","Millions","Millions","","Reported official data","","true","","Balance of Payments and International Investment Position Manual, Sixth Edition (BPM6)","Public (Unrestricted)","","Public or Unrestricted",""
"Brazil","Net (credits less debits)","Goods and services","US dollar","Quarterly","1979-Q1","-1039000000","Millions","Millions","","Reported official data","","true","","Balance of Payments and International Investment Position Manual, Sixth Edition (BPM6)","Public (Unrestricted)","","Public or Unrestricted",""
"Brazil","Net (credits less debits)","Goods and services","US dollar","Quarterly","1979-Q2","-955000000","Millions","Millions","","Reported official data","","true","","Balance of Payments and International Investment Position Manual, Sixth Edition (BPM6)","Public (Unrestricted)","","Public or Unrestricted",""
"Brazil","Net (credits less debits)","Goods and services","US dollar","Quarterly","1979-Q3","-1393000000","Millions","Millions","","Reported official data","","true","","Balance of Payments and International Investment Position Manual, Sixth Edition (BPM6)","Public (Unrestricted)","","Public or Unrestricted",""
"Brazil","Net (credits less debits)","Goods and services","US dollar","Quarterly","1979-Q4","-1654000000","Millions","Millions","","Reported official data","","true","","Balance of Payments and International Investment Position Manual, Sixth Edition (BPM6)","Public (Unrestricted)","","Public or Unrestricted",""
"Brazil","Net (credits less debits)","Goods and services","US dollar","Quarterly","1980-Q1","-2102000000","Millions","Millions","","Reported official data","","true","","Balance of Payments and International Investment Position Manual, Sixth Edition (BPM6)","Public (Unrestricted)","","Public or Unrestricted",""
"Brazil","Net (credits less debits)","Goods and services","US dollar","Quarterly","1980-Q2","-1433000000","Millions","Millions","","Reported official data","","true","","Balance of Payments and International Investment Position Manual, Sixth Edition (BPM6)","Public (Unrestricted)","","Public or Unrestricted",""
"Brazil","Net (credits less debits)","Goods and services","US dollar","Quarterly","1980-Q3","-1707000000","Millions","Millions","","Reported official data","","true","","Balance of Payments and International Investment Position Manual, Sixth Edition (BPM6)","Public (Unrestricted)","","Public or Unrestricted",""
"Brazil","Net (credits less debits)","Goods and services","US dollar","Quarterly","1980-Q4","-715000000","Millions","Millions","","Reported official data","","true","","Balance of Payments and International Investment Position Manual, Sixth Edition (BPM6)","Public (Unrestricted)","","Public or Unrestricted",""
"Brazil","Net (credits less debits)","Goods and services","US dollar","Quarterly","1981-Q1","-962000000","Millions","Millions","","Reported official data","","true","","Balance of Payments and International Investment Position Manual, Sixth Edition (BPM6)","Public (Unrestricted)","","Public or Unrestricted",""
"Brazil","Net (credits less debits)","Goods and services","US dollar","Quarterly","1981-Q2","-611000000","Millions","Millions","","Reported official data","","true","","Balance of Payments and International Investment Position Manual, Sixth Edition (BPM6)","Public (Unrestricted)","","Public or Unrestricted",""
"Brazil","Net (credits less debits)","Goods and services","US dollar","Quarterly","1981-Q3","-293000000","Millions","Millions","","Reported official data","","true","","Balance of Payments and International Investment Position Manual, Sixth Edition (BPM6)","Public (Unrestricted)","","Public or Unrestricted",""
"Brazil","Net (credits less debits)","Goods and services","US dollar","Quarterly","1981-Q4","178000000","Millions","Millions","","Reported official data","","true","","Balance of Payments and International Investment Position Manual, Sixth Edition (BPM6)","Public (Unrestricted)","","Public or Unrestricted",""
"Brazil","Net (credits less debits)","Goods and services","US dollar","Quarterly","1982-Q1","-691000000","Millions","Millions","","Reported official data","","true","","Balance of Payments and International Investment Position Manual, Sixth Edition (BPM6)","Public (Unrestricted)","","Public or Unrestricted",""
"Brazil","Net (credits less debits)","Goods and services","US dollar","Quarterly","1982-Q2","-848000000","Millions","Millions","","Reported official data","","true","","Balance of Payments and International Investment Position Manual, Sixth Edition (BPM6)","Public (Unrestricted)","","Public or Unrestricted",""
"Brazil","Net (credits less debits)","Goods and services","US dollar","Quarterly","1982-Q3","-860000000","Millions","Millions","","Reported official data","","true","","Balance of Payments and International Investment Position Manual, Sixth Edition (BPM6)","Public (Unrestricted)","","Public or Unrestricted",""
"Brazil","Net (credits less debits)","Goods and services","US dollar","Quarterly","1982-Q4","-411000000","Millions","Millions","","Reported official data","","true","","Balance of Payments and International Investment Position Manual, Sixth Edition (BPM6)","Public (Unrestricted)","","Public or Unrestricted",""
"Brazil","Net (credits less debits)","Goods and services","US dollar","Quarterly","1983-Q1","-66000000","Millions","Millions","","Reported official data","","true","","Balance of Payments and International Investment Position Manual, Sixth Edition (BPM6)","Public (Unrestricted)","","Public or Unrestricted",""
"Brazil","Net (credits less debits)","Goods and services","US dollar","Quarterly","1983-Q2","1446000000","Millions","Millions","","Reported official data","","true","","Balance of Payments and International Investment Position Manual, Sixth Edition (BPM6)","Public (Unrestricted)","","Public or Unrestricted",""
"Brazil","Net (credits less debits)","Goods and services","US dollar","Quarterly","1983-Q3","1496000000","Millions","Millions","","Reported official data","","true","","Balance of Payments and International Investment Position Manual, Sixth Edition (BPM6)","Public (Unrestricted)","","Public or Unrestricted",""
"Brazil","Net (credits less debits)","Goods and services","US dollar","Quarterly","1983-Q4","1186000000","Millions","Millions","","Reported official data","","true","","Balance of Payments and International Investment Position Manual, Sixth Edition (BPM6)","Public (Unrestricted)","","Public or Unrestricted",""
"Brazil","Net (credits less debits)","Goods and services","US dollar","Quarterly","1984-Q1","1990000000","Millions","Millions","","Reported official data","","true","","Balance of Payments and International Investment Position Manual, Sixth Edition (BPM6)","Public (Unrestricted)","","Public or Unrestricted",""
"Brazil","Net (credits less debits)","Goods and services","US dollar","Quarterly","1984-Q2","3209000000","Millions","Millions","","Reported official data","","true","","Balance of Payments and International Investment Position Manual, Sixth Edition (BPM6)","Public (Unrestricted)","","Public or Unrestricted",""
"Brazil","Net (credits less debits)","Goods and services","US dollar","Quarterly","1984-Q3","3149000000","Millions","Millions","","Reported official data","","true","","Balance of Payments and International Investment Position Manual, Sixth Edition (BPM6)","Public (Unrestricted)","","Public or Unrestricted",""
"Brazil","Net (credits less debits)","Goods and services","US dollar","Quarterly","1984-Q4","2989000000","Millions","Millions","","Reported official data","","true","","Balance of Payments and International Investment Position Manual, Sixth Edition (BPM6)","Public (Unrestricted)","","Public or Unrestricted",""
"Brazil","Net (credits less debits)","Goods and services","US dollar","Quarterly","1985-Q1","1674000000","Millions","Millions","","Reported official data","","true","","Balance of Payments and International Investment Position Manual, Sixth Edition (BPM6)","Public (Unrestricted)","","Public or Unrestricted",""
"Brazil","Net (credits less debits)","Goods and services","US dollar","Quarterly","1985-Q2","3072000000","Millions","Millions","","Reported official data","","true","","Balance of Payments and International Investment Position Manual, Sixth Edition (BPM6)","Public (Unrestricted)","","Public or Unrestricted",""
"Brazil","Net (credits less debits)","Goods and services","US dollar","Quarterly","1985-Q3","3146000000","Millions","Millions","","Reported official data","","true","","Balance of Payments and International Investment Position Manual, Sixth Edition (BPM6)","Public (Unrestricted)","","Public or Unrestricted",""
"Brazil","Net (credits less debits)","Goods and services","US dollar","Quarterly","1985-Q4","2870000000","Millions","Millions","","Reported official data","","true","","Balance of Payments and International Investment Position Manual, Sixth Edition (BPM6)","Public (Unrestricted)","","Public or Unrestricted",""
"Brazil","Net (credits less debits)","Goods and services","US dollar","Quarterly","1986-Q1","2055000000","Millions","Millions","","Reported official data","","true","","Balance of Payments and International Investment Position Manual, Sixth Edition (BPM6)","Public (Unrestricted)","","Public or Unrestricted",""
"Brazil","Net (credits less debits)","Goods and services","US dollar","Quarterly","1986-Q2","3070000000","Millions","Millions","","Reported official data","","true","","Balance of Payments and International Investment Position Manual, Sixth Edition (BPM6)","Public (Unrestricted)","","Public or Unrestricted",""
"Brazil","Net (credits less debits)","Goods and services","US dollar","Quarterly","1986-Q3","1702000000","Millions","Millions","","Reported official data","","true","","Balance of Payments and International Investment Position Manual, Sixth Edition (BPM6)","Public (Unrestricted)","","Public or Unrestricted",""
"Brazil","Net (credits less debits)","Goods and services","US dollar","Quarterly","1986-Q4","-1096000000","Millions","Millions","","Reported official data","","true","","Balance of Payments and International Investment Position Manual, Sixth Edition (BPM6)","Public (Unrestricted)","","Public or Unrestricted",""
"Brazil","Net (credits less debits)","Goods and services","US dollar","Quarterly","1987-Q1","-85000000","Millions","Millions","","Reported official data","","true","","Balance of Payments and International Investment Position Manual, Sixth Edition (BPM6)","Public (Unrestricted)","","Public or Unrestricted",""
"Brazil","Net (credits less debits)","Goods and services","US dollar","Quarterly","1987-Q2","2229000000","Millions","Millions","","Reported official data","","true","","Balance of Payments and International Investment Position Manual, Sixth Edition (BPM6)","Public (Unrestricted)","","Public or Unrestricted",""
"Brazil","Net (credits less debits)","Goods and services","US dollar","Quarterly","1987-Q3","3926000000","Millions","Millions","","Reported official data","","true","","Balance of Payments and International Investment Position Manual, Sixth Edition (BPM6)","Public (Unrestricted)","","Public or Unrestricted",""
"Brazil","Net (credits less debits)","Goods and services","US dollar","Quarterly","1987-Q4","2724000000","Millions","Millions","","Reported official data","","true","","Balance of Payments and International Investment Position Manual, Sixth Edition (BPM6)","Public (Unrestricted)","","Public or Unrestricted",""
"Brazil","Net (credits less debits)","Goods and services","US dollar","Quarterly","1988-Q1","2555000000","Millions","Millions","","Reported official data","","true","","Balance of Payments and International Investment Position Manual, Sixth Edition (BPM6)","Public (Unrestricted)","","Public or Unrestricted",""
"Brazil","Net (credits less debits)","Goods and services","US dollar","Quarterly","1988-Q2","4615000000","Millions","Millions","","Reported official data","","true","","Balance of Payments and International Investment Position Manual, Sixth Edition (BPM6)","Public (Unrestricted)","","Public or Unrestricted",""
"Brazil","Net (credits less debits)","Goods and services","US dollar","Quarterly","1988-Q3","5123000000","Millions","Millions","","Reported official data","","true","","Balance of Payments and International Investment Position Manual, Sixth Edition (BPM6)","Public (Unrestricted)","","Public or Unrestricted",""
"Brazil","Net (credits less debits)","Goods and services","US dollar","Quarterly","1988-Q4","3852000000","Millions","Millions","","Reported official data","","true","","Balance of Payments and International Investment Position Manual, Sixth Edition (BPM6)","Public (Unrestricted)","","Public or Unrestricted",""
"Brazil","Net (credits less debits)","Goods and services","US dollar","Quarterly","1989-Q1","3714000000","Millions","Millions","","Reported official data","","true","","Balance of Payments and International Investment Position Manual, Sixth Edition (BPM6)","Public (Unrestricted)","","Public or Unrestricted",""
"Brazil","Net (credits less debits)","Goods and services","US dollar","Quarterly","1989-Q2","4118000000","Millions","Millions","","Reported official data","","true","","Balance of Payments and International Investment Position Manual, Sixth Edition (BPM6)","Public (Unrestricted)","","Public or Unrestricted",""
"Brazil","Net (credits less debits)","Goods and services","US dollar","Quarterly","1989-Q3","3331000000","Millions","Millions","","Reported official data","","true","","Balance of Payments and International Investment Position Manual, Sixth Edition (BPM6)","Public (Unrestricted)","","Public or Unrestricted",""
"Brazil","Net (credits less debits)","Goods and services","US dollar","Quarterly","1989-Q4","2164000000","Millions","Millions","","Reported official data","","true","","Balance of Payments and International Investment Position Manual, Sixth Edition (BPM6)","Public (Unrestricted)","","Public or Unrestricted",""
"Brazil","Net (credits less debits)","Goods and services","US dollar","Quarterly","1990-Q1","1264000000","Millions","Millions","","Reported official data","","true","","Balance of Payments and International Investment Position Manual, Sixth Edition (BPM6)","Public (Unrestricted)","","Public or Unrestricted",""
"Brazil","Net (credits less debits)","Goods and services","US dollar","Quarterly","1990-Q2","3071000000","Millions","Millions","","Reported official data","","true","","Balance of Payments and International Investment Position Manual, Sixth Edition (BPM6)","Public (Unrestricted)","","Public or Unrestricted",""
"Brazil","Net (credits less debits)","Goods and services","US dollar","Quarterly","1990-Q3","2166000000","Millions","Millions","","Reported official data","","true","","Balance of Payments and International Investment Position Manual, Sixth Edition (BPM6)","Public (Unrestricted)","","Public or Unrestricted",""
"Brazil","Net (credits less debits)","Goods and services","US dollar","Quarterly","1990-Q4","485000000","Millions","Millions","","Reported official data","","true","","Balance of Payments and International Investment Position Manual, Sixth Edition (BPM6)","Public (Unrestricted)","","Public or Unrestricted",""
"Brazil","Net (credits less debits)","Goods and services","US dollar","Quarterly","1991-Q1","2618000000","Millions","Millions","","Reported official data","","true","","Balance of Payments and International Investment Position Manual, Sixth Edition (BPM6)","Public (Unrestricted)","","Public or Unrestricted",""
"Brazil","Net (credits less debits)","Goods and services","US dollar","Quarterly","1991-Q2","2695000000","Millions","Millions","","Reported official data","","true","","Balance of Payments and International Investment Position Manual, Sixth Edition (BPM6)","Public (Unrestricted)","","Public or Unrestricted",""
"Brazil","Net (credits less debits)","Goods and services","US dollar","Quarterly","1991-Q3","747000000","Millions","Millions","","Reported official data","","true","","Balance of Payments and International Investment Position Manual, Sixth Edition (BPM6)","Public (Unrestricted)","","Public or Unrestricted",""
"Brazil","Net (credits less debits)","Goods and services","US dollar","Quarterly","1991-Q4","627000000","Millions","Millions","","Reported official data","","true","","Balance of Payments and International Investment Position Manual, Sixth Edition (BPM6)","Public (Unrestricted)","","Public or Unrestricted",""
"Brazil","Net (credits less debits)","Goods and services","US dollar","Quarterly","1992-Q1","2756000000","Millions","Millions","","Reported official data","","true","","Balance of Payments and International Investment Position Manual, Sixth Edition (BPM6)","Public (Unrestricted)","","Public or Unrestricted",""
"Brazil","Net (credits less debits)","Goods and services","US dollar","Quarterly","1992-Q2","3036000000","Millions","Millions","","Reported official data","","true","","Balance of Payments and International Investment Position Manual, Sixth Edition (BPM6)","Public (Unrestricted)","","Public or Unrestricted",""
"Brazil","Net (credits less debits)","Goods and services","US dollar","Quarterly","1992-Q3","3219000000","Millions","Millions","","Reported official data","","true","","Balance of Payments and International Investment Position Manual, Sixth Edition (BPM6)","Public (Unrestricted)","","Public or Unrestricted",""
"Brazil","Net (credits less debits)","Goods and services","US dollar","Quarterly","1992-Q4","2886000000","Millions","Millions","","Reported official data","","true","","Balance of Payments and International Investment Position Manual, Sixth Edition (BPM6)","Public (Unrestricted)","","Public or Unrestricted",""
"Brazil","Net (credits less debits)","Goods and services","US dollar","Quarterly","1993-Q1","3135000000","Millions","Millions","","Reported official data","","true","","Balance of Payments and International Investment Position Manual, Sixth Edition (BPM6)","Public (Unrestricted)","","Public or Unrestricted",""
"Brazil","Net (credits less debits)","Goods and services","US dollar","Quarterly","1993-Q2","1907000000","Millions","Millions","","Reported official data","","true","","Balance of Payments and International Investment Position Manual, Sixth Edition (BPM6)","Public (Unrestricted)","","Public or Unrestricted",""
"Brazil","Net (credits less debits)","Goods and services","US dollar","Quarterly","1993-Q3","1587000000","Millions","Millions","","Reported official data","","true","","Balance of Payments and International Investment Position Manual, Sixth Edition (BPM6)","Public (Unrestricted)","","Public or Unrestricted",""
"Brazil","Net (credits less debits)","Goods and services","US dollar","Quarterly","1993-Q4","2110000000","Millions","Millions","","Reported official data","","true","","Balance of Payments and International Investment Position Manual, Sixth Edition (BPM6)","Public (Unrestricted)","","Public or Unrestricted",""
"Brazil","Net (credits less debits)","Goods and services","US dollar","Quarterly","1994-Q1","1982000000","Millions","Millions","","Reported official data","","true","","Balance of Payments and International Investment Position Manual, Sixth Edition (BPM6)","Public (Unrestricted)","","Public or Unrestricted",""
"Brazil","Net (credits less debits)","Goods and services","US dollar","Quarterly","1994-Q2","3076000000","Millions","Millions","","Reported official data","","true","","Balance of Payments and International Investment Position Manual, Sixth Edition (BPM6)","Public (Unrestricted)","","Public or Unrestricted",""
"Brazil","Net (credits less debits)","Goods and services","US dollar","Quarterly","1994-Q3","3106000000","Millions","Millions","","Reported official data","","true","","Balance of Payments and International Investment Position Manual, Sixth Edition (BPM6)","Public (Unrestricted)","","Public or Unrestricted",""
"Brazil","Net (credits less debits)","Goods and services","US dollar","Quarterly","1994-Q4","-2649000000","Millions","Millions","","Reported official data","","true","","Balance of Payments and International Investment Position Manual, Sixth Edition (BPM6)","Public (Unrestricted)","","Public or Unrestricted",""
"Brazil","Net (credits less debits)","Goods and services","US dollar","Quarterly","1995-Q1","-3855000000","Millions","Millions","","Reported official data","","true","","Balance of Payments and International Investment Position Manual, Sixth Edition (BPM6)","Public (Unrestricted)","","Public or Unrestricted",""
"Brazil","Net (credits less debits)","Goods and services","US dollar","Quarterly","1995-Q2","-3615000000","Millions","Millions","","Reported official data","","true","","Balance of Payments and International Investment Position Manual, Sixth Edition (BPM6)","Public (Unrestricted)","","Public or Unrestricted",""
"Brazil","Net (credits less debits)","Goods and services","US dollar","Quarterly","1995-Q3","-1195000000","Millions","Millions","","Reported official data","","true","","Balance of Payments and International Investment Position Manual, Sixth Edition (BPM6)","Public (Unrestricted)","","Public or Unrestricted",""
"Brazil","Net (credits less debits)","Goods and services","US dollar","Quarterly","1995-Q4","-1987000000","Millions","Millions","","Reported official data","","true","","Balance of Payments and International Investment Position Manual, Sixth Edition (BPM6)","Public (Unrestricted)","","Public or Unrestricted",""
"Brazil","Net (credits less debits)","Goods and services","US dollar","Quarterly","1996-Q1","-1882000000","Millions","Millions","","Reported official data","","true","","Balance of Payments and International Investment Position Manual, Sixth Edition (BPM6)","Public (Unrestricted)","","Public or Unrestricted",""
"Brazil","Net (credits less debits)","Goods and services","US dollar","Quarterly","1996-Q2","-1762000000","Millions","Millions","","Reported official data","","true","","Balance of Payments and International Investment Position Manual, Sixth Edition (BPM6)","Public (Unrestricted)","","Public or Unrestricted",""
"Brazil","Net (credits less debits)","Goods and services","US dollar","Quarterly","1996-Q3","-3679000000","Millions","Millions","","Reported official data","","true","","Balance of Payments and International Investment Position Manual, Sixth Edition (BPM6)","Public (Unrestricted)","","Public or Unrestricted",""
"Brazil","Net (credits less debits)","Goods and services","US dollar","Quarterly","1996-Q4","-6189000000","Millions","Millions","","Reported official data","","true","","Balance of Payments and International Investment Position Manual, Sixth Edition (BPM6)","Public (Unrestricted)","","Public or Unrestricted",""
"Brazil","Net (credits less debits)","Goods and services","US dollar","Quarterly","1997-Q1","-3303827120.8855","Millions","Millions","","Reported official data","","true","","Balance of Payments and International Investment Position Manual, Sixth Edition (BPM6)","Public (Unrestricted)","","Public or Unrestricted",""
"Brazil","Net (credits less debits)","Goods and services","US dollar","Quarterly","1997-Q2","-4495482382.44812","Millions","Millions","","Reported official data","","true","","Balance of Payments and International Investment Position Manual, Sixth Edition (BPM6)","Public (Unrestricted)","","Public or Unrestricted",""
"Brazil","Net (credits less debits)","Goods and services","US dollar","Quarterly","1997-Q3","-5158699952.88172","Millions","Millions","","Reported official data","","true","","Balance of Payments and International Investment Position Manual, Sixth Edition (BPM6)","Public (Unrestricted)","","Public or Unrestricted",""
"Brazil","Net (credits less debits)","Goods and services","US dollar","Quarterly","1997-Q4","-6422585242.36094","Millions","Millions","","Reported official data","","true","","Balance of Payments and International Investment Position Manual, Sixth Edition (BPM6)","Public (Unrestricted)","","Public or Unrestricted",""
"Brazil","Net (credits less debits)","Goods and services","US dollar","Quarterly","1998-Q1","-4516755305.92393","Millions","Millions","","Reported official data","","true","","Balance of Payments and International Investment Position Manual, Sixth Edition (BPM6)","Public (Unrestricted)","","Public or Unrestricted",""
"Brazil","Net (credits less debits)","Goods and services","US dollar","Quarterly","1998-Q2","-2737175097.82296","Millions","Millions","","Reported official data","","true","","Balance of Payments and International Investment Position Manual, Sixth Edition (BPM6)","Public (Unrestricted)","","Public or Unrestricted",""
"Brazil","Net (credits less debits)","Goods and services","US dollar","Quarterly","1998-Q3","-5213836465.77602","Millions","Millions","","Reported official data","","true","","Balance of Payments and International Investment Position Manual, Sixth Edition (BPM6)","Public (Unrestricted)","","Public or Unrestricted",""
"Brazil","Net (credits less debits)","Goods and services","US dollar","Quarterly","1998-Q4","-6142979163.21977","Millions","Millions","","Reported official data","","true","","Balance of Payments and International Investment Position Manual, Sixth Edition (BPM6)","Public (Unrestricted)","","Public or Unrestricted",""
"Brazil","Net (credits less debits)","Goods and services","US dollar","Quarterly","1999-Q1","-2439855036.35305","Millions","Millions","","Reported official data","","true","","Balance of Payments and International Investment Position Manual, Sixth Edition (BPM6)","Public (Unrestricted)","","Public or Unrestricted",""
"Brazil","Net (credits less debits)","Goods and services","US dollar","Quarterly","1999-Q2","-2114022453.15027","Millions","Millions","","Reported official data","","true","","Balance of Payments and International Investment Position Manual, Sixth Edition (BPM6)","Public (Unrestricted)","","Public or Unrestricted",""
"Brazil","Net (credits less debits)","Goods and services","US dollar","Quarterly","1999-Q3","-2483056565.6985","Millions","Millions","","Reported official data","","true","","Balance of Payments and International Investment Position Manual, Sixth Edition (BPM6)","Public (Unrestricted)","","Public or Unrestricted",""
"Brazil","Net (credits less debits)","Goods and services","US dollar","Quarterly","1999-Q4","-2955001176.10854","Millions","Millions","","Reported official data","","true","","Balance of Payments and International Investment Position Manual, Sixth Edition (BPM6)","Public (Unrestricted)","","Public or Unrestricted",""
"Brazil","Net (credits less debits)","Goods and services","US dollar","Quarterly","2000-Q1","-1921325869.81355","Millions","Millions","","Reported official data","","true","","Balance of Payments and International Investment Position Manual, Sixth Edition (BPM6)","Public (Unrestricted)","","Public or Unrestricted",""
"Brazil","Net (credits less debits)","Goods and services","US dollar","Quarterly","2000-Q2","-1603317851.79754","Millions","Millions","","Reported official data","","true","","Balance of Payments and International Investment Position Manual, Sixth Edition (BPM6)","Public (Unrestricted)","","Public or Unrestricted",""
"Brazil","Net (credits less debits)","Goods and services","US dollar","Quarterly","2000-Q3","-2385175603.97135","Millions","Millions","","Reported official data","","true","","Balance of Payments and International Investment Position Manual, Sixth Edition (BPM6)","Public (Unrestricted)","","Public or Unrestricted",""
"Brazil","Net (credits less debits)","Goods and services","US dollar","Quarterly","2000-Q4","-4660789284.48182","Millions","Millions","","Reported official data","","true","","Balance of Payments and International Investment Position Manual, Sixth Edition (BPM6)","Public (Unrestricted)","","Public or Unrestricted",""
"Brazil","Net (credits less debits)","Goods and services","US dollar","Quarterly","2001-Q1","-3080557243.24997","Millions","Millions","","Reported official data","","true","","Balance of Payments and International Investment Position Manual, Sixth Edition (BPM6)","Public (Unrestricted)","","Public or Unrestricted",""
"Brazil","Net (credits less debits)","Goods and services","US dollar","Quarterly","2001-Q2","-2134035812.96385","Millions","Millions","","Reported official data","","true","","Balance of Payments and International Investment Position Manual, Sixth Edition (BPM6)","Public (Unrestricted)","","Public or Unrestricted",""
"Brazil","Net (credits less debits)","Goods and services","US dollar","Quarterly","2001-Q3","-1112045826.2694","Millions","Millions","","Reported official data","","true","","Balance of Payments and International Investment Position Manual, Sixth Edition (BPM6)","Public (Unrestricted)","","Public or Unrestricted",""
"Brazil","Net (credits less debits)","Goods and services","US dollar","Quarterly","2001-Q4","-893794632.82297","Millions","Millions","","Reported official data","","true","","Balance of Payments and International Investment Position Manual, Sixth Edition (BPM6)","Public (Unrestricted)","","Public or Unrestricted",""
"Brazil","Net (credits less debits)","Goods and services","US dollar","Quarterly","2002-Q1","-580796141.59047","Millions","Millions","","Reported official data","","true","","Balance of Payments and International Investment Position Manual, Sixth Edition (BPM6)","Public (Unrestricted)","","Public or Unrestricted",""
"Brazil","Net (credits less debits)","Goods and services","US dollar","Quarterly","2002-Q2","-552200579.67062","Millions","Millions","","Reported official data","","true","","Balance of Payments and International Investment Position Manual, Sixth Edition (BPM6)","Public (Unrestricted)","","Public or Unrestricted",""
"Brazil","Net (credits less debits)","Goods and services","US dollar","Quarterly","2002-Q3","3465596321.95775","Millions","Millions","","Reported official data","","true","","Balance of Payments and International Investment Position Manual, Sixth Edition (BPM6)","Public (Unrestricted)","","Public or Unrestricted",""
"Brazil","Net (credits less debits)","Goods and services","US dollar","Quarterly","2002-Q4","3588577847.99587","Millions","Millions","","Reported official data","","true","","Balance of Payments and International Investment Position Manual, Sixth Edition (BPM6)","Public (Unrestricted)","","Public or Unrestricted",""
"Brazil","Net (credits less debits)","Goods and services","US dollar","Quarterly","2003-Q1","2511489065.49104","Millions","Millions","","Reported official data","","true","","Balance of Payments and International Investment Position Manual, Sixth Edition (BPM6)","Public (Unrestricted)","","Public or Unrestricted",""
"Brazil","Net (credits less debits)","Goods and services","US dollar","Quarterly","2003-Q2","4518827031.57544","Millions","Millions","","Reported official data","","true","","Balance of Payments and International Investment Position Manual, Sixth Edition (BPM6)","Public (Unrestricted)","","Public or Unrestricted",""
"Brazil","Net (credits less debits)","Goods and services","US dollar","Quarterly","2003-Q3","5367928281.37479","Millions","Millions","","Reported official data","","true","","Balance of Payments and International Investment Position Manual, Sixth Edition (BPM6)","Public (Unrestricted)","","Public or Unrestricted",""
"Brazil","Net (credits less debits)","Goods and services","US dollar","Quarterly","2003-Q4","5063374227.17469","Millions","Millions","","Reported official data","","true","","Balance of Payments and International Investment Position Manual, Sixth Edition (BPM6)","Public (Unrestricted)","","Public or Unrestricted",""
"Brazil","Net (credits less debits)","Goods and services","US dollar","Quarterly","2004-Q1","4856012239.14481","Millions","Millions","","Reported official data","","true","","Balance of Payments and International Investment Position Manual, Sixth Edition (BPM6)","Public (Unrestricted)","","Public or Unrestricted",""
"Brazil","Net (credits less debits)","Goods and services","US dollar","Quarterly","2004-Q2","6897084080.76557","Millions","Millions","","Reported official data","","true","","Balance of Payments and International Investment Position Manual, Sixth Edition (BPM6)","Public (Unrestricted)","","Public or Unrestricted",""
"Brazil","Net (credits less debits)","Goods and services","US dollar","Quarterly","2004-Q3","7834290665.01469","Millions","Millions","","Reported official data","","true","","Balance of Payments and International Investment Position Manual, Sixth Edition (BPM6)","Public (Unrestricted)","","Public or Unrestricted",""
"Brazil","Net (credits less debits)","Goods and services","US dollar","Quarterly","2004-Q4","6242123972.14038","Millions","Millions","","Reported official data","","true","","Balance of Payments and International Investment Position Manual, Sixth Edition (BPM6)","Public (Unrestricted)","","Public or Unrestricted",""
"Brazil","Net (credits less debits)","Goods and services","US dollar","Quarterly","2005-Q1","6511515592.06964","Millions","Millions","","Reported official data","","true","","Balance of Payments and International Investment Position Manual, Sixth Edition (BPM6)","Public (Unrestricted)","","Public or Unrestricted",""
"Brazil","Net (credits less debits)","Goods and services","US dollar","Quarterly","2005-Q2","8275785091.70488","Millions","Millions","","Reported official data","","true","","Balance of Payments and International Investment Position Manual, Sixth Edition (BPM6)","Public (Unrestricted)","","Public or Unrestricted",""
"Brazil","Net (credits less debits)","Goods and services","US dollar","Quarterly","2005-Q3","10014127813.9908","Millions","Millions","","Reported official data","","true","","Balance of Payments and International Investment Position Manual, Sixth Edition (BPM6)","Public (Unrestricted)","","Public or Unrestricted",""
"Brazil","Net (credits less debits)","Goods and services","US dollar","Quarterly","2005-Q4","8872800718.6462","Millions","Millions","","Reported official data","","true","","Balance of Payments and International Investment Position Manual, Sixth Edition (BPM6)","Public (Unrestricted)","","Public or Unrestricted",""
"Brazil","Net (credits less debits)","Goods and services","US dollar","Quarterly","2006-Q1","6803325259.37925","Millions","Millions","","Reported official data","","true","","Balance of Payments and International Investment Position Manual, Sixth Edition (BPM6)","Public (Unrestricted)","","Public or Unrestricted",""
"Brazil","Net (credits less debits)","Goods and services","US dollar","Quarterly","2006-Q2","6919116577.09381","Millions","Millions","","Reported official data","","true","","Balance of Payments and International Investment Position Manual, Sixth Edition (BPM6)","Public (Unrestricted)","","Public or Unrestricted",""
"Brazil","Net (credits less debits)","Goods and services","US dollar","Quarterly","2006-Q3","10937305124.82999","Millions","Millions","","Reported official data","","true","","Balance of Payments and International Investment Position Manual, Sixth Edition (BPM6)","Public (Unrestricted)","","Public or Unrestricted",""
"Brazil","Net (credits less debits)","Goods and services","US dollar","Quarterly","2006-Q4","8792766861.63291","Millions","Millions","","Reported official data","","true","","Balance of Payments and International Investment Position Manual, Sixth Edition (BPM6)","Public (Unrestricted)","","Public or Unrestricted",""
"Brazil","Net (credits less debits)","Goods and services","US dollar","Quarterly","2007-Q1","5100829352.0888","Millions","Millions","","Reported official data","","true","","Balance of Payments and International Investment Position Manual, Sixth Edition (BPM6)","Public (Unrestricted)","","Public or Unrestricted",""
"Brazil","Net (credits less debits)","Goods and services","US dollar","Quarterly","2007-Q2","7444684030.09395","Millions","Millions","","Reported official data","","true","","Balance of Payments and International Investment Position Manual, Sixth Edition (BPM6)","Public (Unrestricted)","","Public or Unrestricted",""
"Brazil","Net (credits less debits)","Goods and services","US dollar","Quarterly","2007-Q3","5767413885.63173","Millions","Millions","","Reported official data","","true","","Balance of Payments and International Investment Position Manual, Sixth Edition (BPM6)","Public (Unrestricted)","","Public or Unrestricted",""
"Brazil","Net (credits less debits)","Goods and services","US dollar","Quarterly","2007-Q4","3904326907.88717","Millions","Millions","","Reported official data","","true","","Balance of Payments and International Investment Position Manual, Sixth Edition (BPM6)","Public (Unrestricted)","","Public or Unrestricted",""
"Brazil","Net (credits less debits)","Goods and services","US dollar","Quarterly","2008-Q1","-1931528326.62677","Millions","Millions","","Reported official data","","true","","Balance of Payments and International Investment Position Manual, Sixth Edition (BPM6)","Public (Unrestricted)","","Public or Unrestricted",""
"Brazil","Net (credits less debits)","Goods and services","US dollar","Quarterly","2008-Q2","2187857132.2245","Millions","Millions","","Reported official data","","true","","Balance of Payments and International Investment Position Manual, Sixth Edition (BPM6)","Public (Unrestricted)","","Public or Unrestricted",""
"Brazil","Net (credits less debits)","Goods and services","US dollar","Quarterly","2008-Q3","1707128604.70205","Millions","Millions","","Reported official data","","true","","Balance of Payments and International Investment Position Manual, Sixth Edition (BPM6)","Public (Unrestricted)","","Public or Unrestricted",""
"Brazil","Net (credits less debits)","Goods and services","US dollar","Quarterly","2008-Q4","16627101.56813","Millions","Millions","","Reported official data","","true","","Balance of Payments and International Investment Position Manual, Sixth Edition (BPM6)","Public (Unrestricted)","","Public or Unrestricted",""
"Brazil","Net (credits less debits)","Goods and services","US dollar","Quarterly","2009-Q1","-790247601.42461","Millions","Millions","","Reported official data","","true","","Balance of Payments and International Investment Position Manual, Sixth Edition (BPM6)","Public (Unrestricted)","","Public or Unrestricted",""
"Brazil","Net (credits less debits)","Goods and services","US dollar","Quarterly","2009-Q2","4815987492.72941","Millions","Millions","","Reported official data","","true","","Balance of Payments and International Investment Position Manual, Sixth Edition (BPM6)","Public (Unrestricted)","","Public or Unrestricted",""
"Brazil","Net (credits less debits)","Goods and services","US dollar","Quarterly","2009-Q3","1041462989.43916","Millions","Millions","","Reported official data","","true","","Balance of Payments and International Investment Position Manual, Sixth Edition (BPM6)","Public (Unrestricted)","","Public or Unrestricted",""
"Brazil","Net (credits less debits)","Goods and services","US dollar","Quarterly","2009-Q4","-2750553714.45608","Millions","Millions","","Reported official data","","true","","Balance of Payments and International Investment Position Manual, Sixth Edition (BPM6)","Public (Unrestricted)","","Public or Unrestricted",""
"Brazil","Net (credits less debits)","Goods and services","US dollar","Quarterly","2010-Q1","-6982213315.805","Millions","Millions","","Reported official data","","true","","Balance of Payments and International Investment Position Manual, Sixth Edition (BPM6)","Public (Unrestricted)","","Public or Unrestricted",""
"Brazil","Net (credits less debits)","Goods and services","US dollar","Quarterly","2010-Q2","-2753258617.865","Millions","Millions","","Reported official data","","true","","Balance of Payments and International Investment Position Manual, Sixth Edition (BPM6)","Public (Unrestricted)","","Public or Unrestricted",""
"Brazil","Net (credits less debits)","Goods and services","US dollar","Quarterly","2010-Q3","-6175852419.31","Millions","Millions","","Reported official data","","true","","Balance of Payments and International Investment Position Manual, Sixth Edition (BPM6)","Public (Unrestricted)","","Public or Unrestricted",""
"Brazil","Net (credits less debits)","Goods and services","US dollar","Quarterly","2010-Q4","-3457582602.85","Millions","Millions","","Reported official data","","true","","Balance of Payments and International Investment Position Manual, Sixth Edition (BPM6)","Public (Unrestricted)","","Public or Unrestricted",""
"Brazil","Net (credits less debits)","Goods and services","US dollar","Quarterly","2011-Q1","-6757325893.01","Millions","Millions","","Reported official data","","true","","Balance of Payments and International Investment Position Manual, Sixth Edition (BPM6)","Public (Unrestricted)","","Public or Unrestricted",""
"Brazil","Net (credits less debits)","Goods and services","US dollar","Quarterly","2011-Q2","-2718817533.605","Millions","Millions","","Reported official data","","true","","Balance of Payments and International Investment Position Manual, Sixth Edition (BPM6)","Public (Unrestricted)","","Public or Unrestricted",""
"Brazil","Net (credits less debits)","Goods and services","US dollar","Quarterly","2011-Q3","-2177419605.655","Millions","Millions","","Reported official data","","true","","Balance of Payments and International Investment Position Manual, Sixth Edition (BPM6)","Public (Unrestricted)","","Public or Unrestricted",""
"Brazil","Net (credits less debits)","Goods and services","US dollar","Quarterly","2011-Q4","-5176145542.305","Millions","Millions","","Reported official data","","true","","Balance of Payments and International Investment Position Manual, Sixth Edition (BPM6)","Public (Unrestricted)","","Public or Unrestricted",""
"Brazil","Net (credits less debits)","Goods and services","US dollar","Quarterly","2012-Q1","-9367511524.715","Millions","Millions","","Reported official data","","true","","Balance of Payments and International Investment Position Manual, Sixth Edition (BPM6)","Public (Unrestricted)","","Public or Unrestricted",""
"Brazil","Net (credits less debits)","Goods and services","US dollar","Quarterly","2012-Q2","-7980929796.08","Millions","Millions","","Reported official data","","true","","Balance of Payments and International Investment Position Manual, Sixth Edition (BPM6)","Public (Unrestricted)","","Public or Unrestricted",""
"Brazil","Net (credits less debits)","Goods and services","US dollar","Quarterly","2012-Q3","-3849389874.72","Millions","Millions","","Reported official data","","true","","Balance of Payments and International Investment Position Manual, Sixth Edition (BPM6)","Public (Unrestricted)","","Public or Unrestricted",""
"Brazil","Net (credits less debits)","Goods and services","US dollar","Quarterly","2012-Q4","-10441804609.435","Millions","Millions","","Reported official data","","true","","Balance of Payments and International Investment Position Manual, Sixth Edition (BPM6)","Public (Unrestricted)","","Public or Unrestricted",""
"Brazil","Net (credits less debits)","Goods and services","US dollar","Quarterly","2013-Q1","-17995040502.25","Millions","Millions","","Reported official data","","true","","Balance of Payments and International Investment Position Manual, Sixth Edition (BPM6)","Public (Unrestricted)","","Public or Unrestricted",""
"Brazil","Net (credits less debits)","Goods and services","US dollar","Quarterly","2013-Q2","-11760315417.245","Millions","Millions","","Reported official data","","true","","Balance of Payments and International Investment Position Manual, Sixth Edition (BPM6)","Public (Unrestricted)","","Public or Unrestricted",""
"Brazil","Net (credits less debits)","Goods and services","US dollar","Quarterly","2013-Q3","-13926968212.895","Millions","Millions","","Reported official data","","true","","Balance of Payments and International Investment Position Manual, Sixth Edition (BPM6)","Public (Unrestricted)","","Public or Unrestricted",""
"Brazil","Net (credits less debits)","Goods and services","US dollar","Quarterly","2013-Q4","-10901037935.99","Millions","Millions","","Reported official data","","true","","Balance of Payments and International Investment Position Manual, Sixth Edition (BPM6)","Public (Unrestricted)","","Public or Unrestricted",""
"Brazil","Net (credits less debits)","Goods and services","US dollar","Quarterly","2014-Q1","-18912723280.81","Millions","Millions","","Reported official data","","true","","Balance of Payments and International Investment Position Manual, Sixth Edition (BPM6)","Public (Unrestricted)","","Public or Unrestricted",""
"Brazil","Net (credits less debits)","Goods and services","US dollar","Quarterly","2014-Q2","-11729131924.26","Millions","Millions","","Reported official data","","true","","Balance of Payments and International Investment Position Manual, Sixth Edition (BPM6)","Public (Unrestricted)","","Public or Unrestricted",""
"Brazil","Net (credits less debits)","Goods and services","US dollar","Quarterly","2014-Q3","-13988464809.64","Millions","Millions","","Reported official data","","true","","Balance of Payments and International Investment Position Manual, Sixth Edition (BPM6)","Public (Unrestricted)","","Public or Unrestricted",""
"Brazil","Net (credits less debits)","Goods and services","US dollar","Quarterly","2014-Q4","-19161187486.865","Millions","Millions","","Reported official data","","true","","Balance of Payments and International Investment Position Manual, Sixth Edition (BPM6)","Public (Unrestricted)","","Public or Unrestricted",""
"Brazil","Net (credits less debits)","Goods and services","US dollar","Quarterly","2015-Q1","-18347133720","Millions","Millions","","Reported official data","","true","","Balance of Payments and International Investment Position Manual, Sixth Edition (BPM6)","Public (Unrestricted)","","Public or Unrestricted",""
"Brazil","Net (credits less debits)","Goods and services","US dollar","Quarterly","2015-Q2","-5457500815.905","Millions","Millions","","Reported official data","","true","","Balance of Payments and International Investment Position Manual, Sixth Edition (BPM6)","Public (Unrestricted)","","Public or Unrestricted",""
"Brazil","Net (credits less debits)","Goods and services","US dollar","Quarterly","2015-Q3","-3339658092.475","Millions","Millions","","Reported official data","","true","","Balance of Payments and International Investment Position Manual, Sixth Edition (BPM6)","Public (Unrestricted)","","Public or Unrestricted",""
"Brazil","Net (credits less debits)","Goods and services","US dollar","Quarterly","2015-Q4","-1080634310.065","Millions","Millions","","Reported official data","","true","","Balance of Payments and International Investment Position Manual, Sixth Edition (BPM6)","Public (Unrestricted)","","Public or Unrestricted",""
"Brazil","Net (credits less debits)","Goods and services","US dollar","Quarterly","2016-Q1","342611590.375","Millions","Millions","","Reported official data","","true","","Balance of Payments and International Investment Position Manual, Sixth Edition (BPM6)","Public (Unrestricted)","","Public or Unrestricted",""
"Brazil","Net (credits less debits)","Goods and services","US dollar","Quarterly","2016-Q2","4128451001.46","Millions","Millions","","Reported official data","","true","","Balance of Payments and International Investment Position Manual, Sixth Edition (BPM6)","Public (Unrestricted)","","Public or Unrestricted",""
"Brazil","Net (credits less debits)","Goods and services","US dollar","Quarterly","2016-Q3","2892288998.935","Millions","Millions","","Reported official data","","true","","Balance of Payments and International Investment Position Manual, Sixth Edition (BPM6)","Public (Unrestricted)","","Public or Unrestricted",""
"Brazil","Net (credits less debits)","Goods and services","US dollar","Quarterly","2016-Q4","524916770.03","Millions","Millions","","Reported official data","","true","","Balance of Payments and International Investment Position Manual, Sixth Edition (BPM6)","Public (Unrestricted)","","Public or Unrestricted",""
"Brazil","Net (credits less debits)","Goods and services","US dollar","Quarterly","2017-Q1","3964557242.445","Millions","Millions","","Reported official data","","true","","Balance of Payments and International Investment Position Manual, Sixth Edition (BPM6)","Public (Unrestricted)","","Public or Unrestricted",""
"Brazil","Net (credits less debits)","Goods and services","US dollar","Quarterly","2017-Q2","9029381424.11","Millions","Millions","","Reported official data","","true","","Balance of Payments and International Investment Position Manual, Sixth Edition (BPM6)","Public (Unrestricted)","","Public or Unrestricted",""
"Brazil","Net (credits less debits)","Goods and services","US dollar","Quarterly","2017-Q3","3392407522.71","Millions","Millions","","Reported official data","","true","","Balance of Payments and International Investment Position Manual, Sixth Edition (BPM6)","Public (Unrestricted)","","Public or Unrestricted",""
"Brazil","Net (credits less debits)","Goods and services","US dollar","Quarterly","2017-Q4","-615780447.195","Millions","Millions","","Reported official data","","true","","Balance of Payments and International Investment Position Manual, Sixth Edition (BPM6)","Public (Unrestricted)","","Public or Unrestricted",""
"Brazil","Net (credits less debits)","Goods and services","US dollar","Quarterly","2018-Q1","-87474694.44","Millions","Millions","","Reported official data","","true","","Balance of Payments and International Investment Position Manual, Sixth Edition (BPM6)","Public (Unrestricted)","","Public or Unrestricted",""
"Brazil","Net (credits less debits)","Goods and services","US dollar","Quarterly","2018-Q2","4620613917.42","Millions","Millions","","Reported official data","","true","","Balance of Payments and International Investment Position Manual, Sixth Edition (BPM6)","Public (Unrestricted)","","Public or Unrestricted",""
"Brazil","Net (credits less debits)","Goods and services","US dollar","Quarterly","2018-Q3","-1740148943.68","Millions","Millions","","Reported official data","","true","","Balance of Payments and International Investment Position Manual, Sixth Edition (BPM6)","Public (Unrestricted)","","Public or Unrestricted",""
"Brazil","Net (credits less debits)","Goods and services","US dollar","Quarterly","2018-Q4","2227750448.115","Millions","Millions","","Reported official data","","true","","Balance of Payments and International Investment Position Manual, Sixth Edition (BPM6)","Public (Unrestricted)","","Public or Unrestricted",""
"Brazil","Net (credits less debits)","Goods and services","US dollar","Quarterly","2019-Q1","-3445704454.37","Millions","Millions","","Reported official data","","true","","Balance of Payments and International Investment Position Manual, Sixth Edition (BPM6)","Public (Unrestricted)","","Public or Unrestricted",""
"Brazil","Net (credits less debits)","Goods and services","US dollar","Quarterly","2019-Q2","1511049706.01","Millions","Millions","","Reported official data","","true","","Balance of Payments and International Investment Position Manual, Sixth Edition (BPM6)","Public (Unrestricted)","","Public or Unrestricted",""
"Brazil","Net (credits less debits)","Goods and services","US dollar","Quarterly","2019-Q3","-4418803455.82","Millions","Millions","","Reported official data","","true","","Balance of Payments and International Investment Position Manual, Sixth Edition (BPM6)","Public (Unrestricted)","","Public or Unrestricted",""
"Brazil","Net (credits less debits)","Goods and services","US dollar","Quarterly","2019-Q4","-2560223503.255","Millions","Millions","","Reported official data","","true","","Balance of Payments and International Investment Position Manual, Sixth Edition (BPM6)","Public (Unrestricted)","","Public or Unrestricted",""
"Brazil","Net (credits less debits)","Goods and services","US dollar","Quarterly","2020-Q1","-7394013488.02","Millions","Millions","","Reported official data","","true","","Balance of Payments and International Investment Position Manual, Sixth Edition (BPM6)","Public (Unrestricted)","","Public or Unrestricted",""
"Brazil","Net (credits less debits)","Goods and services","US dollar","Quarterly","2020-Q2","9261429166.935","Millions","Millions","","Reported official data","","true","","Balance of Payments and International Investment Position Manual, Sixth Edition (BPM6)","Public (Unrestricted)","","Public or Unrestricted",""
"Brazil","Net (credits less debits)","Goods and services","US dollar","Quarterly","2020-Q3","10910259890.26","Millions","Millions","","Reported official data","","true","","Balance of Payments and International Investment Position Manual, Sixth Edition (BPM6)","Public (Unrestricted)","","Public or Unrestricted",""
"Brazil","Net (credits less debits)","Goods and services","US dollar","Quarterly","2020-Q4","-1771174190.74","Millions","Millions","","Reported official data","","true","","Balance of Payments and International Investment Position Manual, Sixth Edition (BPM6)","Public (Unrestricted)","","Public or Unrestricted",""
"Brazil","Net (credits less debits)","Goods and services","US dollar","Quarterly","2021-Q1","-7586690297.105","Millions","Millions","","Reported official data","","true","","Balance of Payments and International Investment Position Manual, Sixth Edition (BPM6)","Public (Unrestricted)","","Public or Unrestricted",""
"Brazil","Net (credits less debits)","Goods and services","US dollar","Quarterly","2021-Q2","19201307763.675","Millions","Millions","","Reported official data","","true","","Balance of Payments and International Investment Position Manual, Sixth Edition (BPM6)","Public (Unrestricted)","","Public or Unrestricted",""
"Brazil","Net (credits less debits)","Goods and services","US dollar","Quarterly","2021-Q3","8973804151.84","Millions","Millions","","Reported official data","","true","","Balance of Payments and International Investment Position Manual, Sixth Edition (BPM6)","Public (Unrestricted)","","Public or Unrestricted",""
"Brazil","Net (credits less debits)","Goods and services","US dollar","Quarterly","2021-Q4","-5233302227.4","Millions","Millions","","Reported official data","","true","","Balance of Payments and International Investment Position Manual, Sixth Edition (BPM6)","Public (Unrestricted)","","Public or Unrestricted",""
"Brazil","Net (credits less debits)","Goods and services","US dollar","Quarterly","2022-Q1","863816228.845","Millions","Millions","","Reported official data","","true","","Balance of Payments and International Investment Position Manual, Sixth Edition (BPM6)","Public (Unrestricted)","","Public or Unrestricted",""
"Brazil","Net (credits less debits)","Goods and services","US dollar","Quarterly","2022-Q2","8596834983.59","Millions","Millions","","Reported official data","","true","","Balance of Payments and International Investment Position Manual, Sixth Edition (BPM6)","Public (Unrestricted)","","Public or Unrestricted",""
"Brazil","Net (credits less debits)","Goods and services","US dollar","Quarterly","2022-Q3","-8135530.41","Millions","Millions","","Reported official data","","true","","Balance of Payments and International Investment Position Manual, Sixth Edition (BPM6)","Public (Unrestricted)","","Public or Unrestricted",""
"Brazil","Net (credits less debits)","Goods and services","US dollar","Quarterly","2022-Q4","1179133136.745","Millions","Millions","","Reported official data","","true","","Balance of Payments and International Investment Position Manual, Sixth Edition (BPM6)","Public (Unrestricted)","","Public or Unrestricted",""
"Brazil","Net (credits less debits)","Goods and services","US dollar","Quarterly","2023-Q1","5584755402.305","Millions","Millions","","Reported official data","","true","","Balance of Payments and International Investment Position Manual, Sixth Edition (BPM6)","Public (Unrestricted)","","Public or Unrestricted",""
"Brazil","Net (credits less debits)","Goods and services","US dollar","Quarterly","2023-Q2","16155504320.02","Millions","Millions","","Reported official data","","true","","Balance of Payments and International Investment Position Manual, Sixth Edition (BPM6)","Public (Unrestricted)","","Public or Unrestricted",""
"Brazil","Net (credits less debits)","Goods and services","US dollar","Quarterly","2023-Q3","14239932620.755","Millions","Millions","","Reported official data","","true","","Balance of Payments and International Investment Position Manual, Sixth Edition (BPM6)","Public (Unrestricted)","","Public or Unrestricted",""
"Brazil","Net (credits less debits)","Goods and services","US dollar","Quarterly","2023-Q4","13017237339.155","Millions","Millions","","Reported official data","","true","","Balance of Payments and International Investment Position Manual, Sixth Edition (BPM6)","Public (Unrestricted)","","Public or Unrestricted",""
"Brazil","Net (credits less debits)","Goods and services","US dollar","Quarterly","2024-Q1","5027787855.64","Millions","Millions","","Reported official data","","true","","Balance of Payments and International Investment Position Manual, Sixth Edition (BPM6)","Public (Unrestricted)","","Public or Unrestricted",""
"Brazil","Net (credits less debits)","Goods and services","US dollar","Quarterly","2024-Q2","7677707244.83","Millions","Millions","","Reported official data","","true","","Balance of Payments and International Investment Position Manual, Sixth Edition (BPM6)","Public (Unrestricted)","","Public or Unrestricted",""
"Brazil","Net (credits less debits)","Goods and services","US dollar","Quarterly","2024-Q3","-367255854.03","Millions","Millions","","Reported official data","","true","","Balance of Payments and International Investment Position Manual, Sixth Edition (BPM6)","Public (Unrestricted)","","Public or Unrestricted",""
"Brazil","Net (credits less debits)","Goods and services","US dollar","Quarterly","2024-Q4","-1055149129.63","Millions","Millions","","Reported official data","","true","","Balance of Payments and International Investment Position Manual, Sixth Edition (BPM6)","Public (Unrestricted)","","Public or Unrestricted",""
"Brazil","Net (credits less debits)","Goods and services","US dollar","Quarterly","2025-Q1","-4926129665.64","Millions","Millions","","Reported official data","","true","","Balance of Payments and International Investment Position Manual, Sixth Edition (BPM6)","Public (Unrestricted)","","Public or Unrestricted",""
