﻿"COUNTRY","INDICATOR","TYPE_OF_TRANSFORMATION","FREQUENCY","TIME_PERIOD","OBS_VALUE","SCALE","PRECISION","DECIMALS_DISPLAYED","DERIVATION_TYPE","OVERLAP","IFS_FLAG","REFERENCE_PERIOD","STATUS","METHODOLOGY","ACCESS_SHARING_LEVEL","ACCESS_SHARING_NOTES","SECURITY_CLASSIFICATION","SOURCE"
"Brazil","Unemployment rate","Percent","Annual","1984","4.3","Units","","","Reported official data","Overlapping Indicator","true","","","International Labor Organization (ILO)","Public (Unrestricted)","","Public or Unrestricted",""
"Brazil","Unemployment rate","Percent","Annual","1985","3.4","Units","","","Reported official data","Overlapping Indicator","true","","","International Labor Organization (ILO)","Public (Unrestricted)","","Public or Unrestricted",""
"Brazil","Unemployment rate","Percent","Annual","1986","2.4","Units","","","Reported official data","Overlapping Indicator","true","","","International Labor Organization (ILO)","Public (Unrestricted)","","Public or Unrestricted",""
"Brazil","Unemployment rate","Percent","Annual","1987","3.6","Units","","","Reported official data","Overlapping Indicator","true","","","International Labor Organization (ILO)","Public (Unrestricted)","","Public or Unrestricted",""
"Brazil","Unemployment rate","Percent","Annual","1988","3.8","Units","","","Reported official data","Overlapping Indicator","true","","","International Labor Organization (ILO)","Public (Unrestricted)","","Public or Unrestricted",""
"Brazil","Unemployment rate","Percent","Annual","1989","3","Units","","","Reported official data","Overlapping Indicator","true","","","International Labor Organization (ILO)","Public (Unrestricted)","","Public or Unrestricted",""
"Brazil","Unemployment rate","Percent","Annual","1990","3.7","Units","","","Reported official data","Overlapping Indicator","true","","","International Labor Organization (ILO)","Public (Unrestricted)","","Public or Unrestricted",""
"Brazil","Unemployment rate","Percent","Annual","1992","6.5","Units","","","Reported official data","Overlapping Indicator","true","","","International Labor Organization (ILO)","Public (Unrestricted)","","Public or Unrestricted",""
"Brazil","Unemployment rate","Percent","Annual","1993","5.316666666666668","Units","","","Reported official data","Overlapping Indicator","true","","","International Labor Organization (ILO)","Public (Unrestricted)","","Public or Unrestricted",""
"Brazil","Unemployment rate","Percent","Annual","1994","5.066666666666668","Units","","","Reported official data","Overlapping Indicator","true","","","International Labor Organization (ILO)","Public (Unrestricted)","","Public or Unrestricted",""
"Brazil","Unemployment rate","Percent","Annual","1995","4.641666666666668","Units","","","Reported official data","Overlapping Indicator","true","","","International Labor Organization (ILO)","Public (Unrestricted)","","Public or Unrestricted",""
"Brazil","Unemployment rate","Percent","Annual","1996","7","Units","","","Reported official data","Overlapping Indicator","true","","","International Labor Organization (ILO)","Public (Unrestricted)","","Public or Unrestricted",""
"Brazil","Unemployment rate","Percent","Annual","1997","7.8","Units","","","Reported official data","Overlapping Indicator","true","","","International Labor Organization (ILO)","Public (Unrestricted)","","Public or Unrestricted",""
"Brazil","Unemployment rate","Percent","Annual","1998","9","Units","","","Reported official data","Overlapping Indicator","true","","","International Labor Organization (ILO)","Public (Unrestricted)","","Public or Unrestricted",""
"Brazil","Unemployment rate","Percent","Annual","1999","9.6","Units","","","Reported official data","Overlapping Indicator","true","","","International Labor Organization (ILO)","Public (Unrestricted)","","Public or Unrestricted",""
"Brazil","Unemployment rate","Percent","Annual","2000","9.2","Units","","","Reported official data","Overlapping Indicator","true","","","International Labor Organization (ILO)","Public (Unrestricted)","","Public or Unrestricted",""
"Brazil","Unemployment rate","Percent","Annual","2001","10.1","Units","","","Reported official data","Overlapping Indicator","true","","","International Labor Organization (ILO)","Public (Unrestricted)","","Public or Unrestricted",""
"Brazil","Unemployment rate","Percent","Annual","2002","11.69","Units","","","Reported official data","Overlapping Indicator","true","","","International Labor Organization (ILO)","Public (Unrestricted)","","Public or Unrestricted",""
"Brazil","Unemployment rate","Percent","Annual","2013","7.205206364400638","Units","","","Reported official data","Overlapping Indicator","true","","","International Labor Organization (ILO)","Public (Unrestricted)","","Public or Unrestricted",""
"Brazil","Unemployment rate","Percent","Annual","2014","6.7888095083586","Units","","","Reported official data","Overlapping Indicator","true","","","International Labor Organization (ILO)","Public (Unrestricted)","","Public or Unrestricted",""
"Brazil","Unemployment rate","Percent","Annual","2015","8.306679844125978","Units","","","Reported official data","Overlapping Indicator","true","","","International Labor Organization (ILO)","Public (Unrestricted)","","Public or Unrestricted",""
"Brazil","Unemployment rate","Percent","Annual","2016","11.26254740070845","Units","","","Reported official data","Overlapping Indicator","true","","","International Labor Organization (ILO)","Public (Unrestricted)","","Public or Unrestricted",""
"Brazil","Unemployment rate","Percent","Annual","2017","12.77208250269143","Units","","","Reported official data","Overlapping Indicator","true","","","International Labor Organization (ILO)","Public (Unrestricted)","","Public or Unrestricted",""
"Brazil","Unemployment rate","Percent","Annual","2018","12.25811828865295","Units","","","Reported official data","Overlapping Indicator","true","","","International Labor Organization (ILO)","Public (Unrestricted)","","Public or Unrestricted",""
"Brazil","Unemployment rate","Percent","Annual","2019","11.92889885364149","Units","","","Reported official data","Overlapping Indicator","true","","","International Labor Organization (ILO)","Public (Unrestricted)","","Public or Unrestricted",""
"Brazil","Unemployment rate","Percent","Annual","2020","13.48539879861438","Units","","","Reported official data","Overlapping Indicator","true","","","International Labor Organization (ILO)","Public (Unrestricted)","","Public or Unrestricted",""
"Brazil","Unemployment rate","Percent","Annual","2021","13.50020835478018","Units","","","Reported official data","Overlapping Indicator","true","","","International Labor Organization (ILO)","Public (Unrestricted)","","Public or Unrestricted",""
"Brazil","Unemployment rate","Percent","Annual","2022","9.519878971241888","Units","","","Reported official data","Overlapping Indicator","true","","","International Labor Organization (ILO)","Public (Unrestricted)","","Public or Unrestricted",""
"Brazil","Unemployment rate","Percent","Annual","2023","8.045561784237758","Units","","","Reported official data","Overlapping Indicator","true","","","International Labor Organization (ILO)","Public (Unrestricted)","","Public or Unrestricted",""
"Brazil","Unemployment rate","Percent","Monthly","1992-M01","4.9","Units","","","Reported official data","Overlapping Indicator","true","","","International Labor Organization (ILO)","Public (Unrestricted)","","Public or Unrestricted",""
"Brazil","Unemployment rate","Percent","Monthly","1992-M02","6.4","Units","","","Reported official data","Overlapping Indicator","true","","","International Labor Organization (ILO)","Public (Unrestricted)","","Public or Unrestricted",""
"Brazil","Unemployment rate","Percent","Monthly","1992-M03","6.2","Units","","","Reported official data","Overlapping Indicator","true","","","International Labor Organization (ILO)","Public (Unrestricted)","","Public or Unrestricted",""
"Brazil","Unemployment rate","Percent","Monthly","1992-M04","5.9","Units","","","Reported official data","Overlapping Indicator","true","","","International Labor Organization (ILO)","Public (Unrestricted)","","Public or Unrestricted",""
"Brazil","Unemployment rate","Percent","Monthly","1992-M05","6.5","Units","","","Reported official data","Overlapping Indicator","true","","","International Labor Organization (ILO)","Public (Unrestricted)","","Public or Unrestricted",""
"Brazil","Unemployment rate","Percent","Monthly","1992-M08","5.9","Units","","","Reported official data","Overlapping Indicator","true","","","International Labor Organization (ILO)","Public (Unrestricted)","","Public or Unrestricted",""
"Brazil","Unemployment rate","Percent","Monthly","1992-M09","5.7","Units","","","Reported official data","Overlapping Indicator","true","","","International Labor Organization (ILO)","Public (Unrestricted)","","Public or Unrestricted",""
"Brazil","Unemployment rate","Percent","Monthly","1992-M10","5.8","Units","","","Reported official data","Overlapping Indicator","true","","","International Labor Organization (ILO)","Public (Unrestricted)","","Public or Unrestricted",""
"Brazil","Unemployment rate","Percent","Monthly","1992-M11","5.8","Units","","","Reported official data","Overlapping Indicator","true","","","International Labor Organization (ILO)","Public (Unrestricted)","","Public or Unrestricted",""
"Brazil","Unemployment rate","Percent","Monthly","1992-M12","4.5","Units","","","Reported official data","Overlapping Indicator","true","","","International Labor Organization (ILO)","Public (Unrestricted)","","Public or Unrestricted",""
"Brazil","Unemployment rate","Percent","Monthly","1993-M01","6","Units","","","Reported official data","Overlapping Indicator","true","","","International Labor Organization (ILO)","Public (Unrestricted)","","Public or Unrestricted",""
"Brazil","Unemployment rate","Percent","Monthly","1993-M02","5.8","Units","","","Reported official data","Overlapping Indicator","true","","","International Labor Organization (ILO)","Public (Unrestricted)","","Public or Unrestricted",""
"Brazil","Unemployment rate","Percent","Monthly","1993-M03","5.9","Units","","","Reported official data","Overlapping Indicator","true","","","International Labor Organization (ILO)","Public (Unrestricted)","","Public or Unrestricted",""
"Brazil","Unemployment rate","Percent","Monthly","1993-M04","6.1","Units","","","Reported official data","Overlapping Indicator","true","","","International Labor Organization (ILO)","Public (Unrestricted)","","Public or Unrestricted",""
"Brazil","Unemployment rate","Percent","Monthly","1993-M05","5.4","Units","","","Reported official data","Overlapping Indicator","true","","","International Labor Organization (ILO)","Public (Unrestricted)","","Public or Unrestricted",""
"Brazil","Unemployment rate","Percent","Monthly","1993-M06","5","Units","","","Reported official data","Overlapping Indicator","true","","","International Labor Organization (ILO)","Public (Unrestricted)","","Public or Unrestricted",""
"Brazil","Unemployment rate","Percent","Monthly","1993-M07","5.2","Units","","","Reported official data","Overlapping Indicator","true","","","International Labor Organization (ILO)","Public (Unrestricted)","","Public or Unrestricted",""
"Brazil","Unemployment rate","Percent","Monthly","1993-M08","5.3","Units","","","Reported official data","Overlapping Indicator","true","","","International Labor Organization (ILO)","Public (Unrestricted)","","Public or Unrestricted",""
"Brazil","Unemployment rate","Percent","Monthly","1993-M09","5.1","Units","","","Reported official data","Overlapping Indicator","true","","","International Labor Organization (ILO)","Public (Unrestricted)","","Public or Unrestricted",""
"Brazil","Unemployment rate","Percent","Monthly","1993-M10","4.9","Units","","","Reported official data","Overlapping Indicator","true","","","International Labor Organization (ILO)","Public (Unrestricted)","","Public or Unrestricted",""
"Brazil","Unemployment rate","Percent","Monthly","1993-M11","4.7","Units","","","Reported official data","Overlapping Indicator","true","","","International Labor Organization (ILO)","Public (Unrestricted)","","Public or Unrestricted",""
"Brazil","Unemployment rate","Percent","Monthly","1993-M12","4.4","Units","","","Reported official data","Overlapping Indicator","true","","","International Labor Organization (ILO)","Public (Unrestricted)","","Public or Unrestricted",""
"Brazil","Unemployment rate","Percent","Monthly","2012-M03","7.9482246664715","Units","","","Reported official data","Overlapping Indicator","true","","","International Labor Organization (ILO)","Public (Unrestricted)","","Public or Unrestricted",""
"Brazil","Unemployment rate","Percent","Monthly","2012-M04","7.75653474292005","Units","","","Reported official data","Overlapping Indicator","true","","","International Labor Organization (ILO)","Public (Unrestricted)","","Public or Unrestricted",""
"Brazil","Unemployment rate","Percent","Monthly","2012-M05","7.61446531119044","Units","","","Reported official data","Overlapping Indicator","true","","","International Labor Organization (ILO)","Public (Unrestricted)","","Public or Unrestricted",""
"Brazil","Unemployment rate","Percent","Monthly","2012-M06","7.52447234728016","Units","","","Reported official data","Overlapping Indicator","true","","","International Labor Organization (ILO)","Public (Unrestricted)","","Public or Unrestricted",""
"Brazil","Unemployment rate","Percent","Monthly","2012-M07","7.44099571347415","Units","","","Reported official data","Overlapping Indicator","true","","","International Labor Organization (ILO)","Public (Unrestricted)","","Public or Unrestricted",""
"Brazil","Unemployment rate","Percent","Monthly","2012-M08","7.29450358999752","Units","","","Reported official data","Overlapping Indicator","true","","","International Labor Organization (ILO)","Public (Unrestricted)","","Public or Unrestricted",""
"Brazil","Unemployment rate","Percent","Monthly","2012-M09","7.07256184365264","Units","","","Reported official data","Overlapping Indicator","true","","","International Labor Organization (ILO)","Public (Unrestricted)","","Public or Unrestricted",""
"Brazil","Unemployment rate","Percent","Monthly","2012-M10","6.89644490794759","Units","","","Reported official data","Overlapping Indicator","true","","","International Labor Organization (ILO)","Public (Unrestricted)","","Public or Unrestricted",""
"Brazil","Unemployment rate","Percent","Monthly","2012-M11","6.77065053574747","Units","","","Reported official data","Overlapping Indicator","true","","","International Labor Organization (ILO)","Public (Unrestricted)","","Public or Unrestricted",""
"Brazil","Unemployment rate","Percent","Monthly","2012-M12","6.86166317721924","Units","","","Reported official data","Overlapping Indicator","true","","","International Labor Organization (ILO)","Public (Unrestricted)","","Public or Unrestricted",""
"Brazil","Unemployment rate","Percent","Monthly","2013-M01","7.21703707523333","Units","","","Reported official data","Overlapping Indicator","true","","","International Labor Organization (ILO)","Public (Unrestricted)","","Public or Unrestricted",""
"Brazil","Unemployment rate","Percent","Monthly","2013-M02","7.71901269161035","Units","","","Reported official data","Overlapping Indicator","true","","","International Labor Organization (ILO)","Public (Unrestricted)","","Public or Unrestricted",""
"Brazil","Unemployment rate","Percent","Monthly","2013-M03","7.97864131609","Units","","","Reported official data","Overlapping Indicator","true","","","International Labor Organization (ILO)","Public (Unrestricted)","","Public or Unrestricted",""
"Brazil","Unemployment rate","Percent","Monthly","2013-M04","7.83853338938389","Units","","","Reported official data","Overlapping Indicator","true","","","International Labor Organization (ILO)","Public (Unrestricted)","","Public or Unrestricted",""
"Brazil","Unemployment rate","Percent","Monthly","2013-M05","7.5786112020963","Units","","","Reported official data","Overlapping Indicator","true","","","International Labor Organization (ILO)","Public (Unrestricted)","","Public or Unrestricted",""
"Brazil","Unemployment rate","Percent","Monthly","2013-M06","7.43235645871879","Units","","","Reported official data","Overlapping Indicator","true","","","International Labor Organization (ILO)","Public (Unrestricted)","","Public or Unrestricted",""
"Brazil","Unemployment rate","Percent","Monthly","2013-M07","7.28449111634979","Units","","","Reported official data","Overlapping Indicator","true","","","International Labor Organization (ILO)","Public (Unrestricted)","","Public or Unrestricted",""
"Brazil","Unemployment rate","Percent","Monthly","2013-M08","7.10806588312179","Units","","","Reported official data","Overlapping Indicator","true","","","International Labor Organization (ILO)","Public (Unrestricted)","","Public or Unrestricted",""
"Brazil","Unemployment rate","Percent","Monthly","2013-M09","6.93674658827612","Units","","","Reported official data","Overlapping Indicator","true","","","International Labor Organization (ILO)","Public (Unrestricted)","","Public or Unrestricted",""
"Brazil","Unemployment rate","Percent","Monthly","2013-M10","6.71291802474686","Units","","","Reported official data","Overlapping Indicator","true","","","International Labor Organization (ILO)","Public (Unrestricted)","","Public or Unrestricted",""
"Brazil","Unemployment rate","Percent","Monthly","2013-M11","6.47639060316424","Units","","","Reported official data","Overlapping Indicator","true","","","International Labor Organization (ILO)","Public (Unrestricted)","","Public or Unrestricted",""
"Brazil","Unemployment rate","Percent","Monthly","2013-M12","6.17967202401617","Units","","","Reported official data","Overlapping Indicator","true","","","International Labor Organization (ILO)","Public (Unrestricted)","","Public or Unrestricted",""
"Brazil","Unemployment rate","Percent","Monthly","2014-M01","6.39576477321505","Units","","","Reported official data","Overlapping Indicator","true","","","International Labor Organization (ILO)","Public (Unrestricted)","","Public or Unrestricted",""
"Brazil","Unemployment rate","Percent","Monthly","2014-M02","6.75058607685251","Units","","","Reported official data","Overlapping Indicator","true","","","International Labor Organization (ILO)","Public (Unrestricted)","","Public or Unrestricted",""
"Brazil","Unemployment rate","Percent","Monthly","2014-M03","7.17090539165819","Units","","","Reported official data","Overlapping Indicator","true","","","International Labor Organization (ILO)","Public (Unrestricted)","","Public or Unrestricted",""
"Brazil","Unemployment rate","Percent","Monthly","2014-M04","7.14452344486931","Units","","","Reported official data","Overlapping Indicator","true","","","International Labor Organization (ILO)","Public (Unrestricted)","","Public or Unrestricted",""
"Brazil","Unemployment rate","Percent","Monthly","2014-M05","6.979076954253","Units","","","Reported official data","Overlapping Indicator","true","","","International Labor Organization (ILO)","Public (Unrestricted)","","Public or Unrestricted",""
"Brazil","Unemployment rate","Percent","Monthly","2014-M06","6.84787338467299","Units","","","Reported official data","Overlapping Indicator","true","","","International Labor Organization (ILO)","Public (Unrestricted)","","Public or Unrestricted",""
"Brazil","Unemployment rate","Percent","Monthly","2014-M07","6.89878673715339","Units","","","Reported official data","Overlapping Indicator","true","","","International Labor Organization (ILO)","Public (Unrestricted)","","Public or Unrestricted",""
"Brazil","Unemployment rate","Percent","Monthly","2014-M08","6.88212773715235","Units","","","Reported official data","Overlapping Indicator","true","","","International Labor Organization (ILO)","Public (Unrestricted)","","Public or Unrestricted",""
"Brazil","Unemployment rate","Percent","Monthly","2014-M09","6.77450643603371","Units","","","Reported official data","Overlapping Indicator","true","","","International Labor Organization (ILO)","Public (Unrestricted)","","Public or Unrestricted",""
"Brazil","Unemployment rate","Percent","Monthly","2014-M10","6.62088022913389","Units","","","Reported official data","Overlapping Indicator","true","","","International Labor Organization (ILO)","Public (Unrestricted)","","Public or Unrestricted",""
"Brazil","Unemployment rate","Percent","Monthly","2014-M11","6.50490136754205","Units","","","Reported official data","Overlapping Indicator","true","","","International Labor Organization (ILO)","Public (Unrestricted)","","Public or Unrestricted",""
"Brazil","Unemployment rate","Percent","Monthly","2014-M12","6.49578156776675","Units","","","Reported official data","Overlapping Indicator","true","","","International Labor Organization (ILO)","Public (Unrestricted)","","Public or Unrestricted",""
"Brazil","Unemployment rate","Percent","Monthly","2015-M01","6.80019707801675","Units","","","Reported official data","Overlapping Indicator","true","","","International Labor Organization (ILO)","Public (Unrestricted)","","Public or Unrestricted",""
"Brazil","Unemployment rate","Percent","Monthly","2015-M02","7.42282309991375","Units","","","Reported official data","Overlapping Indicator","true","","","International Labor Organization (ILO)","Public (Unrestricted)","","Public or Unrestricted",""
"Brazil","Unemployment rate","Percent","Monthly","2015-M03","7.93741308762768","Units","","","Reported official data","Overlapping Indicator","true","","","International Labor Organization (ILO)","Public (Unrestricted)","","Public or Unrestricted",""
"Brazil","Unemployment rate","Percent","Monthly","2015-M04","8.01241430239404","Units","","","Reported official data","Overlapping Indicator","true","","","International Labor Organization (ILO)","Public (Unrestricted)","","Public or Unrestricted",""
"Brazil","Unemployment rate","Percent","Monthly","2015-M05","8.1357656516492","Units","","","Reported official data","Overlapping Indicator","true","","","International Labor Organization (ILO)","Public (Unrestricted)","","Public or Unrestricted",""
"Brazil","Unemployment rate","Percent","Monthly","2015-M06","8.30698247916791","Units","","","Reported official data","Overlapping Indicator","true","","","International Labor Organization (ILO)","Public (Unrestricted)","","Public or Unrestricted",""
"Brazil","Unemployment rate","Percent","Monthly","2015-M07","8.55297747180255","Units","","","Reported official data","Overlapping Indicator","true","","","International Labor Organization (ILO)","Public (Unrestricted)","","Public or Unrestricted",""
"Brazil","Unemployment rate","Percent","Monthly","2015-M08","8.72279081748918","Units","","","Reported official data","Overlapping Indicator","true","","","International Labor Organization (ILO)","Public (Unrestricted)","","Public or Unrestricted",""
"Brazil","Unemployment rate","Percent","Monthly","2015-M09","8.88402972226895","Units","","","Reported official data","Overlapping Indicator","true","","","International Labor Organization (ILO)","Public (Unrestricted)","","Public or Unrestricted",""
"Brazil","Unemployment rate","Percent","Monthly","2015-M10","8.94964284304826","Units","","","Reported official data","Overlapping Indicator","true","","","International Labor Organization (ILO)","Public (Unrestricted)","","Public or Unrestricted",""
"Brazil","Unemployment rate","Percent","Monthly","2015-M11","9.00014812620353","Units","","","Reported official data","Overlapping Indicator","true","","","International Labor Organization (ILO)","Public (Unrestricted)","","Public or Unrestricted",""
"Brazil","Unemployment rate","Percent","Monthly","2015-M12","8.95497344992992","Units","","","Reported official data","Overlapping Indicator","true","","","International Labor Organization (ILO)","Public (Unrestricted)","","Public or Unrestricted",""
"Brazil","Unemployment rate","Percent","Monthly","2016-M01","9.50306263584272","Units","","","Reported official data","Overlapping Indicator","true","","","International Labor Organization (ILO)","Public (Unrestricted)","","Public or Unrestricted",""
"Brazil","Unemployment rate","Percent","Monthly","2016-M02","10.2172306782917","Units","","","Reported official data","Overlapping Indicator","true","","","International Labor Organization (ILO)","Public (Unrestricted)","","Public or Unrestricted",""
"Brazil","Unemployment rate","Percent","Monthly","2016-M03","10.900636992765","Units","","","Reported official data","Overlapping Indicator","true","","","International Labor Organization (ILO)","Public (Unrestricted)","","Public or Unrestricted",""
"Brazil","Unemployment rate","Percent","Monthly","2016-M04","11.1824311081494","Units","","","Reported official data","Overlapping Indicator","true","","","International Labor Organization (ILO)","Public (Unrestricted)","","Public or Unrestricted",""
"Brazil","Unemployment rate","Percent","Monthly","2016-M05","11.1839982793849","Units","","","Reported official data","Overlapping Indicator","true","","","International Labor Organization (ILO)","Public (Unrestricted)","","Public or Unrestricted",""
"Brazil","Unemployment rate","Percent","Monthly","2016-M06","11.3162212845757","Units","","","Reported official data","Overlapping Indicator","true","","","International Labor Organization (ILO)","Public (Unrestricted)","","Public or Unrestricted",""
"Brazil","Unemployment rate","Percent","Monthly","2016-M07","11.5767975452929","Units","","","Reported official data","Overlapping Indicator","true","","","International Labor Organization (ILO)","Public (Unrestricted)","","Public or Unrestricted",""
"Brazil","Unemployment rate","Percent","Monthly","2016-M08","11.7696576971643","Units","","","Reported official data","Overlapping Indicator","true","","","International Labor Organization (ILO)","Public (Unrestricted)","","Public or Unrestricted",""
"Brazil","Unemployment rate","Percent","Monthly","2016-M09","11.8028216028353","Units","","","Reported official data","Overlapping Indicator","true","","","International Labor Organization (ILO)","Public (Unrestricted)","","Public or Unrestricted",""
"Brazil","Unemployment rate","Percent","Monthly","2016-M10","11.8145695364238","Units","","","Reported official data","Overlapping Indicator","true","","","International Labor Organization (ILO)","Public (Unrestricted)","","Public or Unrestricted",""
"Brazil","Unemployment rate","Percent","Monthly","2016-M11","11.8543706396201","Units","","","Reported official data","Overlapping Indicator","true","","","International Labor Organization (ILO)","Public (Unrestricted)","","Public or Unrestricted",""
"Brazil","Unemployment rate","Percent","Monthly","2016-M12","12.0287708081556","Units","","","Reported official data","Overlapping Indicator","true","","","International Labor Organization (ILO)","Public (Unrestricted)","","Public or Unrestricted",""
"Brazil","Unemployment rate","Percent","Monthly","2017-M01","12.5722458987682","Units","","","Reported official data","Overlapping Indicator","true","","","International Labor Organization (ILO)","Public (Unrestricted)","","Public or Unrestricted",""
"Brazil","Unemployment rate","Percent","Monthly","2017-M02","13.1662325545232","Units","","","Reported official data","Overlapping Indicator","true","","","International Labor Organization (ILO)","Public (Unrestricted)","","Public or Unrestricted",""
"Brazil","Unemployment rate","Percent","Monthly","2017-M03","13.7466908449134","Units","","","Reported official data","Overlapping Indicator","true","","","International Labor Organization (ILO)","Public (Unrestricted)","","Public or Unrestricted",""
"Brazil","Unemployment rate","Percent","Monthly","2017-M04","13.6010688767113","Units","","","Reported official data","Overlapping Indicator","true","","","International Labor Organization (ILO)","Public (Unrestricted)","","Public or Unrestricted",""
"Brazil","Unemployment rate","Percent","Monthly","2017-M05","13.3105868025015","Units","","","Reported official data","Overlapping Indicator","true","","","International Labor Organization (ILO)","Public (Unrestricted)","","Public or Unrestricted",""
"Brazil","Unemployment rate","Percent","Monthly","2017-M06","13.0020632074198","Units","","","Reported official data","Overlapping Indicator","true","","","International Labor Organization (ILO)","Public (Unrestricted)","","Public or Unrestricted",""
"Brazil","Unemployment rate","Percent","Monthly","2017-M07","12.8129687319718","Units","","","Reported official data","Overlapping Indicator","true","","","International Labor Organization (ILO)","Public (Unrestricted)","","Public or Unrestricted",""
"Brazil","Unemployment rate","Percent","Monthly","2017-M08","12.5874730021598","Units","","","Reported official data","Overlapping Indicator","true","","","International Labor Organization (ILO)","Public (Unrestricted)","","Public or Unrestricted",""
"Brazil","Unemployment rate","Percent","Monthly","2017-M09","12.4316599205816","Units","","","Reported official data","Overlapping Indicator","true","","","International Labor Organization (ILO)","Public (Unrestricted)","","Public or Unrestricted",""
"Brazil","Unemployment rate","Percent","Monthly","2017-M10","12.2165220309728","Units","","","Reported official data","Overlapping Indicator","true","","","International Labor Organization (ILO)","Public (Unrestricted)","","Public or Unrestricted",""
"Brazil","Unemployment rate","Percent","Monthly","2017-M11","12.0274782575417","Units","","","Reported official data","Overlapping Indicator","true","","","International Labor Organization (ILO)","Public (Unrestricted)","","Public or Unrestricted",""
"Brazil","Unemployment rate","Percent","Monthly","2017-M12","11.789999904232","Units","","","Reported official data","Overlapping Indicator","true","","","International Labor Organization (ILO)","Public (Unrestricted)","","Public or Unrestricted",""
"Brazil","Unemployment rate","Percent","Monthly","2018-M01","12.1540162476566","Units","","","Reported official data","Overlapping Indicator","true","","","International Labor Organization (ILO)","Public (Unrestricted)","","Public or Unrestricted",""
"Brazil","Unemployment rate","Percent","Monthly","2018-M02","12.5864293831012","Units","","","Reported official data","Overlapping Indicator","true","","","International Labor Organization (ILO)","Public (Unrestricted)","","Public or Unrestricted",""
"Brazil","Unemployment rate","Percent","Monthly","2018-M03","13.1213488985343","Units","","","Reported official data","Overlapping Indicator","true","","","International Labor Organization (ILO)","Public (Unrestricted)","","Public or Unrestricted",""
"Brazil","Unemployment rate","Percent","Monthly","2018-M04","12.8731091627324","Units","","","Reported official data","Overlapping Indicator","true","","","International Labor Organization (ILO)","Public (Unrestricted)","","Public or Unrestricted",""
"Brazil","Unemployment rate","Percent","Monthly","2018-M05","12.7100678384212","Units","","","Reported official data","Overlapping Indicator","true","","","International Labor Organization (ILO)","Public (Unrestricted)","","Public or Unrestricted",""
"Brazil","Unemployment rate","Percent","Monthly","2018-M06","12.4422321497343","Units","","","Reported official data","Overlapping Indicator","true","","","International Labor Organization (ILO)","Public (Unrestricted)","","Public or Unrestricted",""
"Brazil","Unemployment rate","Percent","Monthly","2018-M07","12.3108078277811","Units","","","Reported official data","Overlapping Indicator","true","","","International Labor Organization (ILO)","Public (Unrestricted)","","Public or Unrestricted",""
"Brazil","Unemployment rate","Percent","Monthly","2018-M08","12.124954525437","Units","","","Reported official data","Overlapping Indicator","true","","","International Labor Organization (ILO)","Public (Unrestricted)","","Public or Unrestricted",""
"Brazil","Unemployment rate","Percent","Monthly","2018-M09","11.8816983671015","Units","","","Reported official data","Overlapping Indicator","true","","","International Labor Organization (ILO)","Public (Unrestricted)","","Public or Unrestricted",""
"Brazil","Unemployment rate","Percent","Monthly","2018-M10","11.730901189387","Units","","","Reported official data","Overlapping Indicator","true","","","International Labor Organization (ILO)","Public (Unrestricted)","","Public or Unrestricted",""
"Brazil","Unemployment rate","Percent","Monthly","2018-M11","11.5761624697844","Units","","","Reported official data","Overlapping Indicator","true","","","International Labor Organization (ILO)","Public (Unrestricted)","","Public or Unrestricted",""
"Brazil","Unemployment rate","Percent","Monthly","2018-M12","11.5856914041644","Units","","","Reported official data","Overlapping Indicator","true","","","International Labor Organization (ILO)","Public (Unrestricted)","","Public or Unrestricted",""
"Brazil","Unemployment rate","Percent","Monthly","2019-M01","12.0334362728278","Units","","","Reported official data","Overlapping Indicator","true","","","International Labor Organization (ILO)","Public (Unrestricted)","","Public or Unrestricted",""
"Brazil","Unemployment rate","Percent","Monthly","2019-M02","12.4393660716838","Units","","","Reported official data","Overlapping Indicator","true","","","International Labor Organization (ILO)","Public (Unrestricted)","","Public or Unrestricted",""
"Brazil","Unemployment rate","Percent","Monthly","2019-M03","12.7192399049881","Units","","","Reported official data","Overlapping Indicator","true","","","International Labor Organization (ILO)","Public (Unrestricted)","","Public or Unrestricted",""
"Brazil","Unemployment rate","Percent","Monthly","2019-M04","12.4849587371972","Units","","","Reported official data","Overlapping Indicator","true","","","International Labor Organization (ILO)","Public (Unrestricted)","","Public or Unrestricted",""
"Brazil","Unemployment rate","Percent","Monthly","2019-M05","12.2570352399203","Units","","","Reported official data","Overlapping Indicator","true","","","International Labor Organization (ILO)","Public (Unrestricted)","","Public or Unrestricted",""
"Brazil","Unemployment rate","Percent","Monthly","2019-M06","12.031138085724","Units","","","Reported official data","Overlapping Indicator","true","","","International Labor Organization (ILO)","Public (Unrestricted)","","Public or Unrestricted",""
"Brazil","Unemployment rate","Percent","Monthly","2019-M07","11.8404566992925","Units","","","Reported official data","Overlapping Indicator","true","","","International Labor Organization (ILO)","Public (Unrestricted)","","Public or Unrestricted",""
"Brazil","Unemployment rate","Percent","Monthly","2019-M08","11.8320071566458","Units","","","Reported official data","Overlapping Indicator","true","","","International Labor Organization (ILO)","Public (Unrestricted)","","Public or Unrestricted",""
"Brazil","Unemployment rate","Percent","Monthly","2019-M09","11.7716220665005","Units","","","Reported official data","Overlapping Indicator","true","","","International Labor Organization (ILO)","Public (Unrestricted)","","Public or Unrestricted",""
"Brazil","Unemployment rate","Percent","Monthly","2019-M10","11.6208267165315","Units","","","Reported official data","Overlapping Indicator","true","","","International Labor Organization (ILO)","Public (Unrestricted)","","Public or Unrestricted",""
"Brazil","Unemployment rate","Percent","Monthly","2019-M11","11.1621298657308","Units","","","Reported official data","Overlapping Indicator","true","","","International Labor Organization (ILO)","Public (Unrestricted)","","Public or Unrestricted",""
"Brazil","Unemployment rate","Percent","Monthly","2019-M12","10.9545694266556","Units","","","Reported official data","Overlapping Indicator","true","","","International Labor Organization (ILO)","Public (Unrestricted)","","Public or Unrestricted",""
"Brazil","Unemployment rate","Percent","Monthly","2020-M01","11.3543384867716","Units","","","Reported official data","Overlapping Indicator","true","","","International Labor Organization (ILO)","Public (Unrestricted)","","Public or Unrestricted",""
"Brazil","Unemployment rate","Percent","Monthly","2020-M02","11.7530270406309","Units","","","Reported official data","Overlapping Indicator","true","","","International Labor Organization (ILO)","Public (Unrestricted)","","Public or Unrestricted",""
"Brazil","Unemployment rate","Percent","Monthly","2020-M03","12.3730743532556","Units","","","Reported official data","Overlapping Indicator","true","","","International Labor Organization (ILO)","Public (Unrestricted)","","Public or Unrestricted",""
"Brazil","Unemployment rate","Percent","Monthly","2020-M04","12.7400867410161","Units","","","Reported official data","Overlapping Indicator","true","","","International Labor Organization (ILO)","Public (Unrestricted)","","Public or Unrestricted",""
"Brazil","Unemployment rate","Percent","Monthly","2020-M05","13.1132264529058","Units","","","Reported official data","Overlapping Indicator","true","","","International Labor Organization (ILO)","Public (Unrestricted)","","Public or Unrestricted",""
"Brazil","Unemployment rate","Percent","Monthly","2020-M06","13.5980016241943","Units","","","Reported official data","Overlapping Indicator","true","","","International Labor Organization (ILO)","Public (Unrestricted)","","Public or Unrestricted",""
"Brazil","Unemployment rate","Percent","Monthly","2020-M07","14.1080216790913","Units","","","Reported official data","Overlapping Indicator","true","","","International Labor Organization (ILO)","Public (Unrestricted)","","Public or Unrestricted",""
"Brazil","Unemployment rate","Percent","Monthly","2020-M08","14.7758698972221","Units","","","Reported official data","Overlapping Indicator","true","","","International Labor Organization (ILO)","Public (Unrestricted)","","Public or Unrestricted",""
"Brazil","Unemployment rate","Percent","Monthly","2020-M09","14.8902965207014","Units","","","Reported official data","Overlapping Indicator","true","","","International Labor Organization (ILO)","Public (Unrestricted)","","Public or Unrestricted",""
"Brazil","Unemployment rate","Percent","Monthly","2020-M10","14.5810380401034","Units","","","Reported official data","Overlapping Indicator","true","","","International Labor Organization (ILO)","Public (Unrestricted)","","Public or Unrestricted",""
"Brazil","Unemployment rate","Percent","Monthly","2020-M11","14.3579293084175","Units","","","Reported official data","Overlapping Indicator","true","","","International Labor Organization (ILO)","Public (Unrestricted)","","Public or Unrestricted",""
"Brazil","Unemployment rate","Percent","Monthly","2020-M12","14.1798754390625","Units","","","Reported official data","Overlapping Indicator","true","","","International Labor Organization (ILO)","Public (Unrestricted)","","Public or Unrestricted",""
"Brazil","Unemployment rate","Percent","Monthly","2021-M01","14.4608564310795","Units","","","Reported official data","Overlapping Indicator","true","","","International Labor Organization (ILO)","Public (Unrestricted)","","Public or Unrestricted",""
"Brazil","Unemployment rate","Percent","Monthly","2021-M02","14.6081375896377","Units","","","Reported official data","Overlapping Indicator","true","","","International Labor Organization (ILO)","Public (Unrestricted)","","Public or Unrestricted",""
"Brazil","Unemployment rate","Percent","Monthly","2021-M03","14.9082949804083","Units","","","Reported official data","Overlapping Indicator","true","","","International Labor Organization (ILO)","Public (Unrestricted)","","Public or Unrestricted",""
"Brazil","Unemployment rate","Percent","Monthly","2021-M04","14.7947206935178","Units","","","Reported official data","Overlapping Indicator","true","","","International Labor Organization (ILO)","Public (Unrestricted)","","Public or Unrestricted",""
"Brazil","Unemployment rate","Percent","Monthly","2021-M05","14.727789815818","Units","","","Reported official data","Overlapping Indicator","true","","","International Labor Organization (ILO)","Public (Unrestricted)","","Public or Unrestricted",""
"Brazil","Unemployment rate","Percent","Monthly","2021-M06","14.2319797343978","Units","","","Reported official data","Overlapping Indicator","true","","","International Labor Organization (ILO)","Public (Unrestricted)","","Public or Unrestricted",""
"Brazil","Unemployment rate","Percent","Monthly","2021-M07","13.7114196796513","Units","","","Reported official data","Overlapping Indicator","true","","","International Labor Organization (ILO)","Public (Unrestricted)","","Public or Unrestricted",""
"Brazil","Unemployment rate","Percent","Monthly","2021-M08","13.1383819922537","Units","","","Reported official data","Overlapping Indicator","true","","","International Labor Organization (ILO)","Public (Unrestricted)","","Public or Unrestricted",""
"Brazil","Unemployment rate","Percent","Monthly","2021-M09","12.6402330170065","Units","","","Reported official data","Overlapping Indicator","true","","","International Labor Organization (ILO)","Public (Unrestricted)","","Public or Unrestricted",""
"Brazil","Unemployment rate","Percent","Monthly","2021-M10","12.0770324898937","Units","","","Reported official data","Overlapping Indicator","true","","","International Labor Organization (ILO)","Public (Unrestricted)","","Public or Unrestricted",""
"Brazil","Unemployment rate","Percent","Monthly","2021-M11","11.55738163117","Units","","","Reported official data","Overlapping Indicator","true","","","International Labor Organization (ILO)","Public (Unrestricted)","","Public or Unrestricted",""
"Brazil","Unemployment rate","Percent","Monthly","2021-M12","11.1462722025279","Units","","","Reported official data","Overlapping Indicator","true","","","International Labor Organization (ILO)","Public (Unrestricted)","","Public or Unrestricted",""
"Brazil","Unemployment rate","Percent","Monthly","2022-M01","11.2099445457591","Units","","","Reported official data","Overlapping Indicator","true","","","International Labor Organization (ILO)","Public (Unrestricted)","","Public or Unrestricted",""
"Brazil","Unemployment rate","Percent","Monthly","2022-M02","11.2038340683829","Units","","","Reported official data","Overlapping Indicator","true","","","International Labor Organization (ILO)","Public (Unrestricted)","","Public or Unrestricted",""
"Brazil","Unemployment rate","Percent","Monthly","2022-M03","11.1439603073939","Units","","","Reported official data","Overlapping Indicator","true","","","International Labor Organization (ILO)","Public (Unrestricted)","","Public or Unrestricted",""
"Brazil","Unemployment rate","Percent","Monthly","2022-M04","10.5218753766422","Units","","","Reported official data","Overlapping Indicator","true","","","International Labor Organization (ILO)","Public (Unrestricted)","","Public or Unrestricted",""
"Brazil","Unemployment rate","Percent","Monthly","2022-M05","9.8301386076359","Units","","","Reported official data","Overlapping Indicator","true","","","International Labor Organization (ILO)","Public (Unrestricted)","","Public or Unrestricted",""
"Brazil","Unemployment rate","Percent","Monthly","2022-M06","9.30326998864779","Units","","","Reported official data","Overlapping Indicator","true","","","International Labor Organization (ILO)","Public (Unrestricted)","","Public or Unrestricted",""
"Brazil","Unemployment rate","Percent","Monthly","2022-M07","9.10380661090025","Units","","","Reported official data","Overlapping Indicator","true","","","International Labor Organization (ILO)","Public (Unrestricted)","","Public or Unrestricted",""
"Brazil","Unemployment rate","Percent","Monthly","2022-M08","8.91763104152485","Units","","","Reported official data","Overlapping Indicator","true","","","International Labor Organization (ILO)","Public (Unrestricted)","","Public or Unrestricted",""
"Brazil","Unemployment rate","Percent","Monthly","2022-M09","8.70053067718824","Units","","","Reported official data","Overlapping Indicator","true","","","International Labor Organization (ILO)","Public (Unrestricted)","","Public or Unrestricted",""
"Brazil","Unemployment rate","Percent","Monthly","2022-M10","8.30112988112326","Units","","","Reported official data","Overlapping Indicator","true","","","International Labor Organization (ILO)","Public (Unrestricted)","","Public or Unrestricted",""
"Brazil","Unemployment rate","Percent","Monthly","2022-M11","8.06112473947286","Units","","","Reported official data","Overlapping Indicator","true","","","International Labor Organization (ILO)","Public (Unrestricted)","","Public or Unrestricted",""
"Brazil","Unemployment rate","Percent","Monthly","2022-M12","7.94130181023142","Units","","","Reported official data","Overlapping Indicator","true","","","International Labor Organization (ILO)","Public (Unrestricted)","","Public or Unrestricted",""
"Brazil","Unemployment rate","Percent","Monthly","2023-M01","8.35725766740066","Units","","","Reported official data","Overlapping Indicator","true","","","International Labor Organization (ILO)","Public (Unrestricted)","","Public or Unrestricted",""
"Brazil","Unemployment rate","Percent","Monthly","2023-M02","8.59277476571088","Units","","","Reported official data","Overlapping Indicator","true","","","International Labor Organization (ILO)","Public (Unrestricted)","","Public or Unrestricted",""
"Brazil","Unemployment rate","Percent","Monthly","2023-M03","8.79383163802829","Units","","","Reported official data","Overlapping Indicator","true","","","International Labor Organization (ILO)","Public (Unrestricted)","","Public or Unrestricted",""
"Brazil","Unemployment rate","Percent","Monthly","2023-M04","8.48992317529661","Units","","","Reported official data","Overlapping Indicator","true","","","International Labor Organization (ILO)","Public (Unrestricted)","","Public or Unrestricted",""
"Brazil","Unemployment rate","Percent","Monthly","2023-M05","8.3329451767665","Units","","","Reported official data","Overlapping Indicator","true","","","International Labor Organization (ILO)","Public (Unrestricted)","","Public or Unrestricted",""
"Brazil","Unemployment rate","Percent","Monthly","2023-M06","8.03945814777281","Units","","","Reported official data","Overlapping Indicator","true","","","International Labor Organization (ILO)","Public (Unrestricted)","","Public or Unrestricted",""
"Brazil","Unemployment rate","Percent","Monthly","2023-M07","7.89876234181616","Units","","","Reported official data","Overlapping Indicator","true","","","International Labor Organization (ILO)","Public (Unrestricted)","","Public or Unrestricted",""
"Brazil","Unemployment rate","Percent","Monthly","2023-M08","7.78327858233471","Units","","","Reported official data","Overlapping Indicator","true","","","International Labor Organization (ILO)","Public (Unrestricted)","","Public or Unrestricted",""
"Brazil","Unemployment rate","Percent","Monthly","2023-M09","7.68903600421621","Units","","","Reported official data","Overlapping Indicator","true","","","International Labor Organization (ILO)","Public (Unrestricted)","","Public or Unrestricted",""
"Brazil","Unemployment rate","Percent","Monthly","2023-M10","7.61443783709031","Units","","","Reported official data","Overlapping Indicator","true","","","International Labor Organization (ILO)","Public (Unrestricted)","","Public or Unrestricted",""
"Brazil","Unemployment rate","Percent","Monthly","2023-M11","7.54484408058136","Units","","","Reported official data","Overlapping Indicator","true","","","International Labor Organization (ILO)","Public (Unrestricted)","","Public or Unrestricted",""
"Brazil","Unemployment rate","Percent","Monthly","2023-M12","7.41019199383859","Units","","","Reported official data","Overlapping Indicator","true","","","International Labor Organization (ILO)","Public (Unrestricted)","","Public or Unrestricted",""
"Brazil","Unemployment rate","Percent","Quarterly","1992-Q1","5.833333333333333","Units","","","Reported official data","Overlapping Indicator","true","","","International Labor Organization (ILO)","Public (Unrestricted)","","Public or Unrestricted",""
"Brazil","Unemployment rate","Percent","Quarterly","1992-Q4","5.366666666666667","Units","","","Reported official data","Overlapping Indicator","true","","","International Labor Organization (ILO)","Public (Unrestricted)","","Public or Unrestricted",""
"Brazil","Unemployment rate","Percent","Quarterly","1993-Q1","5.9","Units","","","Reported official data","Overlapping Indicator","true","","","International Labor Organization (ILO)","Public (Unrestricted)","","Public or Unrestricted",""
"Brazil","Unemployment rate","Percent","Quarterly","1993-Q2","5.5","Units","","","Reported official data","Overlapping Indicator","true","","","International Labor Organization (ILO)","Public (Unrestricted)","","Public or Unrestricted",""
"Brazil","Unemployment rate","Percent","Quarterly","1993-Q3","5.2","Units","","","Reported official data","Overlapping Indicator","true","","","International Labor Organization (ILO)","Public (Unrestricted)","","Public or Unrestricted",""
"Brazil","Unemployment rate","Percent","Quarterly","1993-Q4","4.666666666666667","Units","","","Reported official data","Overlapping Indicator","true","","","International Labor Organization (ILO)","Public (Unrestricted)","","Public or Unrestricted",""
"Brazil","Unemployment rate","Percent","Quarterly","1994-Q1","5.6","Units","","","Reported official data","Overlapping Indicator","true","","","International Labor Organization (ILO)","Public (Unrestricted)","","Public or Unrestricted",""
"Brazil","Unemployment rate","Percent","Quarterly","1994-Q2","5.33333333333333","Units","","","Reported official data","Overlapping Indicator","true","","","International Labor Organization (ILO)","Public (Unrestricted)","","Public or Unrestricted",""
"Brazil","Unemployment rate","Percent","Quarterly","1994-Q3","5.36666666666667","Units","","","Reported official data","Overlapping Indicator","true","","","International Labor Organization (ILO)","Public (Unrestricted)","","Public or Unrestricted",""
"Brazil","Unemployment rate","Percent","Quarterly","1994-Q4","3.96666666666667","Units","","","Reported official data","Overlapping Indicator","true","","","International Labor Organization (ILO)","Public (Unrestricted)","","Public or Unrestricted",""
"Brazil","Unemployment rate","Percent","Quarterly","1995-Q1","4.36666666666667","Units","","","Reported official data","Overlapping Indicator","true","","","International Labor Organization (ILO)","Public (Unrestricted)","","Public or Unrestricted",""
"Brazil","Unemployment rate","Percent","Quarterly","1995-Q2","4.5","Units","","","Reported official data","Overlapping Indicator","true","","","International Labor Organization (ILO)","Public (Unrestricted)","","Public or Unrestricted",""
"Brazil","Unemployment rate","Percent","Quarterly","1995-Q3","4.96666666666667","Units","","","Reported official data","Overlapping Indicator","true","","","International Labor Organization (ILO)","Public (Unrestricted)","","Public or Unrestricted",""
"Brazil","Unemployment rate","Percent","Quarterly","1995-Q4","4.73333333333333","Units","","","Reported official data","Overlapping Indicator","true","","","International Labor Organization (ILO)","Public (Unrestricted)","","Public or Unrestricted",""
"Brazil","Unemployment rate","Percent","Quarterly","1996-Q1","5.8","Units","","","Reported official data","Overlapping Indicator","true","","","International Labor Organization (ILO)","Public (Unrestricted)","","Public or Unrestricted",""
"Brazil","Unemployment rate","Percent","Quarterly","2012-Q2","7.631824133796883","Units","","","Reported official data","Overlapping Indicator","true","","","International Labor Organization (ILO)","Public (Unrestricted)","","Public or Unrestricted",""
"Brazil","Unemployment rate","Percent","Quarterly","2012-Q3","7.269353715708103","Units","","","Reported official data","Overlapping Indicator","true","","","International Labor Organization (ILO)","Public (Unrestricted)","","Public or Unrestricted",""
"Brazil","Unemployment rate","Percent","Quarterly","2012-Q4","6.842919540304767","Units","","","Reported official data","Overlapping Indicator","true","","","International Labor Organization (ILO)","Public (Unrestricted)","","Public or Unrestricted",""
"Brazil","Unemployment rate","Percent","Quarterly","2013-Q1","7.638230360977893","Units","","","Reported official data","Overlapping Indicator","true","","","International Labor Organization (ILO)","Public (Unrestricted)","","Public or Unrestricted",""
"Brazil","Unemployment rate","Percent","Quarterly","2013-Q2","7.616500350066327","Units","","","Reported official data","Overlapping Indicator","true","","","International Labor Organization (ILO)","Public (Unrestricted)","","Public or Unrestricted",""
"Brazil","Unemployment rate","Percent","Quarterly","2013-Q3","7.109767862582567","Units","","","Reported official data","Overlapping Indicator","true","","","International Labor Organization (ILO)","Public (Unrestricted)","","Public or Unrestricted",""
"Brazil","Unemployment rate","Percent","Quarterly","2013-Q4","6.456326883975757","Units","","","Reported official data","Overlapping Indicator","true","","","International Labor Organization (ILO)","Public (Unrestricted)","","Public or Unrestricted",""
"Brazil","Unemployment rate","Percent","Quarterly","2014-Q1","6.772418747241917","Units","","","Reported official data","Overlapping Indicator","true","","","International Labor Organization (ILO)","Public (Unrestricted)","","Public or Unrestricted",""
"Brazil","Unemployment rate","Percent","Quarterly","2014-Q2","6.9904912612651","Units","","","Reported official data","Overlapping Indicator","true","","","International Labor Organization (ILO)","Public (Unrestricted)","","Public or Unrestricted",""
"Brazil","Unemployment rate","Percent","Quarterly","2014-Q3","6.85180697011315","Units","","","Reported official data","Overlapping Indicator","true","","","International Labor Organization (ILO)","Public (Unrestricted)","","Public or Unrestricted",""
"Brazil","Unemployment rate","Percent","Quarterly","2014-Q4","6.54052105481423","Units","","","Reported official data","Overlapping Indicator","true","","","International Labor Organization (ILO)","Public (Unrestricted)","","Public or Unrestricted",""
"Brazil","Unemployment rate","Percent","Quarterly","2015-Q1","7.386811088519393","Units","","","Reported official data","Overlapping Indicator","true","","","International Labor Organization (ILO)","Public (Unrestricted)","","Public or Unrestricted",""
"Brazil","Unemployment rate","Percent","Quarterly","2015-Q2","8.151720811070383","Units","","","Reported official data","Overlapping Indicator","true","","","International Labor Organization (ILO)","Public (Unrestricted)","","Public or Unrestricted",""
"Brazil","Unemployment rate","Percent","Quarterly","2015-Q3","8.719932670520227","Units","","","Reported official data","Overlapping Indicator","true","","","International Labor Organization (ILO)","Public (Unrestricted)","","Public or Unrestricted",""
"Brazil","Unemployment rate","Percent","Quarterly","2015-Q4","8.968254806393903","Units","","","Reported official data","Overlapping Indicator","true","","","International Labor Organization (ILO)","Public (Unrestricted)","","Public or Unrestricted",""
"Brazil","Unemployment rate","Percent","Quarterly","2016-Q1","10.20697676896647","Units","","","Reported official data","Overlapping Indicator","true","","","International Labor Organization (ILO)","Public (Unrestricted)","","Public or Unrestricted",""
"Brazil","Unemployment rate","Percent","Quarterly","2016-Q2","11.22755022403667","Units","","","Reported official data","Overlapping Indicator","true","","","International Labor Organization (ILO)","Public (Unrestricted)","","Public or Unrestricted",""
"Brazil","Unemployment rate","Percent","Quarterly","2016-Q3","11.7164256150975","Units","","","Reported official data","Overlapping Indicator","true","","","International Labor Organization (ILO)","Public (Unrestricted)","","Public or Unrestricted",""
"Brazil","Unemployment rate","Percent","Quarterly","2016-Q4","11.89923699473317","Units","","","Reported official data","Overlapping Indicator","true","","","International Labor Organization (ILO)","Public (Unrestricted)","","Public or Unrestricted",""
"Brazil","Unemployment rate","Percent","Quarterly","2017-Q1","13.1617230994016","Units","","","Reported official data","Overlapping Indicator","true","","","International Labor Organization (ILO)","Public (Unrestricted)","","Public or Unrestricted",""
"Brazil","Unemployment rate","Percent","Quarterly","2017-Q2","13.30457296221087","Units","","","Reported official data","Overlapping Indicator","true","","","International Labor Organization (ILO)","Public (Unrestricted)","","Public or Unrestricted",""
"Brazil","Unemployment rate","Percent","Quarterly","2017-Q3","12.61070055157107","Units","","","Reported official data","Overlapping Indicator","true","","","International Labor Organization (ILO)","Public (Unrestricted)","","Public or Unrestricted",""
"Brazil","Unemployment rate","Percent","Quarterly","2017-Q4","12.01133339758217","Units","","","Reported official data","Overlapping Indicator","true","","","International Labor Organization (ILO)","Public (Unrestricted)","","Public or Unrestricted",""
"Brazil","Unemployment rate","Percent","Quarterly","2018-Q1","12.6205981764307","Units","","","Reported official data","Overlapping Indicator","true","","","International Labor Organization (ILO)","Public (Unrestricted)","","Public or Unrestricted",""
"Brazil","Unemployment rate","Percent","Quarterly","2018-Q2","12.6751363836293","Units","","","Reported official data","Overlapping Indicator","true","","","International Labor Organization (ILO)","Public (Unrestricted)","","Public or Unrestricted",""
"Brazil","Unemployment rate","Percent","Quarterly","2018-Q3","12.10582024010653","Units","","","Reported official data","Overlapping Indicator","true","","","International Labor Organization (ILO)","Public (Unrestricted)","","Public or Unrestricted",""
"Brazil","Unemployment rate","Percent","Quarterly","2018-Q4","11.63091835444527","Units","","","Reported official data","Overlapping Indicator","true","","","International Labor Organization (ILO)","Public (Unrestricted)","","Public or Unrestricted",""
"Brazil","Unemployment rate","Percent","Quarterly","2019-Q1","12.3973474164999","Units","","","Reported official data","Overlapping Indicator","true","","","International Labor Organization (ILO)","Public (Unrestricted)","","Public or Unrestricted",""
"Brazil","Unemployment rate","Percent","Quarterly","2019-Q2","12.25771068761383","Units","","","Reported official data","Overlapping Indicator","true","","","International Labor Organization (ILO)","Public (Unrestricted)","","Public or Unrestricted",""
"Brazil","Unemployment rate","Percent","Quarterly","2019-Q3","11.8146953074796","Units","","","Reported official data","Overlapping Indicator","true","","","International Labor Organization (ILO)","Public (Unrestricted)","","Public or Unrestricted",""
"Brazil","Unemployment rate","Percent","Quarterly","2019-Q4","11.24584200297263","Units","","","Reported official data","Overlapping Indicator","true","","","International Labor Organization (ILO)","Public (Unrestricted)","","Public or Unrestricted",""
"Brazil","Unemployment rate","Percent","Quarterly","2020-Q1","11.8268132935527","Units","","","Reported official data","Overlapping Indicator","true","","","International Labor Organization (ILO)","Public (Unrestricted)","","Public or Unrestricted",""
"Brazil","Unemployment rate","Percent","Quarterly","2020-Q2","13.1504382727054","Units","","","Reported official data","Overlapping Indicator","true","","","International Labor Organization (ILO)","Public (Unrestricted)","","Public or Unrestricted",""
"Brazil","Unemployment rate","Percent","Quarterly","2020-Q3","14.59139603233827","Units","","","Reported official data","Overlapping Indicator","true","","","International Labor Organization (ILO)","Public (Unrestricted)","","Public or Unrestricted",""
"Brazil","Unemployment rate","Percent","Quarterly","2020-Q4","14.37294759586113","Units","","","Reported official data","Overlapping Indicator","true","","","International Labor Organization (ILO)","Public (Unrestricted)","","Public or Unrestricted",""
"Brazil","Unemployment rate","Percent","Quarterly","2021-Q1","14.6590963337085","Units","","","Reported official data","Overlapping Indicator","true","","","International Labor Organization (ILO)","Public (Unrestricted)","","Public or Unrestricted",""
"Brazil","Unemployment rate","Percent","Quarterly","2021-Q2","14.58483008124453","Units","","","Reported official data","Overlapping Indicator","true","","","International Labor Organization (ILO)","Public (Unrestricted)","","Public or Unrestricted",""
"Brazil","Unemployment rate","Percent","Quarterly","2021-Q3","13.16334489630383","Units","","","Reported official data","Overlapping Indicator","true","","","International Labor Organization (ILO)","Public (Unrestricted)","","Public or Unrestricted",""
"Brazil","Unemployment rate","Percent","Quarterly","2021-Q4","11.59356210786387","Units","","","Reported official data","Overlapping Indicator","true","","","International Labor Organization (ILO)","Public (Unrestricted)","","Public or Unrestricted",""
"Brazil","Unemployment rate","Percent","Quarterly","2022-Q1","11.1859129738453","Units","","","Reported official data","Overlapping Indicator","true","","","International Labor Organization (ILO)","Public (Unrestricted)","","Public or Unrestricted",""
"Brazil","Unemployment rate","Percent","Quarterly","2022-Q2","9.885094657641963","Units","","","Reported official data","Overlapping Indicator","true","","","International Labor Organization (ILO)","Public (Unrestricted)","","Public or Unrestricted",""
"Brazil","Unemployment rate","Percent","Quarterly","2022-Q3","8.90732277653778","Units","","","Reported official data","Overlapping Indicator","true","","","International Labor Organization (ILO)","Public (Unrestricted)","","Public or Unrestricted",""
"Brazil","Unemployment rate","Percent","Quarterly","2022-Q4","8.101185476942513","Units","","","Reported official data","Overlapping Indicator","true","","","International Labor Organization (ILO)","Public (Unrestricted)","","Public or Unrestricted",""
"Brazil","Unemployment rate","Percent","Quarterly","2023-Q1","8.581288023713277","Units","","","Reported official data","Overlapping Indicator","true","","","International Labor Organization (ILO)","Public (Unrestricted)","","Public or Unrestricted",""
"Brazil","Unemployment rate","Percent","Quarterly","2023-Q2","8.287442166611973","Units","","","Reported official data","Overlapping Indicator","true","","","International Labor Organization (ILO)","Public (Unrestricted)","","Public or Unrestricted",""
"Brazil","Unemployment rate","Percent","Quarterly","2023-Q3","7.79035897612236","Units","","","Reported official data","Overlapping Indicator","true","","","International Labor Organization (ILO)","Public (Unrestricted)","","Public or Unrestricted",""
"Brazil","Unemployment rate","Percent","Quarterly","2023-Q4","7.52315797050342","Units","","","Reported official data","Overlapping Indicator","true","","","International Labor Organization (ILO)","Public (Unrestricted)","","Public or Unrestricted",""
