﻿"COUNTRY","BOP_ACCOUNTING_ENTRY","INDICATOR","UNIT","FREQUENCY","TIME_PERIOD","OBS_VALUE","SCALE","PRECISION","DECIMALS_DISPLAYED","DERIVATION_TYPE","OVERLAP","IFS_FLAG","STATUS","METHODOLOGY","ACCESS_SHARING_LEVEL","ACCESS_SHARING_NOTES","SECURITY_CLASSIFICATION","SOURCE"
"Korea, Republic of","Net (credits less debits)","Current account balance (credit less debit)","US dollar","Quarterly","1976-Q1","-371000000","Millions","Millions","","Reported official data","Overlapping Indicator","","","Balance of Payments and International Investment Position Manual, Sixth Edition (BPM6)","Public (Unrestricted)","","Public or Unrestricted",""
"Korea, Republic of","Net (credits less debits)","Current account balance (credit less debit)","US dollar","Quarterly","1976-Q2","-134000000","Millions","Millions","","Reported official data","Overlapping Indicator","","","Balance of Payments and International Investment Position Manual, Sixth Edition (BPM6)","Public (Unrestricted)","","Public or Unrestricted",""
"Korea, Republic of","Net (credits less debits)","Current account balance (credit less debit)","US dollar","Quarterly","1976-Q3","-13000000","Millions","Millions","","Reported official data","Overlapping Indicator","","","Balance of Payments and International Investment Position Manual, Sixth Edition (BPM6)","Public (Unrestricted)","","Public or Unrestricted",""
"Korea, Republic of","Net (credits less debits)","Current account balance (credit less debit)","US dollar","Quarterly","1976-Q4","208000000","Millions","Millions","","Reported official data","Overlapping Indicator","","","Balance of Payments and International Investment Position Manual, Sixth Edition (BPM6)","Public (Unrestricted)","","Public or Unrestricted",""
"Korea, Republic of","Net (credits less debits)","Current account balance (credit less debit)","US dollar","Quarterly","1977-Q1","4000000","Millions","Millions","","Reported official data","Overlapping Indicator","","","Balance of Payments and International Investment Position Manual, Sixth Edition (BPM6)","Public (Unrestricted)","","Public or Unrestricted",""
"Korea, Republic of","Net (credits less debits)","Current account balance (credit less debit)","US dollar","Quarterly","1977-Q2","-257000000","Millions","Millions","","Reported official data","Overlapping Indicator","","","Balance of Payments and International Investment Position Manual, Sixth Edition (BPM6)","Public (Unrestricted)","","Public or Unrestricted",""
"Korea, Republic of","Net (credits less debits)","Current account balance (credit less debit)","US dollar","Quarterly","1977-Q3","174000000","Millions","Millions","","Reported official data","Overlapping Indicator","","","Balance of Payments and International Investment Position Manual, Sixth Edition (BPM6)","Public (Unrestricted)","","Public or Unrestricted",""
"Korea, Republic of","Net (credits less debits)","Current account balance (credit less debit)","US dollar","Quarterly","1977-Q4","91000000","Millions","Millions","","Reported official data","Overlapping Indicator","","","Balance of Payments and International Investment Position Manual, Sixth Edition (BPM6)","Public (Unrestricted)","","Public or Unrestricted",""
"Korea, Republic of","Net (credits less debits)","Current account balance (credit less debit)","US dollar","Quarterly","1978-Q1","-32000000","Millions","Millions","","Reported official data","Overlapping Indicator","","","Balance of Payments and International Investment Position Manual, Sixth Edition (BPM6)","Public (Unrestricted)","","Public or Unrestricted",""
"Korea, Republic of","Net (credits less debits)","Current account balance (credit less debit)","US dollar","Quarterly","1978-Q2","-162000000","Millions","Millions","","Reported official data","Overlapping Indicator","","","Balance of Payments and International Investment Position Manual, Sixth Edition (BPM6)","Public (Unrestricted)","","Public or Unrestricted",""
"Korea, Republic of","Net (credits less debits)","Current account balance (credit less debit)","US dollar","Quarterly","1978-Q3","-182000000","Millions","Millions","","Reported official data","Overlapping Indicator","","","Balance of Payments and International Investment Position Manual, Sixth Edition (BPM6)","Public (Unrestricted)","","Public or Unrestricted",""
"Korea, Republic of","Net (credits less debits)","Current account balance (credit less debit)","US dollar","Quarterly","1978-Q4","-709000000","Millions","Millions","","Reported official data","Overlapping Indicator","","","Balance of Payments and International Investment Position Manual, Sixth Edition (BPM6)","Public (Unrestricted)","","Public or Unrestricted",""
"Korea, Republic of","Net (credits less debits)","Current account balance (credit less debit)","US dollar","Quarterly","1979-Q1","-953000000","Millions","Millions","","Reported official data","Overlapping Indicator","","","Balance of Payments and International Investment Position Manual, Sixth Edition (BPM6)","Public (Unrestricted)","","Public or Unrestricted",""
"Korea, Republic of","Net (credits less debits)","Current account balance (credit less debit)","US dollar","Quarterly","1979-Q2","-1326000000","Millions","Millions","","Reported official data","Overlapping Indicator","","","Balance of Payments and International Investment Position Manual, Sixth Edition (BPM6)","Public (Unrestricted)","","Public or Unrestricted",""
"Korea, Republic of","Net (credits less debits)","Current account balance (credit less debit)","US dollar","Quarterly","1979-Q3","-813000000","Millions","Millions","","Reported official data","Overlapping Indicator","","","Balance of Payments and International Investment Position Manual, Sixth Edition (BPM6)","Public (Unrestricted)","","Public or Unrestricted",""
"Korea, Republic of","Net (credits less debits)","Current account balance (credit less debit)","US dollar","Quarterly","1979-Q4","-1059000000","Millions","Millions","","Reported official data","Overlapping Indicator","","","Balance of Payments and International Investment Position Manual, Sixth Edition (BPM6)","Public (Unrestricted)","","Public or Unrestricted",""
"Korea, Republic of","Net (credits less debits)","Current account balance (credit less debit)","US dollar","Quarterly","1980-Q1","-1826100000","Millions","Millions","","Reported official data","Overlapping Indicator","","","Balance of Payments and International Investment Position Manual, Sixth Edition (BPM6)","Public (Unrestricted)","","Public or Unrestricted",""
"Korea, Republic of","Net (credits less debits)","Current account balance (credit less debit)","US dollar","Quarterly","1980-Q2","-1633800000","Millions","Millions","","Reported official data","Overlapping Indicator","","","Balance of Payments and International Investment Position Manual, Sixth Edition (BPM6)","Public (Unrestricted)","","Public or Unrestricted",""
"Korea, Republic of","Net (credits less debits)","Current account balance (credit less debit)","US dollar","Quarterly","1980-Q3","-1561900000","Millions","Millions","","Reported official data","Overlapping Indicator","","","Balance of Payments and International Investment Position Manual, Sixth Edition (BPM6)","Public (Unrestricted)","","Public or Unrestricted",""
"Korea, Republic of","Net (credits less debits)","Current account balance (credit less debit)","US dollar","Quarterly","1980-Q4","-1823200000","Millions","Millions","","Reported official data","Overlapping Indicator","","","Balance of Payments and International Investment Position Manual, Sixth Edition (BPM6)","Public (Unrestricted)","","Public or Unrestricted",""
"Korea, Republic of","Net (credits less debits)","Current account balance (credit less debit)","US dollar","Quarterly","1981-Q1","-1310000000","Millions","Millions","","Reported official data","Overlapping Indicator","","","Balance of Payments and International Investment Position Manual, Sixth Edition (BPM6)","Public (Unrestricted)","","Public or Unrestricted",""
"Korea, Republic of","Net (credits less debits)","Current account balance (credit less debit)","US dollar","Quarterly","1981-Q2","-1697200000","Millions","Millions","","Reported official data","Overlapping Indicator","","","Balance of Payments and International Investment Position Manual, Sixth Edition (BPM6)","Public (Unrestricted)","","Public or Unrestricted",""
"Korea, Republic of","Net (credits less debits)","Current account balance (credit less debit)","US dollar","Quarterly","1981-Q3","-1533000000","Millions","Millions","","Reported official data","Overlapping Indicator","","","Balance of Payments and International Investment Position Manual, Sixth Edition (BPM6)","Public (Unrestricted)","","Public or Unrestricted",""
"Korea, Republic of","Net (credits less debits)","Current account balance (credit less debit)","US dollar","Quarterly","1981-Q4","-1881700000","Millions","Millions","","Reported official data","Overlapping Indicator","","","Balance of Payments and International Investment Position Manual, Sixth Edition (BPM6)","Public (Unrestricted)","","Public or Unrestricted",""
"Korea, Republic of","Net (credits less debits)","Current account balance (credit less debit)","US dollar","Quarterly","1982-Q1","-711900000","Millions","Millions","","Reported official data","Overlapping Indicator","","","Balance of Payments and International Investment Position Manual, Sixth Edition (BPM6)","Public (Unrestricted)","","Public or Unrestricted",""
"Korea, Republic of","Net (credits less debits)","Current account balance (credit less debit)","US dollar","Quarterly","1982-Q2","-1213600000","Millions","Millions","","Reported official data","Overlapping Indicator","","","Balance of Payments and International Investment Position Manual, Sixth Edition (BPM6)","Public (Unrestricted)","","Public or Unrestricted",""
"Korea, Republic of","Net (credits less debits)","Current account balance (credit less debit)","US dollar","Quarterly","1982-Q3","-1358400000","Millions","Millions","","Reported official data","Overlapping Indicator","","","Balance of Payments and International Investment Position Manual, Sixth Edition (BPM6)","Public (Unrestricted)","","Public or Unrestricted",""
"Korea, Republic of","Net (credits less debits)","Current account balance (credit less debit)","US dollar","Quarterly","1982-Q4","-2258200000","Millions","Millions","","Reported official data","Overlapping Indicator","","","Balance of Payments and International Investment Position Manual, Sixth Edition (BPM6)","Public (Unrestricted)","","Public or Unrestricted",""
"Korea, Republic of","Net (credits less debits)","Current account balance (credit less debit)","US dollar","Quarterly","1983-Q1","-1426700000","Millions","Millions","","Reported official data","Overlapping Indicator","","","Balance of Payments and International Investment Position Manual, Sixth Edition (BPM6)","Public (Unrestricted)","","Public or Unrestricted",""
"Korea, Republic of","Net (credits less debits)","Current account balance (credit less debit)","US dollar","Quarterly","1983-Q2","-975900000","Millions","Millions","","Reported official data","Overlapping Indicator","","","Balance of Payments and International Investment Position Manual, Sixth Edition (BPM6)","Public (Unrestricted)","","Public or Unrestricted",""
"Korea, Republic of","Net (credits less debits)","Current account balance (credit less debit)","US dollar","Quarterly","1983-Q3","-153500000","Millions","Millions","","Reported official data","Overlapping Indicator","","","Balance of Payments and International Investment Position Manual, Sixth Edition (BPM6)","Public (Unrestricted)","","Public or Unrestricted",""
"Korea, Republic of","Net (credits less debits)","Current account balance (credit less debit)","US dollar","Quarterly","1983-Q4","-949500000","Millions","Millions","","Reported official data","Overlapping Indicator","","","Balance of Payments and International Investment Position Manual, Sixth Edition (BPM6)","Public (Unrestricted)","","Public or Unrestricted",""
"Korea, Republic of","Net (credits less debits)","Current account balance (credit less debit)","US dollar","Quarterly","1984-Q1","-475700000","Millions","Millions","","Reported official data","Overlapping Indicator","","","Balance of Payments and International Investment Position Manual, Sixth Edition (BPM6)","Public (Unrestricted)","","Public or Unrestricted",""
"Korea, Republic of","Net (credits less debits)","Current account balance (credit less debit)","US dollar","Quarterly","1984-Q2","-965100000","Millions","Millions","","Reported official data","Overlapping Indicator","","","Balance of Payments and International Investment Position Manual, Sixth Edition (BPM6)","Public (Unrestricted)","","Public or Unrestricted",""
"Korea, Republic of","Net (credits less debits)","Current account balance (credit less debit)","US dollar","Quarterly","1984-Q3","-302300000","Millions","Millions","","Reported official data","Overlapping Indicator","","","Balance of Payments and International Investment Position Manual, Sixth Edition (BPM6)","Public (Unrestricted)","","Public or Unrestricted",""
"Korea, Republic of","Net (credits less debits)","Current account balance (credit less debit)","US dollar","Quarterly","1984-Q4","-12700000","Millions","Millions","","Reported official data","Overlapping Indicator","","","Balance of Payments and International Investment Position Manual, Sixth Edition (BPM6)","Public (Unrestricted)","","Public or Unrestricted",""
"Korea, Republic of","Net (credits less debits)","Current account balance (credit less debit)","US dollar","Quarterly","1985-Q1","-749000000","Millions","Millions","","Reported official data","Overlapping Indicator","","","Balance of Payments and International Investment Position Manual, Sixth Edition (BPM6)","Public (Unrestricted)","","Public or Unrestricted",""
"Korea, Republic of","Net (credits less debits)","Current account balance (credit less debit)","US dollar","Quarterly","1985-Q2","-731600000","Millions","Millions","","Reported official data","Overlapping Indicator","","","Balance of Payments and International Investment Position Manual, Sixth Edition (BPM6)","Public (Unrestricted)","","Public or Unrestricted",""
"Korea, Republic of","Net (credits less debits)","Current account balance (credit less debit)","US dollar","Quarterly","1985-Q3","-135600000","Millions","Millions","","Reported official data","Overlapping Indicator","","","Balance of Payments and International Investment Position Manual, Sixth Edition (BPM6)","Public (Unrestricted)","","Public or Unrestricted",""
"Korea, Republic of","Net (credits less debits)","Current account balance (credit less debit)","US dollar","Quarterly","1985-Q4","-463100000","Millions","Millions","","Reported official data","Overlapping Indicator","","","Balance of Payments and International Investment Position Manual, Sixth Edition (BPM6)","Public (Unrestricted)","","Public or Unrestricted",""
"Korea, Republic of","Net (credits less debits)","Current account balance (credit less debit)","US dollar","Quarterly","1986-Q1","-698100000","Millions","Millions","","Reported official data","Overlapping Indicator","","","Balance of Payments and International Investment Position Manual, Sixth Edition (BPM6)","Public (Unrestricted)","","Public or Unrestricted",""
"Korea, Republic of","Net (credits less debits)","Current account balance (credit less debit)","US dollar","Quarterly","1986-Q2","456200000","Millions","Millions","","Reported official data","Overlapping Indicator","","","Balance of Payments and International Investment Position Manual, Sixth Edition (BPM6)","Public (Unrestricted)","","Public or Unrestricted",""
"Korea, Republic of","Net (credits less debits)","Current account balance (credit less debit)","US dollar","Quarterly","1986-Q3","1545300000","Millions","Millions","","Reported official data","Overlapping Indicator","","","Balance of Payments and International Investment Position Manual, Sixth Edition (BPM6)","Public (Unrestricted)","","Public or Unrestricted",""
"Korea, Republic of","Net (credits less debits)","Current account balance (credit less debit)","US dollar","Quarterly","1986-Q4","1458800000","Millions","Millions","","Reported official data","Overlapping Indicator","","","Balance of Payments and International Investment Position Manual, Sixth Edition (BPM6)","Public (Unrestricted)","","Public or Unrestricted",""
"Korea, Republic of","Net (credits less debits)","Current account balance (credit less debit)","US dollar","Quarterly","1987-Q1","1815000000","Millions","Millions","","Reported official data","Overlapping Indicator","","","Balance of Payments and International Investment Position Manual, Sixth Edition (BPM6)","Public (Unrestricted)","","Public or Unrestricted",""
"Korea, Republic of","Net (credits less debits)","Current account balance (credit less debit)","US dollar","Quarterly","1987-Q2","2210600000","Millions","Millions","","Reported official data","Overlapping Indicator","","","Balance of Payments and International Investment Position Manual, Sixth Edition (BPM6)","Public (Unrestricted)","","Public or Unrestricted",""
"Korea, Republic of","Net (credits less debits)","Current account balance (credit less debit)","US dollar","Quarterly","1987-Q3","2270900000","Millions","Millions","","Reported official data","Overlapping Indicator","","","Balance of Payments and International Investment Position Manual, Sixth Edition (BPM6)","Public (Unrestricted)","","Public or Unrestricted",""
"Korea, Republic of","Net (credits less debits)","Current account balance (credit less debit)","US dollar","Quarterly","1987-Q4","2531200000","Millions","Millions","","Reported official data","Overlapping Indicator","","","Balance of Payments and International Investment Position Manual, Sixth Edition (BPM6)","Public (Unrestricted)","","Public or Unrestricted",""
"Korea, Republic of","Net (credits less debits)","Current account balance (credit less debit)","US dollar","Quarterly","1988-Q1","2723100000","Millions","Millions","","Reported official data","Overlapping Indicator","","","Balance of Payments and International Investment Position Manual, Sixth Edition (BPM6)","Public (Unrestricted)","","Public or Unrestricted",""
"Korea, Republic of","Net (credits less debits)","Current account balance (credit less debit)","US dollar","Quarterly","1988-Q2","2741500000","Millions","Millions","","Reported official data","Overlapping Indicator","","","Balance of Payments and International Investment Position Manual, Sixth Edition (BPM6)","Public (Unrestricted)","","Public or Unrestricted",""
"Korea, Republic of","Net (credits less debits)","Current account balance (credit less debit)","US dollar","Quarterly","1988-Q3","3203100000","Millions","Millions","","Reported official data","Overlapping Indicator","","","Balance of Payments and International Investment Position Manual, Sixth Edition (BPM6)","Public (Unrestricted)","","Public or Unrestricted",""
"Korea, Republic of","Net (credits less debits)","Current account balance (credit less debit)","US dollar","Quarterly","1988-Q4","4090000000","Millions","Millions","","Reported official data","Overlapping Indicator","","","Balance of Payments and International Investment Position Manual, Sixth Edition (BPM6)","Public (Unrestricted)","","Public or Unrestricted",""
"Korea, Republic of","Net (credits less debits)","Current account balance (credit less debit)","US dollar","Quarterly","1989-Q1","1278200000","Millions","Millions","","Reported official data","Overlapping Indicator","","","Balance of Payments and International Investment Position Manual, Sixth Edition (BPM6)","Public (Unrestricted)","","Public or Unrestricted",""
"Korea, Republic of","Net (credits less debits)","Current account balance (credit less debit)","US dollar","Quarterly","1989-Q2","956600000","Millions","Millions","","Reported official data","Overlapping Indicator","","","Balance of Payments and International Investment Position Manual, Sixth Edition (BPM6)","Public (Unrestricted)","","Public or Unrestricted",""
"Korea, Republic of","Net (credits less debits)","Current account balance (credit less debit)","US dollar","Quarterly","1989-Q3","752700000","Millions","Millions","","Reported official data","Overlapping Indicator","","","Balance of Payments and International Investment Position Manual, Sixth Edition (BPM6)","Public (Unrestricted)","","Public or Unrestricted",""
"Korea, Republic of","Net (credits less debits)","Current account balance (credit less debit)","US dollar","Quarterly","1989-Q4","778900000","Millions","Millions","","Reported official data","Overlapping Indicator","","","Balance of Payments and International Investment Position Manual, Sixth Edition (BPM6)","Public (Unrestricted)","","Public or Unrestricted",""
"Korea, Republic of","Net (credits less debits)","Current account balance (credit less debit)","US dollar","Quarterly","1990-Q1","-989400000","Millions","Millions","","Reported official data","Overlapping Indicator","","","Balance of Payments and International Investment Position Manual, Sixth Edition (BPM6)","Public (Unrestricted)","","Public or Unrestricted",""
"Korea, Republic of","Net (credits less debits)","Current account balance (credit less debit)","US dollar","Quarterly","1990-Q2","-619400000","Millions","Millions","","Reported official data","Overlapping Indicator","","","Balance of Payments and International Investment Position Manual, Sixth Edition (BPM6)","Public (Unrestricted)","","Public or Unrestricted",""
"Korea, Republic of","Net (credits less debits)","Current account balance (credit less debit)","US dollar","Quarterly","1990-Q3","605900000","Millions","Millions","","Reported official data","Overlapping Indicator","","","Balance of Payments and International Investment Position Manual, Sixth Edition (BPM6)","Public (Unrestricted)","","Public or Unrestricted",""
"Korea, Republic of","Net (credits less debits)","Current account balance (credit less debit)","US dollar","Quarterly","1990-Q4","-1801300000","Millions","Millions","","Reported official data","Overlapping Indicator","","","Balance of Payments and International Investment Position Manual, Sixth Edition (BPM6)","Public (Unrestricted)","","Public or Unrestricted",""
"Korea, Republic of","Net (credits less debits)","Current account balance (credit less debit)","US dollar","Quarterly","1991-Q1","-3799200000","Millions","Millions","","Reported official data","Overlapping Indicator","","","Balance of Payments and International Investment Position Manual, Sixth Edition (BPM6)","Public (Unrestricted)","","Public or Unrestricted",""
"Korea, Republic of","Net (credits less debits)","Current account balance (credit less debit)","US dollar","Quarterly","1991-Q2","-1858000000","Millions","Millions","","Reported official data","Overlapping Indicator","","","Balance of Payments and International Investment Position Manual, Sixth Edition (BPM6)","Public (Unrestricted)","","Public or Unrestricted",""
"Korea, Republic of","Net (credits less debits)","Current account balance (credit less debit)","US dollar","Quarterly","1991-Q3","-2038900000","Millions","Millions","","Reported official data","Overlapping Indicator","","","Balance of Payments and International Investment Position Manual, Sixth Edition (BPM6)","Public (Unrestricted)","","Public or Unrestricted",""
"Korea, Republic of","Net (credits less debits)","Current account balance (credit less debit)","US dollar","Quarterly","1991-Q4","-337400000","Millions","Millions","","Reported official data","Overlapping Indicator","","","Balance of Payments and International Investment Position Manual, Sixth Edition (BPM6)","Public (Unrestricted)","","Public or Unrestricted",""
"Korea, Republic of","Net (credits less debits)","Current account balance (credit less debit)","US dollar","Quarterly","1992-Q1","-2445500000","Millions","Millions","","Reported official data","Overlapping Indicator","","","Balance of Payments and International Investment Position Manual, Sixth Edition (BPM6)","Public (Unrestricted)","","Public or Unrestricted",""
"Korea, Republic of","Net (credits less debits)","Current account balance (credit less debit)","US dollar","Quarterly","1992-Q2","-646500000","Millions","Millions","","Reported official data","Overlapping Indicator","","","Balance of Payments and International Investment Position Manual, Sixth Edition (BPM6)","Public (Unrestricted)","","Public or Unrestricted",""
"Korea, Republic of","Net (credits less debits)","Current account balance (credit less debit)","US dollar","Quarterly","1992-Q3","-85400000","Millions","Millions","","Reported official data","Overlapping Indicator","","","Balance of Payments and International Investment Position Manual, Sixth Edition (BPM6)","Public (Unrestricted)","","Public or Unrestricted",""
"Korea, Republic of","Net (credits less debits)","Current account balance (credit less debit)","US dollar","Quarterly","1992-Q4","276200000","Millions","Millions","","Reported official data","Overlapping Indicator","","","Balance of Payments and International Investment Position Manual, Sixth Edition (BPM6)","Public (Unrestricted)","","Public or Unrestricted",""
"Korea, Republic of","Net (credits less debits)","Current account balance (credit less debit)","US dollar","Quarterly","1993-Q1","-1325700000","Millions","Millions","","Reported official data","Overlapping Indicator","","","Balance of Payments and International Investment Position Manual, Sixth Edition (BPM6)","Public (Unrestricted)","","Public or Unrestricted",""
"Korea, Republic of","Net (credits less debits)","Current account balance (credit less debit)","US dollar","Quarterly","1993-Q2","164200000","Millions","Millions","","Reported official data","Overlapping Indicator","","","Balance of Payments and International Investment Position Manual, Sixth Edition (BPM6)","Public (Unrestricted)","","Public or Unrestricted",""
"Korea, Republic of","Net (credits less debits)","Current account balance (credit less debit)","US dollar","Quarterly","1993-Q3","932100000","Millions","Millions","","Reported official data","Overlapping Indicator","","","Balance of Payments and International Investment Position Manual, Sixth Edition (BPM6)","Public (Unrestricted)","","Public or Unrestricted",""
"Korea, Republic of","Net (credits less debits)","Current account balance (credit less debit)","US dollar","Quarterly","1993-Q4","1917500000","Millions","Millions","","Reported official data","Overlapping Indicator","","","Balance of Payments and International Investment Position Manual, Sixth Edition (BPM6)","Public (Unrestricted)","","Public or Unrestricted",""
"Korea, Republic of","Net (credits less debits)","Current account balance (credit less debit)","US dollar","Quarterly","1994-Q1","-1929100000","Millions","Millions","","Reported official data","Overlapping Indicator","","","Balance of Payments and International Investment Position Manual, Sixth Edition (BPM6)","Public (Unrestricted)","","Public or Unrestricted",""
"Korea, Republic of","Net (credits less debits)","Current account balance (credit less debit)","US dollar","Quarterly","1994-Q2","-879100000","Millions","Millions","","Reported official data","Overlapping Indicator","","","Balance of Payments and International Investment Position Manual, Sixth Edition (BPM6)","Public (Unrestricted)","","Public or Unrestricted",""
"Korea, Republic of","Net (credits less debits)","Current account balance (credit less debit)","US dollar","Quarterly","1994-Q3","-1431700000","Millions","Millions","","Reported official data","Overlapping Indicator","","","Balance of Payments and International Investment Position Manual, Sixth Edition (BPM6)","Public (Unrestricted)","","Public or Unrestricted",""
"Korea, Republic of","Net (credits less debits)","Current account balance (credit less debit)","US dollar","Quarterly","1994-Q4","-553600000","Millions","Millions","","Reported official data","Overlapping Indicator","","","Balance of Payments and International Investment Position Manual, Sixth Edition (BPM6)","Public (Unrestricted)","","Public or Unrestricted",""
"Korea, Republic of","Net (credits less debits)","Current account balance (credit less debit)","US dollar","Quarterly","1995-Q1","-4293300000","Millions","Millions","","Reported official data","Overlapping Indicator","","","Balance of Payments and International Investment Position Manual, Sixth Edition (BPM6)","Public (Unrestricted)","","Public or Unrestricted",""
"Korea, Republic of","Net (credits less debits)","Current account balance (credit less debit)","US dollar","Quarterly","1995-Q2","-2677000000","Millions","Millions","","Reported official data","Overlapping Indicator","","","Balance of Payments and International Investment Position Manual, Sixth Edition (BPM6)","Public (Unrestricted)","","Public or Unrestricted",""
"Korea, Republic of","Net (credits less debits)","Current account balance (credit less debit)","US dollar","Quarterly","1995-Q3","-2824400000","Millions","Millions","","Reported official data","Overlapping Indicator","","","Balance of Payments and International Investment Position Manual, Sixth Edition (BPM6)","Public (Unrestricted)","","Public or Unrestricted",""
"Korea, Republic of","Net (credits less debits)","Current account balance (credit less debit)","US dollar","Quarterly","1995-Q4","-435000000","Millions","Millions","","Reported official data","Overlapping Indicator","","","Balance of Payments and International Investment Position Manual, Sixth Edition (BPM6)","Public (Unrestricted)","","Public or Unrestricted",""
"Korea, Republic of","Net (credits less debits)","Current account balance (credit less debit)","US dollar","Quarterly","1996-Q1","-5878400000","Millions","Millions","","Reported official data","Overlapping Indicator","","","Balance of Payments and International Investment Position Manual, Sixth Edition (BPM6)","Public (Unrestricted)","","Public or Unrestricted",""
"Korea, Republic of","Net (credits less debits)","Current account balance (credit less debit)","US dollar","Quarterly","1996-Q2","-5308400000","Millions","Millions","","Reported official data","Overlapping Indicator","","","Balance of Payments and International Investment Position Manual, Sixth Edition (BPM6)","Public (Unrestricted)","","Public or Unrestricted",""
"Korea, Republic of","Net (credits less debits)","Current account balance (credit less debit)","US dollar","Quarterly","1996-Q3","-6761100000","Millions","Millions","","Reported official data","Overlapping Indicator","","","Balance of Payments and International Investment Position Manual, Sixth Edition (BPM6)","Public (Unrestricted)","","Public or Unrestricted",""
"Korea, Republic of","Net (credits less debits)","Current account balance (credit less debit)","US dollar","Quarterly","1996-Q4","-6513200000","Millions","Millions","","Reported official data","Overlapping Indicator","","","Balance of Payments and International Investment Position Manual, Sixth Edition (BPM6)","Public (Unrestricted)","","Public or Unrestricted",""
"Korea, Republic of","Net (credits less debits)","Current account balance (credit less debit)","US dollar","Quarterly","1997-Q1","-7694700000","Millions","Millions","","Reported official data","Overlapping Indicator","","","Balance of Payments and International Investment Position Manual, Sixth Edition (BPM6)","Public (Unrestricted)","","Public or Unrestricted",""
"Korea, Republic of","Net (credits less debits)","Current account balance (credit less debit)","US dollar","Quarterly","1997-Q2","-1521700000","Millions","Millions","","Reported official data","Overlapping Indicator","","","Balance of Payments and International Investment Position Manual, Sixth Edition (BPM6)","Public (Unrestricted)","","Public or Unrestricted",""
"Korea, Republic of","Net (credits less debits)","Current account balance (credit less debit)","US dollar","Quarterly","1997-Q3","-2800800000","Millions","Millions","","Reported official data","Overlapping Indicator","","","Balance of Payments and International Investment Position Manual, Sixth Edition (BPM6)","Public (Unrestricted)","","Public or Unrestricted",""
"Korea, Republic of","Net (credits less debits)","Current account balance (credit less debit)","US dollar","Quarterly","1997-Q4","1205700000","Millions","Millions","","Reported official data","Overlapping Indicator","","","Balance of Payments and International Investment Position Manual, Sixth Edition (BPM6)","Public (Unrestricted)","","Public or Unrestricted",""
"Korea, Republic of","Net (credits less debits)","Current account balance (credit less debit)","US dollar","Quarterly","1998-Q1","11338600000","Millions","Millions","","Reported official data","Overlapping Indicator","","","Balance of Payments and International Investment Position Manual, Sixth Edition (BPM6)","Public (Unrestricted)","","Public or Unrestricted",""
"Korea, Republic of","Net (credits less debits)","Current account balance (credit less debit)","US dollar","Quarterly","1998-Q2","10308800000","Millions","Millions","","Reported official data","Overlapping Indicator","","","Balance of Payments and International Investment Position Manual, Sixth Edition (BPM6)","Public (Unrestricted)","","Public or Unrestricted",""
"Korea, Republic of","Net (credits less debits)","Current account balance (credit less debit)","US dollar","Quarterly","1998-Q3","9730200000","Millions","Millions","","Reported official data","Overlapping Indicator","","","Balance of Payments and International Investment Position Manual, Sixth Edition (BPM6)","Public (Unrestricted)","","Public or Unrestricted",""
"Korea, Republic of","Net (credits less debits)","Current account balance (credit less debit)","US dollar","Quarterly","1998-Q4","8735200000","Millions","Millions","","Reported official data","Overlapping Indicator","","","Balance of Payments and International Investment Position Manual, Sixth Edition (BPM6)","Public (Unrestricted)","","Public or Unrestricted",""
"Korea, Republic of","Net (credits less debits)","Current account balance (credit less debit)","US dollar","Quarterly","1999-Q1","5438200000","Millions","Millions","","Reported official data","Overlapping Indicator","","","Balance of Payments and International Investment Position Manual, Sixth Edition (BPM6)","Public (Unrestricted)","","Public or Unrestricted",""
"Korea, Republic of","Net (credits less debits)","Current account balance (credit less debit)","US dollar","Quarterly","1999-Q2","5842800000","Millions","Millions","","Reported official data","Overlapping Indicator","","","Balance of Payments and International Investment Position Manual, Sixth Edition (BPM6)","Public (Unrestricted)","","Public or Unrestricted",""
"Korea, Republic of","Net (credits less debits)","Current account balance (credit less debit)","US dollar","Quarterly","1999-Q3","4789100000","Millions","Millions","","Reported official data","Overlapping Indicator","","","Balance of Payments and International Investment Position Manual, Sixth Edition (BPM6)","Public (Unrestricted)","","Public or Unrestricted",""
"Korea, Republic of","Net (credits less debits)","Current account balance (credit less debit)","US dollar","Quarterly","1999-Q4","5714500000","Millions","Millions","","Reported official data","Overlapping Indicator","","","Balance of Payments and International Investment Position Manual, Sixth Edition (BPM6)","Public (Unrestricted)","","Public or Unrestricted",""
"Korea, Republic of","Net (credits less debits)","Current account balance (credit less debit)","US dollar","Quarterly","2000-Q1","-266900000","Millions","Millions","","Reported official data","Overlapping Indicator","","","Balance of Payments and International Investment Position Manual, Sixth Edition (BPM6)","Public (Unrestricted)","","Public or Unrestricted",""
"Korea, Republic of","Net (credits less debits)","Current account balance (credit less debit)","US dollar","Quarterly","2000-Q2","2653900000","Millions","Millions","","Reported official data","Overlapping Indicator","","","Balance of Payments and International Investment Position Manual, Sixth Edition (BPM6)","Public (Unrestricted)","","Public or Unrestricted",""
"Korea, Republic of","Net (credits less debits)","Current account balance (credit less debit)","US dollar","Quarterly","2000-Q3","3873800000","Millions","Millions","","Reported official data","Overlapping Indicator","","","Balance of Payments and International Investment Position Manual, Sixth Edition (BPM6)","Public (Unrestricted)","","Public or Unrestricted",""
"Korea, Republic of","Net (credits less debits)","Current account balance (credit less debit)","US dollar","Quarterly","2000-Q4","3920000000","Millions","Millions","","Reported official data","Overlapping Indicator","","","Balance of Payments and International Investment Position Manual, Sixth Edition (BPM6)","Public (Unrestricted)","","Public or Unrestricted",""
"Korea, Republic of","Net (credits less debits)","Current account balance (credit less debit)","US dollar","Quarterly","2001-Q1","303900000","Millions","Millions","","Reported official data","Overlapping Indicator","","","Balance of Payments and International Investment Position Manual, Sixth Edition (BPM6)","Public (Unrestricted)","","Public or Unrestricted",""
"Korea, Republic of","Net (credits less debits)","Current account balance (credit less debit)","US dollar","Quarterly","2001-Q2","1675400000","Millions","Millions","","Reported official data","Overlapping Indicator","","","Balance of Payments and International Investment Position Manual, Sixth Edition (BPM6)","Public (Unrestricted)","","Public or Unrestricted",""
"Korea, Republic of","Net (credits less debits)","Current account balance (credit less debit)","US dollar","Quarterly","2001-Q3","16200000","Millions","Millions","","Reported official data","Overlapping Indicator","","","Balance of Payments and International Investment Position Manual, Sixth Edition (BPM6)","Public (Unrestricted)","","Public or Unrestricted",""
"Korea, Republic of","Net (credits less debits)","Current account balance (credit less debit)","US dollar","Quarterly","2001-Q4","169700000","Millions","Millions","","Reported official data","Overlapping Indicator","","","Balance of Payments and International Investment Position Manual, Sixth Edition (BPM6)","Public (Unrestricted)","","Public or Unrestricted",""
"Korea, Republic of","Net (credits less debits)","Current account balance (credit less debit)","US dollar","Quarterly","2002-Q1","300000000","Millions","Millions","","Reported official data","Overlapping Indicator","","","Balance of Payments and International Investment Position Manual, Sixth Edition (BPM6)","Public (Unrestricted)","","Public or Unrestricted",""
"Korea, Republic of","Net (credits less debits)","Current account balance (credit less debit)","US dollar","Quarterly","2002-Q2","344200000","Millions","Millions","","Reported official data","Overlapping Indicator","","","Balance of Payments and International Investment Position Manual, Sixth Edition (BPM6)","Public (Unrestricted)","","Public or Unrestricted",""
"Korea, Republic of","Net (credits less debits)","Current account balance (credit less debit)","US dollar","Quarterly","2002-Q3","755100000","Millions","Millions","","Reported official data","Overlapping Indicator","","","Balance of Payments and International Investment Position Manual, Sixth Edition (BPM6)","Public (Unrestricted)","","Public or Unrestricted",""
"Korea, Republic of","Net (credits less debits)","Current account balance (credit less debit)","US dollar","Quarterly","2002-Q4","2666800000","Millions","Millions","","Reported official data","Overlapping Indicator","","","Balance of Payments and International Investment Position Manual, Sixth Edition (BPM6)","Public (Unrestricted)","","Public or Unrestricted",""
"Korea, Republic of","Net (credits less debits)","Current account balance (credit less debit)","US dollar","Quarterly","2003-Q1","-3076700000","Millions","Millions","","Reported official data","Overlapping Indicator","","","Balance of Payments and International Investment Position Manual, Sixth Edition (BPM6)","Public (Unrestricted)","","Public or Unrestricted",""
"Korea, Republic of","Net (credits less debits)","Current account balance (credit less debit)","US dollar","Quarterly","2003-Q2","37600000","Millions","Millions","","Reported official data","Overlapping Indicator","","","Balance of Payments and International Investment Position Manual, Sixth Edition (BPM6)","Public (Unrestricted)","","Public or Unrestricted",""
"Korea, Republic of","Net (credits less debits)","Current account balance (credit less debit)","US dollar","Quarterly","2003-Q3","4867300000","Millions","Millions","","Reported official data","Overlapping Indicator","","","Balance of Payments and International Investment Position Manual, Sixth Edition (BPM6)","Public (Unrestricted)","","Public or Unrestricted",""
"Korea, Republic of","Net (credits less debits)","Current account balance (credit less debit)","US dollar","Quarterly","2003-Q4","9480100000","Millions","Millions","","Reported official data","Overlapping Indicator","","","Balance of Payments and International Investment Position Manual, Sixth Edition (BPM6)","Public (Unrestricted)","","Public or Unrestricted",""
"Korea, Republic of","Net (credits less debits)","Current account balance (credit less debit)","US dollar","Quarterly","2004-Q1","5227700000","Millions","Millions","","Reported official data","Overlapping Indicator","","","Balance of Payments and International Investment Position Manual, Sixth Edition (BPM6)","Public (Unrestricted)","","Public or Unrestricted",""
"Korea, Republic of","Net (credits less debits)","Current account balance (credit less debit)","US dollar","Quarterly","2004-Q2","6771700000","Millions","Millions","","Reported official data","Overlapping Indicator","","","Balance of Payments and International Investment Position Manual, Sixth Edition (BPM6)","Public (Unrestricted)","","Public or Unrestricted",""
"Korea, Republic of","Net (credits less debits)","Current account balance (credit less debit)","US dollar","Quarterly","2004-Q3","7920500000","Millions","Millions","","Reported official data","Overlapping Indicator","","","Balance of Payments and International Investment Position Manual, Sixth Edition (BPM6)","Public (Unrestricted)","","Public or Unrestricted",""
"Korea, Republic of","Net (credits less debits)","Current account balance (credit less debit)","US dollar","Quarterly","2004-Q4","9370000000","Millions","Millions","","Reported official data","Overlapping Indicator","","","Balance of Payments and International Investment Position Manual, Sixth Edition (BPM6)","Public (Unrestricted)","","Public or Unrestricted",""
"Korea, Republic of","Net (credits less debits)","Current account balance (credit less debit)","US dollar","Quarterly","2005-Q1","3466000000","Millions","Millions","","Reported official data","Overlapping Indicator","","","Balance of Payments and International Investment Position Manual, Sixth Edition (BPM6)","Public (Unrestricted)","","Public or Unrestricted",""
"Korea, Republic of","Net (credits less debits)","Current account balance (credit less debit)","US dollar","Quarterly","2005-Q2","-230000000","Millions","Millions","","Reported official data","Overlapping Indicator","","","Balance of Payments and International Investment Position Manual, Sixth Edition (BPM6)","Public (Unrestricted)","","Public or Unrestricted",""
"Korea, Republic of","Net (credits less debits)","Current account balance (credit less debit)","US dollar","Quarterly","2005-Q3","2320100000","Millions","Millions","","Reported official data","Overlapping Indicator","","","Balance of Payments and International Investment Position Manual, Sixth Edition (BPM6)","Public (Unrestricted)","","Public or Unrestricted",""
"Korea, Republic of","Net (credits less debits)","Current account balance (credit less debit)","US dollar","Quarterly","2005-Q4","6652500000","Millions","Millions","","Reported official data","Overlapping Indicator","","","Balance of Payments and International Investment Position Manual, Sixth Edition (BPM6)","Public (Unrestricted)","","Public or Unrestricted",""
"Korea, Republic of","Net (credits less debits)","Current account balance (credit less debit)","US dollar","Quarterly","2006-Q1","-4948500000","Millions","Millions","","Reported official data","Overlapping Indicator","","","Balance of Payments and International Investment Position Manual, Sixth Edition (BPM6)","Public (Unrestricted)","","Public or Unrestricted",""
"Korea, Republic of","Net (credits less debits)","Current account balance (credit less debit)","US dollar","Quarterly","2006-Q2","-1282800000","Millions","Millions","","Reported official data","Overlapping Indicator","","","Balance of Payments and International Investment Position Manual, Sixth Edition (BPM6)","Public (Unrestricted)","","Public or Unrestricted",""
"Korea, Republic of","Net (credits less debits)","Current account balance (credit less debit)","US dollar","Quarterly","2006-Q3","849500000","Millions","Millions","","Reported official data","Overlapping Indicator","","","Balance of Payments and International Investment Position Manual, Sixth Edition (BPM6)","Public (Unrestricted)","","Public or Unrestricted",""
"Korea, Republic of","Net (credits less debits)","Current account balance (credit less debit)","US dollar","Quarterly","2006-Q4","7476600000","Millions","Millions","","Reported official data","Overlapping Indicator","","","Balance of Payments and International Investment Position Manual, Sixth Edition (BPM6)","Public (Unrestricted)","","Public or Unrestricted",""
"Korea, Republic of","Net (credits less debits)","Current account balance (credit less debit)","US dollar","Quarterly","2007-Q1","-1675300000","Millions","Millions","","Reported official data","Overlapping Indicator","","","Balance of Payments and International Investment Position Manual, Sixth Edition (BPM6)","Public (Unrestricted)","","Public or Unrestricted",""
"Korea, Republic of","Net (credits less debits)","Current account balance (credit less debit)","US dollar","Quarterly","2007-Q2","-2954400000","Millions","Millions","","Reported official data","Overlapping Indicator","","","Balance of Payments and International Investment Position Manual, Sixth Edition (BPM6)","Public (Unrestricted)","","Public or Unrestricted",""
"Korea, Republic of","Net (credits less debits)","Current account balance (credit less debit)","US dollar","Quarterly","2007-Q3","9105300000","Millions","Millions","","Reported official data","Overlapping Indicator","","","Balance of Payments and International Investment Position Manual, Sixth Edition (BPM6)","Public (Unrestricted)","","Public or Unrestricted",""
"Korea, Republic of","Net (credits less debits)","Current account balance (credit less debit)","US dollar","Quarterly","2007-Q4","5996900000","Millions","Millions","","Reported official data","Overlapping Indicator","","","Balance of Payments and International Investment Position Manual, Sixth Edition (BPM6)","Public (Unrestricted)","","Public or Unrestricted",""
"Korea, Republic of","Net (credits less debits)","Current account balance (credit less debit)","US dollar","Quarterly","2008-Q1","-1951400000","Millions","Millions","","Reported official data","Overlapping Indicator","","","Balance of Payments and International Investment Position Manual, Sixth Edition (BPM6)","Public (Unrestricted)","","Public or Unrestricted",""
"Korea, Republic of","Net (credits less debits)","Current account balance (credit less debit)","US dollar","Quarterly","2008-Q2","-5267300000","Millions","Millions","","Reported official data","Overlapping Indicator","","","Balance of Payments and International Investment Position Manual, Sixth Edition (BPM6)","Public (Unrestricted)","","Public or Unrestricted",""
"Korea, Republic of","Net (credits less debits)","Current account balance (credit less debit)","US dollar","Quarterly","2008-Q3","-4637700000","Millions","Millions","","Reported official data","Overlapping Indicator","","","Balance of Payments and International Investment Position Manual, Sixth Edition (BPM6)","Public (Unrestricted)","","Public or Unrestricted",""
"Korea, Republic of","Net (credits less debits)","Current account balance (credit less debit)","US dollar","Quarterly","2008-Q4","13609400000","Millions","Millions","","Reported official data","Overlapping Indicator","","","Balance of Payments and International Investment Position Manual, Sixth Edition (BPM6)","Public (Unrestricted)","","Public or Unrestricted",""
"Korea, Republic of","Net (credits less debits)","Current account balance (credit less debit)","US dollar","Quarterly","2009-Q1","10974800000","Millions","Millions","","Reported official data","Overlapping Indicator","","","Balance of Payments and International Investment Position Manual, Sixth Edition (BPM6)","Public (Unrestricted)","","Public or Unrestricted",""
"Korea, Republic of","Net (credits less debits)","Current account balance (credit less debit)","US dollar","Quarterly","2009-Q2","9533300000","Millions","Millions","","Reported official data","Overlapping Indicator","","","Balance of Payments and International Investment Position Manual, Sixth Edition (BPM6)","Public (Unrestricted)","","Public or Unrestricted",""
"Korea, Republic of","Net (credits less debits)","Current account balance (credit less debit)","US dollar","Quarterly","2009-Q3","5354900000","Millions","Millions","","Reported official data","Overlapping Indicator","","","Balance of Payments and International Investment Position Manual, Sixth Edition (BPM6)","Public (Unrestricted)","","Public or Unrestricted",""
"Korea, Republic of","Net (credits less debits)","Current account balance (credit less debit)","US dollar","Quarterly","2009-Q4","7224600000","Millions","Millions","","Reported official data","Overlapping Indicator","","","Balance of Payments and International Investment Position Manual, Sixth Edition (BPM6)","Public (Unrestricted)","","Public or Unrestricted",""
"Korea, Republic of","Net (credits less debits)","Current account balance (credit less debit)","US dollar","Quarterly","2010-Q1","-1181700000","Millions","Millions","","Reported official data","Overlapping Indicator","","","Balance of Payments and International Investment Position Manual, Sixth Edition (BPM6)","Public (Unrestricted)","","Public or Unrestricted",""
"Korea, Republic of","Net (credits less debits)","Current account balance (credit less debit)","US dollar","Quarterly","2010-Q2","11198400000","Millions","Millions","","Reported official data","Overlapping Indicator","","","Balance of Payments and International Investment Position Manual, Sixth Edition (BPM6)","Public (Unrestricted)","","Public or Unrestricted",""
"Korea, Republic of","Net (credits less debits)","Current account balance (credit less debit)","US dollar","Quarterly","2010-Q3","11514800000","Millions","Millions","","Reported official data","Overlapping Indicator","","","Balance of Payments and International Investment Position Manual, Sixth Edition (BPM6)","Public (Unrestricted)","","Public or Unrestricted",""
"Korea, Republic of","Net (credits less debits)","Current account balance (credit less debit)","US dollar","Quarterly","2010-Q4","6419000000","Millions","Millions","","Reported official data","Overlapping Indicator","","","Balance of Payments and International Investment Position Manual, Sixth Edition (BPM6)","Public (Unrestricted)","","Public or Unrestricted",""
"Korea, Republic of","Net (credits less debits)","Current account balance (credit less debit)","US dollar","Quarterly","2011-Q1","-4253000000","Millions","Millions","","Reported official data","Overlapping Indicator","","","Balance of Payments and International Investment Position Manual, Sixth Edition (BPM6)","Public (Unrestricted)","","Public or Unrestricted",""
"Korea, Republic of","Net (credits less debits)","Current account balance (credit less debit)","US dollar","Quarterly","2011-Q2","-2470600000","Millions","Millions","","Reported official data","Overlapping Indicator","","","Balance of Payments and International Investment Position Manual, Sixth Edition (BPM6)","Public (Unrestricted)","","Public or Unrestricted",""
"Korea, Republic of","Net (credits less debits)","Current account balance (credit less debit)","US dollar","Quarterly","2011-Q3","11405600000","Millions","Millions","","Reported official data","Overlapping Indicator","","","Balance of Payments and International Investment Position Manual, Sixth Edition (BPM6)","Public (Unrestricted)","","Public or Unrestricted",""
"Korea, Republic of","Net (credits less debits)","Current account balance (credit less debit)","US dollar","Quarterly","2011-Q4","11956200000","Millions","Millions","","Reported official data","Overlapping Indicator","","","Balance of Payments and International Investment Position Manual, Sixth Edition (BPM6)","Public (Unrestricted)","","Public or Unrestricted",""
"Korea, Republic of","Net (credits less debits)","Current account balance (credit less debit)","US dollar","Quarterly","2012-Q1","-1292000000","Millions","Millions","","Reported official data","Overlapping Indicator","","","Balance of Payments and International Investment Position Manual, Sixth Edition (BPM6)","Public (Unrestricted)","","Public or Unrestricted",""
"Korea, Republic of","Net (credits less debits)","Current account balance (credit less debit)","US dollar","Quarterly","2012-Q2","10940300000","Millions","Millions","","Reported official data","Overlapping Indicator","","","Balance of Payments and International Investment Position Manual, Sixth Edition (BPM6)","Public (Unrestricted)","","Public or Unrestricted",""
"Korea, Republic of","Net (credits less debits)","Current account balance (credit less debit)","US dollar","Quarterly","2012-Q3","16477800000","Millions","Millions","","Reported official data","Overlapping Indicator","","","Balance of Payments and International Investment Position Manual, Sixth Edition (BPM6)","Public (Unrestricted)","","Public or Unrestricted",""
"Korea, Republic of","Net (credits less debits)","Current account balance (credit less debit)","US dollar","Quarterly","2012-Q4","22664500000","Millions","Millions","","Reported official data","Overlapping Indicator","","","Balance of Payments and International Investment Position Manual, Sixth Edition (BPM6)","Public (Unrestricted)","","Public or Unrestricted",""
"Korea, Republic of","Net (credits less debits)","Current account balance (credit less debit)","US dollar","Quarterly","2013-Q1","11705100000","Millions","Millions","","Reported official data","Overlapping Indicator","","","Balance of Payments and International Investment Position Manual, Sixth Edition (BPM6)","Public (Unrestricted)","","Public or Unrestricted",""
"Korea, Republic of","Net (credits less debits)","Current account balance (credit less debit)","US dollar","Quarterly","2013-Q2","21472900000","Millions","Millions","","Reported official data","Overlapping Indicator","","","Balance of Payments and International Investment Position Manual, Sixth Edition (BPM6)","Public (Unrestricted)","","Public or Unrestricted",""
"Korea, Republic of","Net (credits less debits)","Current account balance (credit less debit)","US dollar","Quarterly","2013-Q3","21201600000","Millions","Millions","","Reported official data","Overlapping Indicator","","","Balance of Payments and International Investment Position Manual, Sixth Edition (BPM6)","Public (Unrestricted)","","Public or Unrestricted",""
"Korea, Republic of","Net (credits less debits)","Current account balance (credit less debit)","US dollar","Quarterly","2013-Q4","22879300000","Millions","Millions","","Reported official data","Overlapping Indicator","","","Balance of Payments and International Investment Position Manual, Sixth Edition (BPM6)","Public (Unrestricted)","","Public or Unrestricted",""
"Korea, Republic of","Net (credits less debits)","Current account balance (credit less debit)","US dollar","Quarterly","2014-Q1","12833000000","Millions","Millions","","Reported official data","Overlapping Indicator","","","Balance of Payments and International Investment Position Manual, Sixth Edition (BPM6)","Public (Unrestricted)","","Public or Unrestricted",""
"Korea, Republic of","Net (credits less debits)","Current account balance (credit less debit)","US dollar","Quarterly","2014-Q2","23792600000","Millions","Millions","","Reported official data","Overlapping Indicator","","","Balance of Payments and International Investment Position Manual, Sixth Edition (BPM6)","Public (Unrestricted)","","Public or Unrestricted",""
"Korea, Republic of","Net (credits less debits)","Current account balance (credit less debit)","US dollar","Quarterly","2014-Q3","20411400000","Millions","Millions","","Reported official data","Overlapping Indicator","","","Balance of Payments and International Investment Position Manual, Sixth Edition (BPM6)","Public (Unrestricted)","","Public or Unrestricted",""
"Korea, Republic of","Net (credits less debits)","Current account balance (credit less debit)","US dollar","Quarterly","2014-Q4","25992600000","Millions","Millions","","Reported official data","Overlapping Indicator","","","Balance of Payments and International Investment Position Manual, Sixth Edition (BPM6)","Public (Unrestricted)","","Public or Unrestricted",""
"Korea, Republic of","Net (credits less debits)","Current account balance (credit less debit)","US dollar","Quarterly","2015-Q1","22973900000","Millions","Millions","","Reported official data","Overlapping Indicator","","","Balance of Payments and International Investment Position Manual, Sixth Edition (BPM6)","Public (Unrestricted)","","Public or Unrestricted",""
"Korea, Republic of","Net (credits less debits)","Current account balance (credit less debit)","US dollar","Quarterly","2015-Q2","26726600000","Millions","Millions","","Reported official data","Overlapping Indicator","","","Balance of Payments and International Investment Position Manual, Sixth Edition (BPM6)","Public (Unrestricted)","","Public or Unrestricted",""
"Korea, Republic of","Net (credits less debits)","Current account balance (credit less debit)","US dollar","Quarterly","2015-Q3","28086900000","Millions","Millions","","Reported official data","Overlapping Indicator","","","Balance of Payments and International Investment Position Manual, Sixth Edition (BPM6)","Public (Unrestricted)","","Public or Unrestricted",""
"Korea, Republic of","Net (credits less debits)","Current account balance (credit less debit)","US dollar","Quarterly","2015-Q4","27331200000","Millions","Millions","","Reported official data","Overlapping Indicator","","","Balance of Payments and International Investment Position Manual, Sixth Edition (BPM6)","Public (Unrestricted)","","Public or Unrestricted",""
"Korea, Republic of","Net (credits less debits)","Current account balance (credit less debit)","US dollar","Quarterly","2016-Q1","26367700000","Millions","Millions","","Reported official data","Overlapping Indicator","","","Balance of Payments and International Investment Position Manual, Sixth Edition (BPM6)","Public (Unrestricted)","","Public or Unrestricted",""
"Korea, Republic of","Net (credits less debits)","Current account balance (credit less debit)","US dollar","Quarterly","2016-Q2","27085000000","Millions","Millions","","Reported official data","Overlapping Indicator","","","Balance of Payments and International Investment Position Manual, Sixth Edition (BPM6)","Public (Unrestricted)","","Public or Unrestricted",""
"Korea, Republic of","Net (credits less debits)","Current account balance (credit less debit)","US dollar","Quarterly","2016-Q3","21759400000","Millions","Millions","","Reported official data","Overlapping Indicator","","","Balance of Payments and International Investment Position Manual, Sixth Edition (BPM6)","Public (Unrestricted)","","Public or Unrestricted",""
"Korea, Republic of","Net (credits less debits)","Current account balance (credit less debit)","US dollar","Quarterly","2016-Q4","22711600000","Millions","Millions","","Reported official data","Overlapping Indicator","","","Balance of Payments and International Investment Position Manual, Sixth Edition (BPM6)","Public (Unrestricted)","","Public or Unrestricted",""
"Korea, Republic of","Net (credits less debits)","Current account balance (credit less debit)","US dollar","Quarterly","2017-Q1","15980600000","Millions","Millions","","Reported official data","Overlapping Indicator","","","Balance of Payments and International Investment Position Manual, Sixth Edition (BPM6)","Public (Unrestricted)","","Public or Unrestricted",""
"Korea, Republic of","Net (credits less debits)","Current account balance (credit less debit)","US dollar","Quarterly","2017-Q2","14455000000","Millions","Millions","","Reported official data","Overlapping Indicator","","","Balance of Payments and International Investment Position Manual, Sixth Edition (BPM6)","Public (Unrestricted)","","Public or Unrestricted",""
"Korea, Republic of","Net (credits less debits)","Current account balance (credit less debit)","US dollar","Quarterly","2017-Q3","25944500000","Millions","Millions","","Reported official data","Overlapping Indicator","","","Balance of Payments and International Investment Position Manual, Sixth Edition (BPM6)","Public (Unrestricted)","","Public or Unrestricted",""
"Korea, Republic of","Net (credits less debits)","Current account balance (credit less debit)","US dollar","Quarterly","2017-Q4","18850800000","Millions","Millions","","Reported official data","Overlapping Indicator","","","Balance of Payments and International Investment Position Manual, Sixth Edition (BPM6)","Public (Unrestricted)","","Public or Unrestricted",""
"Korea, Republic of","Net (credits less debits)","Current account balance (credit less debit)","US dollar","Quarterly","2018-Q1","10994000000","Millions","Millions","","Reported official data","Overlapping Indicator","","","Balance of Payments and International Investment Position Manual, Sixth Edition (BPM6)","Public (Unrestricted)","","Public or Unrestricted",""
"Korea, Republic of","Net (credits less debits)","Current account balance (credit less debit)","US dollar","Quarterly","2018-Q2","18262800000","Millions","Millions","","Reported official data","Overlapping Indicator","","","Balance of Payments and International Investment Position Manual, Sixth Edition (BPM6)","Public (Unrestricted)","","Public or Unrestricted",""
"Korea, Republic of","Net (credits less debits)","Current account balance (credit less debit)","US dollar","Quarterly","2018-Q3","28691100000","Millions","Millions","","Reported official data","Overlapping Indicator","","","Balance of Payments and International Investment Position Manual, Sixth Edition (BPM6)","Public (Unrestricted)","","Public or Unrestricted",""
"Korea, Republic of","Net (credits less debits)","Current account balance (credit less debit)","US dollar","Quarterly","2018-Q4","19518600000","Millions","Millions","","Reported official data","Overlapping Indicator","","","Balance of Payments and International Investment Position Manual, Sixth Edition (BPM6)","Public (Unrestricted)","","Public or Unrestricted",""
"Korea, Republic of","Net (credits less debits)","Current account balance (credit less debit)","US dollar","Quarterly","2019-Q1","10549900000","Millions","Millions","","Reported official data","Overlapping Indicator","","","Balance of Payments and International Investment Position Manual, Sixth Edition (BPM6)","Public (Unrestricted)","","Public or Unrestricted",""
"Korea, Republic of","Net (credits less debits)","Current account balance (credit less debit)","US dollar","Quarterly","2019-Q2","10621900000","Millions","Millions","","Reported official data","Overlapping Indicator","","","Balance of Payments and International Investment Position Manual, Sixth Edition (BPM6)","Public (Unrestricted)","","Public or Unrestricted",""
"Korea, Republic of","Net (credits less debits)","Current account balance (credit less debit)","US dollar","Quarterly","2019-Q3","19955000000","Millions","Millions","","Reported official data","Overlapping Indicator","","","Balance of Payments and International Investment Position Manual, Sixth Edition (BPM6)","Public (Unrestricted)","","Public or Unrestricted",""
"Korea, Republic of","Net (credits less debits)","Current account balance (credit less debit)","US dollar","Quarterly","2019-Q4","18549300000","Millions","Millions","","Reported official data","Overlapping Indicator","","","Balance of Payments and International Investment Position Manual, Sixth Edition (BPM6)","Public (Unrestricted)","","Public or Unrestricted",""
"Korea, Republic of","Net (credits less debits)","Current account balance (credit less debit)","US dollar","Quarterly","2020-Q1","12718500000","Millions","Millions","","Reported official data","Overlapping Indicator","","","Balance of Payments and International Investment Position Manual, Sixth Edition (BPM6)","Public (Unrestricted)","","Public or Unrestricted",""
"Korea, Republic of","Net (credits less debits)","Current account balance (credit less debit)","US dollar","Quarterly","2020-Q2","4957600000","Millions","Millions","","Reported official data","Overlapping Indicator","","","Balance of Payments and International Investment Position Manual, Sixth Edition (BPM6)","Public (Unrestricted)","","Public or Unrestricted",""
"Korea, Republic of","Net (credits less debits)","Current account balance (credit less debit)","US dollar","Quarterly","2020-Q3","24487200000","Millions","Millions","","Reported official data","Overlapping Indicator","","","Balance of Payments and International Investment Position Manual, Sixth Edition (BPM6)","Public (Unrestricted)","","Public or Unrestricted",""
"Korea, Republic of","Net (credits less debits)","Current account balance (credit less debit)","US dollar","Quarterly","2020-Q4","33738900000","Millions","Millions","","Reported official data","Overlapping Indicator","","","Balance of Payments and International Investment Position Manual, Sixth Edition (BPM6)","Public (Unrestricted)","","Public or Unrestricted",""
"Korea, Republic of","Net (credits less debits)","Current account balance (credit less debit)","US dollar","Quarterly","2021-Q1","18971300000","Millions","Millions","","Reported official data","Overlapping Indicator","","","Balance of Payments and International Investment Position Manual, Sixth Edition (BPM6)","Public (Unrestricted)","","Public or Unrestricted",""
"Korea, Republic of","Net (credits less debits)","Current account balance (credit less debit)","US dollar","Quarterly","2021-Q2","21797300000","Millions","Millions","","Reported official data","Overlapping Indicator","","","Balance of Payments and International Investment Position Manual, Sixth Edition (BPM6)","Public (Unrestricted)","","Public or Unrestricted",""
"Korea, Republic of","Net (credits less debits)","Current account balance (credit less debit)","US dollar","Quarterly","2021-Q3","23598700000","Millions","Millions","","Reported official data","Overlapping Indicator","","","Balance of Payments and International Investment Position Manual, Sixth Edition (BPM6)","Public (Unrestricted)","","Public or Unrestricted",""
"Korea, Republic of","Net (credits less debits)","Current account balance (credit less debit)","US dollar","Quarterly","2021-Q4","20860900000","Millions","Millions","","Reported official data","Overlapping Indicator","","","Balance of Payments and International Investment Position Manual, Sixth Edition (BPM6)","Public (Unrestricted)","","Public or Unrestricted",""
"Korea, Republic of","Net (credits less debits)","Current account balance (credit less debit)","US dollar","Quarterly","2022-Q1","13966000000","Millions","Millions","","Reported official data","Overlapping Indicator","","","Balance of Payments and International Investment Position Manual, Sixth Edition (BPM6)","Public (Unrestricted)","","Public or Unrestricted",""
"Korea, Republic of","Net (credits less debits)","Current account balance (credit less debit)","US dollar","Quarterly","2022-Q2","10506800000","Millions","Millions","","Reported official data","Overlapping Indicator","","","Balance of Payments and International Investment Position Manual, Sixth Edition (BPM6)","Public (Unrestricted)","","Public or Unrestricted",""
"Korea, Republic of","Net (credits less debits)","Current account balance (credit less debit)","US dollar","Quarterly","2022-Q3","-390100000","Millions","Millions","","Reported official data","Overlapping Indicator","","","Balance of Payments and International Investment Position Manual, Sixth Edition (BPM6)","Public (Unrestricted)","","Public or Unrestricted",""
"Korea, Republic of","Net (credits less debits)","Current account balance (credit less debit)","US dollar","Quarterly","2022-Q4","1745900000","Millions","Millions","","Reported official data","Overlapping Indicator","","","Balance of Payments and International Investment Position Manual, Sixth Edition (BPM6)","Public (Unrestricted)","","Public or Unrestricted",""
"Korea, Republic of","Net (credits less debits)","Current account balance (credit less debit)","US dollar","Quarterly","2023-Q1","-12121000000","Millions","Millions","","Reported official data","Overlapping Indicator","","","Balance of Payments and International Investment Position Manual, Sixth Edition (BPM6)","Public (Unrestricted)","","Public or Unrestricted",""
"Korea, Republic of","Net (credits less debits)","Current account balance (credit less debit)","US dollar","Quarterly","2023-Q2","3565700000","Millions","Millions","","Reported official data","Overlapping Indicator","","","Balance of Payments and International Investment Position Manual, Sixth Edition (BPM6)","Public (Unrestricted)","","Public or Unrestricted",""
"Korea, Republic of","Net (credits less debits)","Current account balance (credit less debit)","US dollar","Quarterly","2023-Q3","17165400000","Millions","Millions","","Reported official data","Overlapping Indicator","","","Balance of Payments and International Investment Position Manual, Sixth Edition (BPM6)","Public (Unrestricted)","","Public or Unrestricted",""
"Korea, Republic of","Net (credits less debits)","Current account balance (credit less debit)","US dollar","Quarterly","2023-Q4","24211600000","Millions","Millions","","Reported official data","Overlapping Indicator","","","Balance of Payments and International Investment Position Manual, Sixth Edition (BPM6)","Public (Unrestricted)","","Public or Unrestricted",""
"Korea, Republic of","Net (credits less debits)","Current account balance (credit less debit)","US dollar","Quarterly","2024-Q1","16481700000","Millions","Millions","","Reported official data","Overlapping Indicator","","","Balance of Payments and International Investment Position Manual, Sixth Edition (BPM6)","Public (Unrestricted)","","Public or Unrestricted",""
"Korea, Republic of","Net (credits less debits)","Current account balance (credit less debit)","US dollar","Quarterly","2024-Q2","23677000000","Millions","Millions","","Reported official data","Overlapping Indicator","","","Balance of Payments and International Investment Position Manual, Sixth Edition (BPM6)","Public (Unrestricted)","","Public or Unrestricted",""
"Korea, Republic of","Net (credits less debits)","Current account balance (credit less debit)","US dollar","Quarterly","2024-Q3","27069100000","Millions","Millions","","Reported official data","Overlapping Indicator","","","Balance of Payments and International Investment Position Manual, Sixth Edition (BPM6)","Public (Unrestricted)","","Public or Unrestricted",""
"Korea, Republic of","Net (credits less debits)","Current account balance (credit less debit)","US dollar","Quarterly","2024-Q4","31815100000","Millions","Millions","","Reported official data","Overlapping Indicator","","","Balance of Payments and International Investment Position Manual, Sixth Edition (BPM6)","Public (Unrestricted)","","Public or Unrestricted",""
