﻿"COUNTRY","BOP_ACCOUNTING_ENTRY","INDICATOR","UNIT","FREQUENCY","TIME_PERIOD","OBS_VALUE","SCALE","PRECISION","DECIMALS_DISPLAYED","DERIVATION_TYPE","OVERLAP","IFS_FLAG","STATUS","METHODOLOGY","ACCESS_SHARING_LEVEL","ACCESS_SHARING_NOTES","SECURITY_CLASSIFICATION","SOURCE"
"Korea, Republic of","Net (credits less debits)","Goods and services","US dollar","Quarterly","1976-Q1","-348000000","Millions","Millions","","Reported official data","","true","","Balance of Payments and International Investment Position Manual, Sixth Edition (BPM6)","Public (Unrestricted)","","Public or Unrestricted",""
"Korea, Republic of","Net (credits less debits)","Goods and services","US dollar","Quarterly","1976-Q2","-113000000","Millions","Millions","","Reported official data","","true","","Balance of Payments and International Investment Position Manual, Sixth Edition (BPM6)","Public (Unrestricted)","","Public or Unrestricted",""
"Korea, Republic of","Net (credits less debits)","Goods and services","US dollar","Quarterly","1976-Q3","-11000000","Millions","Millions","","Reported official data","","true","","Balance of Payments and International Investment Position Manual, Sixth Edition (BPM6)","Public (Unrestricted)","","Public or Unrestricted",""
"Korea, Republic of","Net (credits less debits)","Goods and services","US dollar","Quarterly","1976-Q4","218000000","Millions","Millions","","Reported official data","","true","","Balance of Payments and International Investment Position Manual, Sixth Edition (BPM6)","Public (Unrestricted)","","Public or Unrestricted",""
"Korea, Republic of","Net (credits less debits)","Goods and services","US dollar","Quarterly","1977-Q1","42000000","Millions","Millions","","Reported official data","","true","","Balance of Payments and International Investment Position Manual, Sixth Edition (BPM6)","Public (Unrestricted)","","Public or Unrestricted",""
"Korea, Republic of","Net (credits less debits)","Goods and services","US dollar","Quarterly","1977-Q2","-162000000","Millions","Millions","","Reported official data","","true","","Balance of Payments and International Investment Position Manual, Sixth Edition (BPM6)","Public (Unrestricted)","","Public or Unrestricted",""
"Korea, Republic of","Net (credits less debits)","Goods and services","US dollar","Quarterly","1977-Q3","216000000","Millions","Millions","","Reported official data","","true","","Balance of Payments and International Investment Position Manual, Sixth Edition (BPM6)","Public (Unrestricted)","","Public or Unrestricted",""
"Korea, Republic of","Net (credits less debits)","Goods and services","US dollar","Quarterly","1977-Q4","186000000","Millions","Millions","","Reported official data","","true","","Balance of Payments and International Investment Position Manual, Sixth Edition (BPM6)","Public (Unrestricted)","","Public or Unrestricted",""
"Korea, Republic of","Net (credits less debits)","Goods and services","US dollar","Quarterly","1978-Q1","-15000000","Millions","Millions","","Reported official data","","true","","Balance of Payments and International Investment Position Manual, Sixth Edition (BPM6)","Public (Unrestricted)","","Public or Unrestricted",""
"Korea, Republic of","Net (credits less debits)","Goods and services","US dollar","Quarterly","1978-Q2","-80000000","Millions","Millions","","Reported official data","","true","","Balance of Payments and International Investment Position Manual, Sixth Edition (BPM6)","Public (Unrestricted)","","Public or Unrestricted",""
"Korea, Republic of","Net (credits less debits)","Goods and services","US dollar","Quarterly","1978-Q3","-181000000","Millions","Millions","","Reported official data","","true","","Balance of Payments and International Investment Position Manual, Sixth Edition (BPM6)","Public (Unrestricted)","","Public or Unrestricted",""
"Korea, Republic of","Net (credits less debits)","Goods and services","US dollar","Quarterly","1978-Q4","-640000000","Millions","Millions","","Reported official data","","true","","Balance of Payments and International Investment Position Manual, Sixth Edition (BPM6)","Public (Unrestricted)","","Public or Unrestricted",""
"Korea, Republic of","Net (credits less debits)","Goods and services","US dollar","Quarterly","1979-Q1","-863000000","Millions","Millions","","Reported official data","","true","","Balance of Payments and International Investment Position Manual, Sixth Edition (BPM6)","Public (Unrestricted)","","Public or Unrestricted",""
"Korea, Republic of","Net (credits less debits)","Goods and services","US dollar","Quarterly","1979-Q2","-1157000000","Millions","Millions","","Reported official data","","true","","Balance of Payments and International Investment Position Manual, Sixth Edition (BPM6)","Public (Unrestricted)","","Public or Unrestricted",""
"Korea, Republic of","Net (credits less debits)","Goods and services","US dollar","Quarterly","1979-Q3","-712000000","Millions","Millions","","Reported official data","","true","","Balance of Payments and International Investment Position Manual, Sixth Edition (BPM6)","Public (Unrestricted)","","Public or Unrestricted",""
"Korea, Republic of","Net (credits less debits)","Goods and services","US dollar","Quarterly","1979-Q4","-774000000","Millions","Millions","","Reported official data","","true","","Balance of Payments and International Investment Position Manual, Sixth Edition (BPM6)","Public (Unrestricted)","","Public or Unrestricted",""
"Korea, Republic of","Net (credits less debits)","Goods and services","US dollar","Quarterly","1980-Q1","-1566400000","Millions","Millions","","Reported official data","","true","","Balance of Payments and International Investment Position Manual, Sixth Edition (BPM6)","Public (Unrestricted)","","Public or Unrestricted",""
"Korea, Republic of","Net (credits less debits)","Goods and services","US dollar","Quarterly","1980-Q2","-1159300000","Millions","Millions","","Reported official data","","true","","Balance of Payments and International Investment Position Manual, Sixth Edition (BPM6)","Public (Unrestricted)","","Public or Unrestricted",""
"Korea, Republic of","Net (credits less debits)","Goods and services","US dollar","Quarterly","1980-Q3","-1291100000","Millions","Millions","","Reported official data","","true","","Balance of Payments and International Investment Position Manual, Sixth Edition (BPM6)","Public (Unrestricted)","","Public or Unrestricted",""
"Korea, Republic of","Net (credits less debits)","Goods and services","US dollar","Quarterly","1980-Q4","-1260300000","Millions","Millions","","Reported official data","","true","","Balance of Payments and International Investment Position Manual, Sixth Edition (BPM6)","Public (Unrestricted)","","Public or Unrestricted",""
"Korea, Republic of","Net (credits less debits)","Goods and services","US dollar","Quarterly","1981-Q1","-928900000","Millions","Millions","","Reported official data","","true","","Balance of Payments and International Investment Position Manual, Sixth Edition (BPM6)","Public (Unrestricted)","","Public or Unrestricted",""
"Korea, Republic of","Net (credits less debits)","Goods and services","US dollar","Quarterly","1981-Q2","-975200000","Millions","Millions","","Reported official data","","true","","Balance of Payments and International Investment Position Manual, Sixth Edition (BPM6)","Public (Unrestricted)","","Public or Unrestricted",""
"Korea, Republic of","Net (credits less debits)","Goods and services","US dollar","Quarterly","1981-Q3","-1091800000","Millions","Millions","","Reported official data","","true","","Balance of Payments and International Investment Position Manual, Sixth Edition (BPM6)","Public (Unrestricted)","","Public or Unrestricted",""
"Korea, Republic of","Net (credits less debits)","Goods and services","US dollar","Quarterly","1981-Q4","-1168400000","Millions","Millions","","Reported official data","","true","","Balance of Payments and International Investment Position Manual, Sixth Edition (BPM6)","Public (Unrestricted)","","Public or Unrestricted",""
"Korea, Republic of","Net (credits less debits)","Goods and services","US dollar","Quarterly","1982-Q1","-241700000","Millions","Millions","","Reported official data","","true","","Balance of Payments and International Investment Position Manual, Sixth Edition (BPM6)","Public (Unrestricted)","","Public or Unrestricted",""
"Korea, Republic of","Net (credits less debits)","Goods and services","US dollar","Quarterly","1982-Q2","-536700000","Millions","Millions","","Reported official data","","true","","Balance of Payments and International Investment Position Manual, Sixth Edition (BPM6)","Public (Unrestricted)","","Public or Unrestricted",""
"Korea, Republic of","Net (credits less debits)","Goods and services","US dollar","Quarterly","1982-Q3","-927000000","Millions","Millions","","Reported official data","","true","","Balance of Payments and International Investment Position Manual, Sixth Edition (BPM6)","Public (Unrestricted)","","Public or Unrestricted",""
"Korea, Republic of","Net (credits less debits)","Goods and services","US dollar","Quarterly","1982-Q4","-1473700000","Millions","Millions","","Reported official data","","true","","Balance of Payments and International Investment Position Manual, Sixth Edition (BPM6)","Public (Unrestricted)","","Public or Unrestricted",""
"Korea, Republic of","Net (credits less debits)","Goods and services","US dollar","Quarterly","1983-Q1","-1042600000","Millions","Millions","","Reported official data","","true","","Balance of Payments and International Investment Position Manual, Sixth Edition (BPM6)","Public (Unrestricted)","","Public or Unrestricted",""
"Korea, Republic of","Net (credits less debits)","Goods and services","US dollar","Quarterly","1983-Q2","-363000000","Millions","Millions","","Reported official data","","true","","Balance of Payments and International Investment Position Manual, Sixth Edition (BPM6)","Public (Unrestricted)","","Public or Unrestricted",""
"Korea, Republic of","Net (credits less debits)","Goods and services","US dollar","Quarterly","1983-Q3","208700000","Millions","Millions","","Reported official data","","true","","Balance of Payments and International Investment Position Manual, Sixth Edition (BPM6)","Public (Unrestricted)","","Public or Unrestricted",""
"Korea, Republic of","Net (credits less debits)","Goods and services","US dollar","Quarterly","1983-Q4","-314000000","Millions","Millions","","Reported official data","","true","","Balance of Payments and International Investment Position Manual, Sixth Edition (BPM6)","Public (Unrestricted)","","Public or Unrestricted",""
"Korea, Republic of","Net (credits less debits)","Goods and services","US dollar","Quarterly","1984-Q1","-81900000","Millions","Millions","","Reported official data","","true","","Balance of Payments and International Investment Position Manual, Sixth Edition (BPM6)","Public (Unrestricted)","","Public or Unrestricted",""
"Korea, Republic of","Net (credits less debits)","Goods and services","US dollar","Quarterly","1984-Q2","-279400000","Millions","Millions","","Reported official data","","true","","Balance of Payments and International Investment Position Manual, Sixth Edition (BPM6)","Public (Unrestricted)","","Public or Unrestricted",""
"Korea, Republic of","Net (credits less debits)","Goods and services","US dollar","Quarterly","1984-Q3","253500000","Millions","Millions","","Reported official data","","true","","Balance of Payments and International Investment Position Manual, Sixth Edition (BPM6)","Public (Unrestricted)","","Public or Unrestricted",""
"Korea, Republic of","Net (credits less debits)","Goods and services","US dollar","Quarterly","1984-Q4","737000000","Millions","Millions","","Reported official data","","true","","Balance of Payments and International Investment Position Manual, Sixth Edition (BPM6)","Public (Unrestricted)","","Public or Unrestricted",""
"Korea, Republic of","Net (credits less debits)","Goods and services","US dollar","Quarterly","1985-Q1","-253300000","Millions","Millions","","Reported official data","","true","","Balance of Payments and International Investment Position Manual, Sixth Edition (BPM6)","Public (Unrestricted)","","Public or Unrestricted",""
"Korea, Republic of","Net (credits less debits)","Goods and services","US dollar","Quarterly","1985-Q2","-60100000","Millions","Millions","","Reported official data","","true","","Balance of Payments and International Investment Position Manual, Sixth Edition (BPM6)","Public (Unrestricted)","","Public or Unrestricted",""
"Korea, Republic of","Net (credits less debits)","Goods and services","US dollar","Quarterly","1985-Q3","314100000","Millions","Millions","","Reported official data","","true","","Balance of Payments and International Investment Position Manual, Sixth Edition (BPM6)","Public (Unrestricted)","","Public or Unrestricted",""
"Korea, Republic of","Net (credits less debits)","Goods and services","US dollar","Quarterly","1985-Q4","75500000","Millions","Millions","","Reported official data","","true","","Balance of Payments and International Investment Position Manual, Sixth Edition (BPM6)","Public (Unrestricted)","","Public or Unrestricted",""
"Korea, Republic of","Net (credits less debits)","Goods and services","US dollar","Quarterly","1986-Q1","-193300000","Millions","Millions","","Reported official data","","true","","Balance of Payments and International Investment Position Manual, Sixth Edition (BPM6)","Public (Unrestricted)","","Public or Unrestricted",""
"Korea, Republic of","Net (credits less debits)","Goods and services","US dollar","Quarterly","1986-Q2","1067400000","Millions","Millions","","Reported official data","","true","","Balance of Payments and International Investment Position Manual, Sixth Edition (BPM6)","Public (Unrestricted)","","Public or Unrestricted",""
"Korea, Republic of","Net (credits less debits)","Goods and services","US dollar","Quarterly","1986-Q3","1704000000","Millions","Millions","","Reported official data","","true","","Balance of Payments and International Investment Position Manual, Sixth Edition (BPM6)","Public (Unrestricted)","","Public or Unrestricted",""
"Korea, Republic of","Net (credits less debits)","Goods and services","US dollar","Quarterly","1986-Q4","1859800000","Millions","Millions","","Reported official data","","true","","Balance of Payments and International Investment Position Manual, Sixth Edition (BPM6)","Public (Unrestricted)","","Public or Unrestricted",""
"Korea, Republic of","Net (credits less debits)","Goods and services","US dollar","Quarterly","1987-Q1","2017600000","Millions","Millions","","Reported official data","","true","","Balance of Payments and International Investment Position Manual, Sixth Edition (BPM6)","Public (Unrestricted)","","Public or Unrestricted",""
"Korea, Republic of","Net (credits less debits)","Goods and services","US dollar","Quarterly","1987-Q2","2570800000","Millions","Millions","","Reported official data","","true","","Balance of Payments and International Investment Position Manual, Sixth Edition (BPM6)","Public (Unrestricted)","","Public or Unrestricted",""
"Korea, Republic of","Net (credits less debits)","Goods and services","US dollar","Quarterly","1987-Q3","2376700000","Millions","Millions","","Reported official data","","true","","Balance of Payments and International Investment Position Manual, Sixth Edition (BPM6)","Public (Unrestricted)","","Public or Unrestricted",""
"Korea, Republic of","Net (credits less debits)","Goods and services","US dollar","Quarterly","1987-Q4","2780200000","Millions","Millions","","Reported official data","","true","","Balance of Payments and International Investment Position Manual, Sixth Edition (BPM6)","Public (Unrestricted)","","Public or Unrestricted",""
"Korea, Republic of","Net (credits less debits)","Goods and services","US dollar","Quarterly","1988-Q1","2572900000","Millions","Millions","","Reported official data","","true","","Balance of Payments and International Investment Position Manual, Sixth Edition (BPM6)","Public (Unrestricted)","","Public or Unrestricted",""
"Korea, Republic of","Net (credits less debits)","Goods and services","US dollar","Quarterly","1988-Q2","2818400000","Millions","Millions","","Reported official data","","true","","Balance of Payments and International Investment Position Manual, Sixth Edition (BPM6)","Public (Unrestricted)","","Public or Unrestricted",""
"Korea, Republic of","Net (credits less debits)","Goods and services","US dollar","Quarterly","1988-Q3","3090400000","Millions","Millions","","Reported official data","","true","","Balance of Payments and International Investment Position Manual, Sixth Edition (BPM6)","Public (Unrestricted)","","Public or Unrestricted",""
"Korea, Republic of","Net (credits less debits)","Goods and services","US dollar","Quarterly","1988-Q4","4093600000","Millions","Millions","","Reported official data","","true","","Balance of Payments and International Investment Position Manual, Sixth Edition (BPM6)","Public (Unrestricted)","","Public or Unrestricted",""
"Korea, Republic of","Net (credits less debits)","Goods and services","US dollar","Quarterly","1989-Q1","1231700000","Millions","Millions","","Reported official data","","true","","Balance of Payments and International Investment Position Manual, Sixth Edition (BPM6)","Public (Unrestricted)","","Public or Unrestricted",""
"Korea, Republic of","Net (credits less debits)","Goods and services","US dollar","Quarterly","1989-Q2","1067600000","Millions","Millions","","Reported official data","","true","","Balance of Payments and International Investment Position Manual, Sixth Edition (BPM6)","Public (Unrestricted)","","Public or Unrestricted",""
"Korea, Republic of","Net (credits less debits)","Goods and services","US dollar","Quarterly","1989-Q3","745100000","Millions","Millions","","Reported official data","","true","","Balance of Payments and International Investment Position Manual, Sixth Edition (BPM6)","Public (Unrestricted)","","Public or Unrestricted",""
"Korea, Republic of","Net (credits less debits)","Goods and services","US dollar","Quarterly","1989-Q4","679700000","Millions","Millions","","Reported official data","","true","","Balance of Payments and International Investment Position Manual, Sixth Edition (BPM6)","Public (Unrestricted)","","Public or Unrestricted",""
"Korea, Republic of","Net (credits less debits)","Goods and services","US dollar","Quarterly","1990-Q1","-1182500000","Millions","Millions","","Reported official data","","true","","Balance of Payments and International Investment Position Manual, Sixth Edition (BPM6)","Public (Unrestricted)","","Public or Unrestricted",""
"Korea, Republic of","Net (credits less debits)","Goods and services","US dollar","Quarterly","1990-Q2","-558200000","Millions","Millions","","Reported official data","","true","","Balance of Payments and International Investment Position Manual, Sixth Edition (BPM6)","Public (Unrestricted)","","Public or Unrestricted",""
"Korea, Republic of","Net (credits less debits)","Goods and services","US dollar","Quarterly","1990-Q3","538400000","Millions","Millions","","Reported official data","","true","","Balance of Payments and International Investment Position Manual, Sixth Edition (BPM6)","Public (Unrestricted)","","Public or Unrestricted",""
"Korea, Republic of","Net (credits less debits)","Goods and services","US dollar","Quarterly","1990-Q4","-1986100000","Millions","Millions","","Reported official data","","true","","Balance of Payments and International Investment Position Manual, Sixth Edition (BPM6)","Public (Unrestricted)","","Public or Unrestricted",""
"Korea, Republic of","Net (credits less debits)","Goods and services","US dollar","Quarterly","1991-Q1","-3937100000","Millions","Millions","","Reported official data","","true","","Balance of Payments and International Investment Position Manual, Sixth Edition (BPM6)","Public (Unrestricted)","","Public or Unrestricted",""
"Korea, Republic of","Net (credits less debits)","Goods and services","US dollar","Quarterly","1991-Q2","-1726400000","Millions","Millions","","Reported official data","","true","","Balance of Payments and International Investment Position Manual, Sixth Edition (BPM6)","Public (Unrestricted)","","Public or Unrestricted",""
"Korea, Republic of","Net (credits less debits)","Goods and services","US dollar","Quarterly","1991-Q3","-2141500000","Millions","Millions","","Reported official data","","true","","Balance of Payments and International Investment Position Manual, Sixth Edition (BPM6)","Public (Unrestricted)","","Public or Unrestricted",""
"Korea, Republic of","Net (credits less debits)","Goods and services","US dollar","Quarterly","1991-Q4","-361700000","Millions","Millions","","Reported official data","","true","","Balance of Payments and International Investment Position Manual, Sixth Edition (BPM6)","Public (Unrestricted)","","Public or Unrestricted",""
"Korea, Republic of","Net (credits less debits)","Goods and services","US dollar","Quarterly","1992-Q1","-2644700000","Millions","Millions","","Reported official data","","true","","Balance of Payments and International Investment Position Manual, Sixth Edition (BPM6)","Public (Unrestricted)","","Public or Unrestricted",""
"Korea, Republic of","Net (credits less debits)","Goods and services","US dollar","Quarterly","1992-Q2","-610000000","Millions","Millions","","Reported official data","","true","","Balance of Payments and International Investment Position Manual, Sixth Edition (BPM6)","Public (Unrestricted)","","Public or Unrestricted",""
"Korea, Republic of","Net (credits less debits)","Goods and services","US dollar","Quarterly","1992-Q3","-142500000","Millions","Millions","","Reported official data","","true","","Balance of Payments and International Investment Position Manual, Sixth Edition (BPM6)","Public (Unrestricted)","","Public or Unrestricted",""
"Korea, Republic of","Net (credits less debits)","Goods and services","US dollar","Quarterly","1992-Q4","124800000","Millions","Millions","","Reported official data","","true","","Balance of Payments and International Investment Position Manual, Sixth Edition (BPM6)","Public (Unrestricted)","","Public or Unrestricted",""
"Korea, Republic of","Net (credits less debits)","Goods and services","US dollar","Quarterly","1993-Q1","-1389500000","Millions","Millions","","Reported official data","","true","","Balance of Payments and International Investment Position Manual, Sixth Edition (BPM6)","Public (Unrestricted)","","Public or Unrestricted",""
"Korea, Republic of","Net (credits less debits)","Goods and services","US dollar","Quarterly","1993-Q2","331200000","Millions","Millions","","Reported official data","","true","","Balance of Payments and International Investment Position Manual, Sixth Edition (BPM6)","Public (Unrestricted)","","Public or Unrestricted",""
"Korea, Republic of","Net (credits less debits)","Goods and services","US dollar","Quarterly","1993-Q3","845700000","Millions","Millions","","Reported official data","","true","","Balance of Payments and International Investment Position Manual, Sixth Edition (BPM6)","Public (Unrestricted)","","Public or Unrestricted",""
"Korea, Republic of","Net (credits less debits)","Goods and services","US dollar","Quarterly","1993-Q4","1876300000","Millions","Millions","","Reported official data","","true","","Balance of Payments and International Investment Position Manual, Sixth Edition (BPM6)","Public (Unrestricted)","","Public or Unrestricted",""
"Korea, Republic of","Net (credits less debits)","Goods and services","US dollar","Quarterly","1994-Q1","-1764600000","Millions","Millions","","Reported official data","","true","","Balance of Payments and International Investment Position Manual, Sixth Edition (BPM6)","Public (Unrestricted)","","Public or Unrestricted",""
"Korea, Republic of","Net (credits less debits)","Goods and services","US dollar","Quarterly","1994-Q2","-725300000","Millions","Millions","","Reported official data","","true","","Balance of Payments and International Investment Position Manual, Sixth Edition (BPM6)","Public (Unrestricted)","","Public or Unrestricted",""
"Korea, Republic of","Net (credits less debits)","Goods and services","US dollar","Quarterly","1994-Q3","-1307000000","Millions","Millions","","Reported official data","","true","","Balance of Payments and International Investment Position Manual, Sixth Edition (BPM6)","Public (Unrestricted)","","Public or Unrestricted",""
"Korea, Republic of","Net (credits less debits)","Goods and services","US dollar","Quarterly","1994-Q4","-636200000","Millions","Millions","","Reported official data","","true","","Balance of Payments and International Investment Position Manual, Sixth Edition (BPM6)","Public (Unrestricted)","","Public or Unrestricted",""
"Korea, Republic of","Net (credits less debits)","Goods and services","US dollar","Quarterly","1995-Q1","-4166400000","Millions","Millions","","Reported official data","","true","","Balance of Payments and International Investment Position Manual, Sixth Edition (BPM6)","Public (Unrestricted)","","Public or Unrestricted",""
"Korea, Republic of","Net (credits less debits)","Goods and services","US dollar","Quarterly","1995-Q2","-1964900000","Millions","Millions","","Reported official data","","true","","Balance of Payments and International Investment Position Manual, Sixth Edition (BPM6)","Public (Unrestricted)","","Public or Unrestricted",""
"Korea, Republic of","Net (credits less debits)","Goods and services","US dollar","Quarterly","1995-Q3","-2204100000","Millions","Millions","","Reported official data","","true","","Balance of Payments and International Investment Position Manual, Sixth Edition (BPM6)","Public (Unrestricted)","","Public or Unrestricted",""
"Korea, Republic of","Net (credits less debits)","Goods and services","US dollar","Quarterly","1995-Q4","-63300000","Millions","Millions","","Reported official data","","true","","Balance of Payments and International Investment Position Manual, Sixth Edition (BPM6)","Public (Unrestricted)","","Public or Unrestricted",""
"Korea, Republic of","Net (credits less debits)","Goods and services","US dollar","Quarterly","1996-Q1","-5464000000","Millions","Millions","","Reported official data","","true","","Balance of Payments and International Investment Position Manual, Sixth Edition (BPM6)","Public (Unrestricted)","","Public or Unrestricted",""
"Korea, Republic of","Net (credits less debits)","Goods and services","US dollar","Quarterly","1996-Q2","-4313600000","Millions","Millions","","Reported official data","","true","","Balance of Payments and International Investment Position Manual, Sixth Edition (BPM6)","Public (Unrestricted)","","Public or Unrestricted",""
"Korea, Republic of","Net (credits less debits)","Goods and services","US dollar","Quarterly","1996-Q3","-6462500000","Millions","Millions","","Reported official data","","true","","Balance of Payments and International Investment Position Manual, Sixth Edition (BPM6)","Public (Unrestricted)","","Public or Unrestricted",""
"Korea, Republic of","Net (credits less debits)","Goods and services","US dollar","Quarterly","1996-Q4","-5738200000","Millions","Millions","","Reported official data","","true","","Balance of Payments and International Investment Position Manual, Sixth Edition (BPM6)","Public (Unrestricted)","","Public or Unrestricted",""
"Korea, Republic of","Net (credits less debits)","Goods and services","US dollar","Quarterly","1997-Q1","-6892900000","Millions","Millions","","Reported official data","","true","","Balance of Payments and International Investment Position Manual, Sixth Edition (BPM6)","Public (Unrestricted)","","Public or Unrestricted",""
"Korea, Republic of","Net (credits less debits)","Goods and services","US dollar","Quarterly","1997-Q2","-282400000","Millions","Millions","","Reported official data","","true","","Balance of Payments and International Investment Position Manual, Sixth Edition (BPM6)","Public (Unrestricted)","","Public or Unrestricted",""
"Korea, Republic of","Net (credits less debits)","Goods and services","US dollar","Quarterly","1997-Q3","-1894300000","Millions","Millions","","Reported official data","","true","","Balance of Payments and International Investment Position Manual, Sixth Edition (BPM6)","Public (Unrestricted)","","Public or Unrestricted",""
"Korea, Republic of","Net (credits less debits)","Goods and services","US dollar","Quarterly","1997-Q4","1080400000","Millions","Millions","","Reported official data","","true","","Balance of Payments and International Investment Position Manual, Sixth Edition (BPM6)","Public (Unrestricted)","","Public or Unrestricted",""
"Korea, Republic of","Net (credits less debits)","Goods and services","US dollar","Quarterly","1998-Q1","10940900000","Millions","Millions","","Reported official data","","true","","Balance of Payments and International Investment Position Manual, Sixth Edition (BPM6)","Public (Unrestricted)","","Public or Unrestricted",""
"Korea, Republic of","Net (credits less debits)","Goods and services","US dollar","Quarterly","1998-Q2","11073100000","Millions","Millions","","Reported official data","","true","","Balance of Payments and International Investment Position Manual, Sixth Edition (BPM6)","Public (Unrestricted)","","Public or Unrestricted",""
"Korea, Republic of","Net (credits less debits)","Goods and services","US dollar","Quarterly","1998-Q3","10548600000","Millions","Millions","","Reported official data","","true","","Balance of Payments and International Investment Position Manual, Sixth Edition (BPM6)","Public (Unrestricted)","","Public or Unrestricted",""
"Korea, Republic of","Net (credits less debits)","Goods and services","US dollar","Quarterly","1998-Q4","9932500000","Millions","Millions","","Reported official data","","true","","Balance of Payments and International Investment Position Manual, Sixth Edition (BPM6)","Public (Unrestricted)","","Public or Unrestricted",""
"Korea, Republic of","Net (credits less debits)","Goods and services","US dollar","Quarterly","1999-Q1","6402400000","Millions","Millions","","Reported official data","","true","","Balance of Payments and International Investment Position Manual, Sixth Edition (BPM6)","Public (Unrestricted)","","Public or Unrestricted",""
"Korea, Republic of","Net (credits less debits)","Goods and services","US dollar","Quarterly","1999-Q2","7773100000","Millions","Millions","","Reported official data","","true","","Balance of Payments and International Investment Position Manual, Sixth Edition (BPM6)","Public (Unrestricted)","","Public or Unrestricted",""
"Korea, Republic of","Net (credits less debits)","Goods and services","US dollar","Quarterly","1999-Q3","5486400000","Millions","Millions","","Reported official data","","true","","Balance of Payments and International Investment Position Manual, Sixth Edition (BPM6)","Public (Unrestricted)","","Public or Unrestricted",""
"Korea, Republic of","Net (credits less debits)","Goods and services","US dollar","Quarterly","1999-Q4","6826600000","Millions","Millions","","Reported official data","","true","","Balance of Payments and International Investment Position Manual, Sixth Edition (BPM6)","Public (Unrestricted)","","Public or Unrestricted",""
"Korea, Republic of","Net (credits less debits)","Goods and services","US dollar","Quarterly","2000-Q1","555600000","Millions","Millions","","Reported official data","","true","","Balance of Payments and International Investment Position Manual, Sixth Edition (BPM6)","Public (Unrestricted)","","Public or Unrestricted",""
"Korea, Republic of","Net (credits less debits)","Goods and services","US dollar","Quarterly","2000-Q2","4661600000","Millions","Millions","","Reported official data","","true","","Balance of Payments and International Investment Position Manual, Sixth Edition (BPM6)","Public (Unrestricted)","","Public or Unrestricted",""
"Korea, Republic of","Net (credits less debits)","Goods and services","US dollar","Quarterly","2000-Q3","4962900000","Millions","Millions","","Reported official data","","true","","Balance of Payments and International Investment Position Manual, Sixth Edition (BPM6)","Public (Unrestricted)","","Public or Unrestricted",""
"Korea, Republic of","Net (credits less debits)","Goods and services","US dollar","Quarterly","2000-Q4","4366700000","Millions","Millions","","Reported official data","","true","","Balance of Payments and International Investment Position Manual, Sixth Edition (BPM6)","Public (Unrestricted)","","Public or Unrestricted",""
"Korea, Republic of","Net (credits less debits)","Goods and services","US dollar","Quarterly","2001-Q1","1322800000","Millions","Millions","","Reported official data","","true","","Balance of Payments and International Investment Position Manual, Sixth Edition (BPM6)","Public (Unrestricted)","","Public or Unrestricted",""
"Korea, Republic of","Net (credits less debits)","Goods and services","US dollar","Quarterly","2001-Q2","3787000000","Millions","Millions","","Reported official data","","true","","Balance of Payments and International Investment Position Manual, Sixth Edition (BPM6)","Public (Unrestricted)","","Public or Unrestricted",""
"Korea, Republic of","Net (credits less debits)","Goods and services","US dollar","Quarterly","2001-Q3","1098200000","Millions","Millions","","Reported official data","","true","","Balance of Payments and International Investment Position Manual, Sixth Edition (BPM6)","Public (Unrestricted)","","Public or Unrestricted",""
"Korea, Republic of","Net (credits less debits)","Goods and services","US dollar","Quarterly","2001-Q4","932200000","Millions","Millions","","Reported official data","","true","","Balance of Payments and International Investment Position Manual, Sixth Edition (BPM6)","Public (Unrestricted)","","Public or Unrestricted",""
"Korea, Republic of","Net (credits less debits)","Goods and services","US dollar","Quarterly","2002-Q1","1150200000","Millions","Millions","","Reported official data","","true","","Balance of Payments and International Investment Position Manual, Sixth Edition (BPM6)","Public (Unrestricted)","","Public or Unrestricted",""
"Korea, Republic of","Net (credits less debits)","Goods and services","US dollar","Quarterly","2002-Q2","3168600000","Millions","Millions","","Reported official data","","true","","Balance of Payments and International Investment Position Manual, Sixth Edition (BPM6)","Public (Unrestricted)","","Public or Unrestricted",""
"Korea, Republic of","Net (credits less debits)","Goods and services","US dollar","Quarterly","2002-Q3","1242000000","Millions","Millions","","Reported official data","","true","","Balance of Payments and International Investment Position Manual, Sixth Edition (BPM6)","Public (Unrestricted)","","Public or Unrestricted",""
"Korea, Republic of","Net (credits less debits)","Goods and services","US dollar","Quarterly","2002-Q4","3026500000","Millions","Millions","","Reported official data","","true","","Balance of Payments and International Investment Position Manual, Sixth Edition (BPM6)","Public (Unrestricted)","","Public or Unrestricted",""
"Korea, Republic of","Net (credits less debits)","Goods and services","US dollar","Quarterly","2003-Q1","-1761700000","Millions","Millions","","Reported official data","","true","","Balance of Payments and International Investment Position Manual, Sixth Edition (BPM6)","Public (Unrestricted)","","Public or Unrestricted",""
"Korea, Republic of","Net (credits less debits)","Goods and services","US dollar","Quarterly","2003-Q2","3289100000","Millions","Millions","","Reported official data","","true","","Balance of Payments and International Investment Position Manual, Sixth Edition (BPM6)","Public (Unrestricted)","","Public or Unrestricted",""
"Korea, Republic of","Net (credits less debits)","Goods and services","US dollar","Quarterly","2003-Q3","5953200000","Millions","Millions","","Reported official data","","true","","Balance of Payments and International Investment Position Manual, Sixth Edition (BPM6)","Public (Unrestricted)","","Public or Unrestricted",""
"Korea, Republic of","Net (credits less debits)","Goods and services","US dollar","Quarterly","2003-Q4","9812300000","Millions","Millions","","Reported official data","","true","","Balance of Payments and International Investment Position Manual, Sixth Edition (BPM6)","Public (Unrestricted)","","Public or Unrestricted",""
"Korea, Republic of","Net (credits less debits)","Goods and services","US dollar","Quarterly","2004-Q1","6373700000","Millions","Millions","","Reported official data","","true","","Balance of Payments and International Investment Position Manual, Sixth Edition (BPM6)","Public (Unrestricted)","","Public or Unrestricted",""
"Korea, Republic of","Net (credits less debits)","Goods and services","US dollar","Quarterly","2004-Q2","10024300000","Millions","Millions","","Reported official data","","true","","Balance of Payments and International Investment Position Manual, Sixth Edition (BPM6)","Public (Unrestricted)","","Public or Unrestricted",""
"Korea, Republic of","Net (credits less debits)","Goods and services","US dollar","Quarterly","2004-Q3","8423700000","Millions","Millions","","Reported official data","","true","","Balance of Payments and International Investment Position Manual, Sixth Edition (BPM6)","Public (Unrestricted)","","Public or Unrestricted",""
"Korea, Republic of","Net (credits less debits)","Goods and services","US dollar","Quarterly","2004-Q4","9300900000","Millions","Millions","","Reported official data","","true","","Balance of Payments and International Investment Position Manual, Sixth Edition (BPM6)","Public (Unrestricted)","","Public or Unrestricted",""
"Korea, Republic of","Net (credits less debits)","Goods and services","US dollar","Quarterly","2005-Q1","5046800000","Millions","Millions","","Reported official data","","true","","Balance of Payments and International Investment Position Manual, Sixth Edition (BPM6)","Public (Unrestricted)","","Public or Unrestricted",""
"Korea, Republic of","Net (credits less debits)","Goods and services","US dollar","Quarterly","2005-Q2","4823800000","Millions","Millions","","Reported official data","","true","","Balance of Payments and International Investment Position Manual, Sixth Edition (BPM6)","Public (Unrestricted)","","Public or Unrestricted",""
"Korea, Republic of","Net (credits less debits)","Goods and services","US dollar","Quarterly","2005-Q3","5182300000","Millions","Millions","","Reported official data","","true","","Balance of Payments and International Investment Position Manual, Sixth Edition (BPM6)","Public (Unrestricted)","","Public or Unrestricted",""
"Korea, Republic of","Net (credits less debits)","Goods and services","US dollar","Quarterly","2005-Q4","8455400000","Millions","Millions","","Reported official data","","true","","Balance of Payments and International Investment Position Manual, Sixth Edition (BPM6)","Public (Unrestricted)","","Public or Unrestricted",""
"Korea, Republic of","Net (credits less debits)","Goods and services","US dollar","Quarterly","2006-Q1","-1677000000","Millions","Millions","","Reported official data","","true","","Balance of Payments and International Investment Position Manual, Sixth Edition (BPM6)","Public (Unrestricted)","","Public or Unrestricted",""
"Korea, Republic of","Net (credits less debits)","Goods and services","US dollar","Quarterly","2006-Q2","3395300000","Millions","Millions","","Reported official data","","true","","Balance of Payments and International Investment Position Manual, Sixth Edition (BPM6)","Public (Unrestricted)","","Public or Unrestricted",""
"Korea, Republic of","Net (credits less debits)","Goods and services","US dollar","Quarterly","2006-Q3","1609500000","Millions","Millions","","Reported official data","","true","","Balance of Payments and International Investment Position Manual, Sixth Edition (BPM6)","Public (Unrestricted)","","Public or Unrestricted",""
"Korea, Republic of","Net (credits less debits)","Goods and services","US dollar","Quarterly","2006-Q4","8146500000","Millions","Millions","","Reported official data","","true","","Balance of Payments and International Investment Position Manual, Sixth Edition (BPM6)","Public (Unrestricted)","","Public or Unrestricted",""
"Korea, Republic of","Net (credits less debits)","Goods and services","US dollar","Quarterly","2007-Q1","1694100000","Millions","Millions","","Reported official data","","true","","Balance of Payments and International Investment Position Manual, Sixth Edition (BPM6)","Public (Unrestricted)","","Public or Unrestricted",""
"Korea, Republic of","Net (credits less debits)","Goods and services","US dollar","Quarterly","2007-Q2","2078200000","Millions","Millions","","Reported official data","","true","","Balance of Payments and International Investment Position Manual, Sixth Edition (BPM6)","Public (Unrestricted)","","Public or Unrestricted",""
"Korea, Republic of","Net (credits less debits)","Goods and services","US dollar","Quarterly","2007-Q3","8677900000","Millions","Millions","","Reported official data","","true","","Balance of Payments and International Investment Position Manual, Sixth Edition (BPM6)","Public (Unrestricted)","","Public or Unrestricted",""
"Korea, Republic of","Net (credits less debits)","Goods and services","US dollar","Quarterly","2007-Q4","6946400000","Millions","Millions","","Reported official data","","true","","Balance of Payments and International Investment Position Manual, Sixth Edition (BPM6)","Public (Unrestricted)","","Public or Unrestricted",""
"Korea, Republic of","Net (credits less debits)","Goods and services","US dollar","Quarterly","2008-Q1","-1280500000","Millions","Millions","","Reported official data","","true","","Balance of Payments and International Investment Position Manual, Sixth Edition (BPM6)","Public (Unrestricted)","","Public or Unrestricted",""
"Korea, Republic of","Net (credits less debits)","Goods and services","US dollar","Quarterly","2008-Q2","-923100000","Millions","Millions","","Reported official data","","true","","Balance of Payments and International Investment Position Manual, Sixth Edition (BPM6)","Public (Unrestricted)","","Public or Unrestricted",""
"Korea, Republic of","Net (credits less debits)","Goods and services","US dollar","Quarterly","2008-Q3","-3278500000","Millions","Millions","","Reported official data","","true","","Balance of Payments and International Investment Position Manual, Sixth Edition (BPM6)","Public (Unrestricted)","","Public or Unrestricted",""
"Korea, Republic of","Net (credits less debits)","Goods and services","US dollar","Quarterly","2008-Q4","10917500000","Millions","Millions","","Reported official data","","true","","Balance of Payments and International Investment Position Manual, Sixth Edition (BPM6)","Public (Unrestricted)","","Public or Unrestricted",""
"Korea, Republic of","Net (credits less debits)","Goods and services","US dollar","Quarterly","2009-Q1","11468600000","Millions","Millions","","Reported official data","","true","","Balance of Payments and International Investment Position Manual, Sixth Edition (BPM6)","Public (Unrestricted)","","Public or Unrestricted",""
"Korea, Republic of","Net (credits less debits)","Goods and services","US dollar","Quarterly","2009-Q2","12217600000","Millions","Millions","","Reported official data","","true","","Balance of Payments and International Investment Position Manual, Sixth Edition (BPM6)","Public (Unrestricted)","","Public or Unrestricted",""
"Korea, Republic of","Net (credits less debits)","Goods and services","US dollar","Quarterly","2009-Q3","6116000000","Millions","Millions","","Reported official data","","true","","Balance of Payments and International Investment Position Manual, Sixth Edition (BPM6)","Public (Unrestricted)","","Public or Unrestricted",""
"Korea, Republic of","Net (credits less debits)","Goods and services","US dollar","Quarterly","2009-Q4","8915700000","Millions","Millions","","Reported official data","","true","","Balance of Payments and International Investment Position Manual, Sixth Edition (BPM6)","Public (Unrestricted)","","Public or Unrestricted",""
"Korea, Republic of","Net (credits less debits)","Goods and services","US dollar","Quarterly","2010-Q1","-166000000","Millions","Millions","","Reported official data","","true","","Balance of Payments and International Investment Position Manual, Sixth Edition (BPM6)","Public (Unrestricted)","","Public or Unrestricted",""
"Korea, Republic of","Net (credits less debits)","Goods and services","US dollar","Quarterly","2010-Q2","13222800000","Millions","Millions","","Reported official data","","true","","Balance of Payments and International Investment Position Manual, Sixth Edition (BPM6)","Public (Unrestricted)","","Public or Unrestricted",""
"Korea, Republic of","Net (credits less debits)","Goods and services","US dollar","Quarterly","2010-Q3","11256900000","Millions","Millions","","Reported official data","","true","","Balance of Payments and International Investment Position Manual, Sixth Edition (BPM6)","Public (Unrestricted)","","Public or Unrestricted",""
"Korea, Republic of","Net (credits less debits)","Goods and services","US dollar","Quarterly","2010-Q4","9645800000","Millions","Millions","","Reported official data","","true","","Balance of Payments and International Investment Position Manual, Sixth Edition (BPM6)","Public (Unrestricted)","","Public or Unrestricted",""
"Korea, Republic of","Net (credits less debits)","Goods and services","US dollar","Quarterly","2011-Q1","-2503100000","Millions","Millions","","Reported official data","","true","","Balance of Payments and International Investment Position Manual, Sixth Edition (BPM6)","Public (Unrestricted)","","Public or Unrestricted",""
"Korea, Republic of","Net (credits less debits)","Goods and services","US dollar","Quarterly","2011-Q2","-1183000000","Millions","Millions","","Reported official data","","true","","Balance of Payments and International Investment Position Manual, Sixth Edition (BPM6)","Public (Unrestricted)","","Public or Unrestricted",""
"Korea, Republic of","Net (credits less debits)","Goods and services","US dollar","Quarterly","2011-Q3","9000400000","Millions","Millions","","Reported official data","","true","","Balance of Payments and International Investment Position Manual, Sixth Edition (BPM6)","Public (Unrestricted)","","Public or Unrestricted",""
"Korea, Republic of","Net (credits less debits)","Goods and services","US dollar","Quarterly","2011-Q4","10643500000","Millions","Millions","","Reported official data","","true","","Balance of Payments and International Investment Position Manual, Sixth Edition (BPM6)","Public (Unrestricted)","","Public or Unrestricted",""
"Korea, Republic of","Net (credits less debits)","Goods and services","US dollar","Quarterly","2012-Q1","-1471200000","Millions","Millions","","Reported official data","","true","","Balance of Payments and International Investment Position Manual, Sixth Edition (BPM6)","Public (Unrestricted)","","Public or Unrestricted",""
"Korea, Republic of","Net (credits less debits)","Goods and services","US dollar","Quarterly","2012-Q2","8411600000","Millions","Millions","","Reported official data","","true","","Balance of Payments and International Investment Position Manual, Sixth Edition (BPM6)","Public (Unrestricted)","","Public or Unrestricted",""
"Korea, Republic of","Net (credits less debits)","Goods and services","US dollar","Quarterly","2012-Q3","15105300000","Millions","Millions","","Reported official data","","true","","Balance of Payments and International Investment Position Manual, Sixth Edition (BPM6)","Public (Unrestricted)","","Public or Unrestricted",""
"Korea, Republic of","Net (credits less debits)","Goods and services","US dollar","Quarterly","2012-Q4","21486100000","Millions","Millions","","Reported official data","","true","","Balance of Payments and International Investment Position Manual, Sixth Edition (BPM6)","Public (Unrestricted)","","Public or Unrestricted",""
"Korea, Republic of","Net (credits less debits)","Goods and services","US dollar","Quarterly","2013-Q1","11113100000","Millions","Millions","","Reported official data","","true","","Balance of Payments and International Investment Position Manual, Sixth Edition (BPM6)","Public (Unrestricted)","","Public or Unrestricted",""
"Korea, Republic of","Net (credits less debits)","Goods and services","US dollar","Quarterly","2013-Q2","20681100000","Millions","Millions","","Reported official data","","true","","Balance of Payments and International Investment Position Manual, Sixth Edition (BPM6)","Public (Unrestricted)","","Public or Unrestricted",""
"Korea, Republic of","Net (credits less debits)","Goods and services","US dollar","Quarterly","2013-Q3","20574300000","Millions","Millions","","Reported official data","","true","","Balance of Payments and International Investment Position Manual, Sixth Edition (BPM6)","Public (Unrestricted)","","Public or Unrestricted",""
"Korea, Republic of","Net (credits less debits)","Goods and services","US dollar","Quarterly","2013-Q4","21561700000","Millions","Millions","","Reported official data","","true","","Balance of Payments and International Investment Position Manual, Sixth Edition (BPM6)","Public (Unrestricted)","","Public or Unrestricted",""
"Korea, Republic of","Net (credits less debits)","Goods and services","US dollar","Quarterly","2014-Q1","14203200000","Millions","Millions","","Reported official data","","true","","Balance of Payments and International Investment Position Manual, Sixth Edition (BPM6)","Public (Unrestricted)","","Public or Unrestricted",""
"Korea, Republic of","Net (credits less debits)","Goods and services","US dollar","Quarterly","2014-Q2","24663600000","Millions","Millions","","Reported official data","","true","","Balance of Payments and International Investment Position Manual, Sixth Edition (BPM6)","Public (Unrestricted)","","Public or Unrestricted",""
"Korea, Republic of","Net (credits less debits)","Goods and services","US dollar","Quarterly","2014-Q3","19847300000","Millions","Millions","","Reported official data","","true","","Balance of Payments and International Investment Position Manual, Sixth Edition (BPM6)","Public (Unrestricted)","","Public or Unrestricted",""
"Korea, Republic of","Net (credits less debits)","Goods and services","US dollar","Quarterly","2014-Q4","24140800000","Millions","Millions","","Reported official data","","true","","Balance of Payments and International Investment Position Manual, Sixth Edition (BPM6)","Public (Unrestricted)","","Public or Unrestricted",""
"Korea, Republic of","Net (credits less debits)","Goods and services","US dollar","Quarterly","2015-Q1","20027900000","Millions","Millions","","Reported official data","","true","","Balance of Payments and International Investment Position Manual, Sixth Edition (BPM6)","Public (Unrestricted)","","Public or Unrestricted",""
"Korea, Republic of","Net (credits less debits)","Goods and services","US dollar","Quarterly","2015-Q2","30148600000","Millions","Millions","","Reported official data","","true","","Balance of Payments and International Investment Position Manual, Sixth Edition (BPM6)","Public (Unrestricted)","","Public or Unrestricted",""
"Korea, Republic of","Net (credits less debits)","Goods and services","US dollar","Quarterly","2015-Q3","27171100000","Millions","Millions","","Reported official data","","true","","Balance of Payments and International Investment Position Manual, Sixth Edition (BPM6)","Public (Unrestricted)","","Public or Unrestricted",""
"Korea, Republic of","Net (credits less debits)","Goods and services","US dollar","Quarterly","2015-Q4","28301600000","Millions","Millions","","Reported official data","","true","","Balance of Payments and International Investment Position Manual, Sixth Edition (BPM6)","Public (Unrestricted)","","Public or Unrestricted",""
"Korea, Republic of","Net (credits less debits)","Goods and services","US dollar","Quarterly","2016-Q1","26003600000","Millions","Millions","","Reported official data","","true","","Balance of Payments and International Investment Position Manual, Sixth Edition (BPM6)","Public (Unrestricted)","","Public or Unrestricted",""
"Korea, Republic of","Net (credits less debits)","Goods and services","US dollar","Quarterly","2016-Q2","28463900000","Millions","Millions","","Reported official data","","true","","Balance of Payments and International Investment Position Manual, Sixth Edition (BPM6)","Public (Unrestricted)","","Public or Unrestricted",""
"Korea, Republic of","Net (credits less debits)","Goods and services","US dollar","Quarterly","2016-Q3","21755200000","Millions","Millions","","Reported official data","","true","","Balance of Payments and International Investment Position Manual, Sixth Edition (BPM6)","Public (Unrestricted)","","Public or Unrestricted",""
"Korea, Republic of","Net (credits less debits)","Goods and services","US dollar","Quarterly","2016-Q4","22900600000","Millions","Millions","","Reported official data","","true","","Balance of Payments and International Investment Position Manual, Sixth Edition (BPM6)","Public (Unrestricted)","","Public or Unrestricted",""
"Korea, Republic of","Net (credits less debits)","Goods and services","US dollar","Quarterly","2017-Q1","15306000000","Millions","Millions","","Reported official data","","true","","Balance of Payments and International Investment Position Manual, Sixth Edition (BPM6)","Public (Unrestricted)","","Public or Unrestricted",""
"Korea, Republic of","Net (credits less debits)","Goods and services","US dollar","Quarterly","2017-Q2","19192700000","Millions","Millions","","Reported official data","","true","","Balance of Payments and International Investment Position Manual, Sixth Edition (BPM6)","Public (Unrestricted)","","Public or Unrestricted",""
"Korea, Republic of","Net (credits less debits)","Goods and services","US dollar","Quarterly","2017-Q3","24474600000","Millions","Millions","","Reported official data","","true","","Balance of Payments and International Investment Position Manual, Sixth Edition (BPM6)","Public (Unrestricted)","","Public or Unrestricted",""
"Korea, Republic of","Net (credits less debits)","Goods and services","US dollar","Quarterly","2017-Q4","17885500000","Millions","Millions","","Reported official data","","true","","Balance of Payments and International Investment Position Manual, Sixth Edition (BPM6)","Public (Unrestricted)","","Public or Unrestricted",""
"Korea, Republic of","Net (credits less debits)","Goods and services","US dollar","Quarterly","2018-Q1","11655900000","Millions","Millions","","Reported official data","","true","","Balance of Payments and International Investment Position Manual, Sixth Edition (BPM6)","Public (Unrestricted)","","Public or Unrestricted",""
"Korea, Republic of","Net (credits less debits)","Goods and services","US dollar","Quarterly","2018-Q2","23234600000","Millions","Millions","","Reported official data","","true","","Balance of Payments and International Investment Position Manual, Sixth Edition (BPM6)","Public (Unrestricted)","","Public or Unrestricted",""
"Korea, Republic of","Net (credits less debits)","Goods and services","US dollar","Quarterly","2018-Q3","27273900000","Millions","Millions","","Reported official data","","true","","Balance of Payments and International Investment Position Manual, Sixth Edition (BPM6)","Public (Unrestricted)","","Public or Unrestricted",""
"Korea, Republic of","Net (credits less debits)","Goods and services","US dollar","Quarterly","2018-Q4","18553000000","Millions","Millions","","Reported official data","","true","","Balance of Payments and International Investment Position Manual, Sixth Edition (BPM6)","Public (Unrestricted)","","Public or Unrestricted",""
"Korea, Republic of","Net (credits less debits)","Goods and services","US dollar","Quarterly","2019-Q1","11507600000","Millions","Millions","","Reported official data","","true","","Balance of Payments and International Investment Position Manual, Sixth Edition (BPM6)","Public (Unrestricted)","","Public or Unrestricted",""
"Korea, Republic of","Net (credits less debits)","Goods and services","US dollar","Quarterly","2019-Q2","12191300000","Millions","Millions","","Reported official data","","true","","Balance of Payments and International Investment Position Manual, Sixth Edition (BPM6)","Public (Unrestricted)","","Public or Unrestricted",""
"Korea, Republic of","Net (credits less debits)","Goods and services","US dollar","Quarterly","2019-Q3","13971000000","Millions","Millions","","Reported official data","","true","","Balance of Payments and International Investment Position Manual, Sixth Edition (BPM6)","Public (Unrestricted)","","Public or Unrestricted",""
"Korea, Republic of","Net (credits less debits)","Goods and services","US dollar","Quarterly","2019-Q4","15296900000","Millions","Millions","","Reported official data","","true","","Balance of Payments and International Investment Position Manual, Sixth Edition (BPM6)","Public (Unrestricted)","","Public or Unrestricted",""
"Korea, Republic of","Net (credits less debits)","Goods and services","US dollar","Quarterly","2020-Q1","10185000000","Millions","Millions","","Reported official data","","true","","Balance of Payments and International Investment Position Manual, Sixth Edition (BPM6)","Public (Unrestricted)","","Public or Unrestricted",""
"Korea, Republic of","Net (credits less debits)","Goods and services","US dollar","Quarterly","2020-Q2","4909200000","Millions","Millions","","Reported official data","","true","","Balance of Payments and International Investment Position Manual, Sixth Edition (BPM6)","Public (Unrestricted)","","Public or Unrestricted",""
"Korea, Republic of","Net (credits less debits)","Goods and services","US dollar","Quarterly","2020-Q3","22034700000","Millions","Millions","","Reported official data","","true","","Balance of Payments and International Investment Position Manual, Sixth Edition (BPM6)","Public (Unrestricted)","","Public or Unrestricted",""
"Korea, Republic of","Net (credits less debits)","Goods and services","US dollar","Quarterly","2020-Q4","28805800000","Millions","Millions","","Reported official data","","true","","Balance of Payments and International Investment Position Manual, Sixth Edition (BPM6)","Public (Unrestricted)","","Public or Unrestricted",""
"Korea, Republic of","Net (credits less debits)","Goods and services","US dollar","Quarterly","2021-Q1","16928100000","Millions","Millions","","Reported official data","","true","","Balance of Payments and International Investment Position Manual, Sixth Edition (BPM6)","Public (Unrestricted)","","Public or Unrestricted",""
"Korea, Republic of","Net (credits less debits)","Goods and services","US dollar","Quarterly","2021-Q2","16913100000","Millions","Millions","","Reported official data","","true","","Balance of Payments and International Investment Position Manual, Sixth Edition (BPM6)","Public (Unrestricted)","","Public or Unrestricted",""
"Korea, Republic of","Net (credits less debits)","Goods and services","US dollar","Quarterly","2021-Q3","20758800000","Millions","Millions","","Reported official data","","true","","Balance of Payments and International Investment Position Manual, Sixth Edition (BPM6)","Public (Unrestricted)","","Public or Unrestricted",""
"Korea, Republic of","Net (credits less debits)","Goods and services","US dollar","Quarterly","2021-Q4","15844200000","Millions","Millions","","Reported official data","","true","","Balance of Payments and International Investment Position Manual, Sixth Edition (BPM6)","Public (Unrestricted)","","Public or Unrestricted",""
"Korea, Republic of","Net (credits less debits)","Goods and services","US dollar","Quarterly","2022-Q1","10954400000","Millions","Millions","","Reported official data","","true","","Balance of Payments and International Investment Position Manual, Sixth Edition (BPM6)","Public (Unrestricted)","","Public or Unrestricted",""
"Korea, Republic of","Net (credits less debits)","Goods and services","US dollar","Quarterly","2022-Q2","9233500000","Millions","Millions","","Reported official data","","true","","Balance of Payments and International Investment Position Manual, Sixth Edition (BPM6)","Public (Unrestricted)","","Public or Unrestricted",""
"Korea, Republic of","Net (credits less debits)","Goods and services","US dollar","Quarterly","2022-Q3","-6029000000","Millions","Millions","","Reported official data","","true","","Balance of Payments and International Investment Position Manual, Sixth Edition (BPM6)","Public (Unrestricted)","","Public or Unrestricted",""
"Korea, Republic of","Net (credits less debits)","Goods and services","US dollar","Quarterly","2022-Q4","-5792000000","Millions","Millions","","Reported official data","","true","","Balance of Payments and International Investment Position Manual, Sixth Edition (BPM6)","Public (Unrestricted)","","Public or Unrestricted",""
"Korea, Republic of","Net (credits less debits)","Goods and services","US dollar","Quarterly","2023-Q1","-17402500000","Millions","Millions","","Reported official data","","true","","Balance of Payments and International Investment Position Manual, Sixth Edition (BPM6)","Public (Unrestricted)","","Public or Unrestricted",""
"Korea, Republic of","Net (credits less debits)","Goods and services","US dollar","Quarterly","2023-Q2","1780200000","Millions","Millions","","Reported official data","","true","","Balance of Payments and International Investment Position Manual, Sixth Edition (BPM6)","Public (Unrestricted)","","Public or Unrestricted",""
"Korea, Republic of","Net (credits less debits)","Goods and services","US dollar","Quarterly","2023-Q3","11362800000","Millions","Millions","","Reported official data","","true","","Balance of Payments and International Investment Position Manual, Sixth Edition (BPM6)","Public (Unrestricted)","","Public or Unrestricted",""
"Korea, Republic of","Net (credits less debits)","Goods and services","US dollar","Quarterly","2023-Q4","15093100000","Millions","Millions","","Reported official data","","true","","Balance of Payments and International Investment Position Manual, Sixth Edition (BPM6)","Public (Unrestricted)","","Public or Unrestricted",""
"Korea, Republic of","Net (credits less debits)","Goods and services","US dollar","Quarterly","2024-Q1","12205600000","Millions","Millions","","Reported official data","","true","","Balance of Payments and International Investment Position Manual, Sixth Edition (BPM6)","Public (Unrestricted)","","Public or Unrestricted",""
"Korea, Republic of","Net (credits less debits)","Goods and services","US dollar","Quarterly","2024-Q2","21546200000","Millions","Millions","","Reported official data","","true","","Balance of Payments and International Investment Position Manual, Sixth Edition (BPM6)","Public (Unrestricted)","","Public or Unrestricted",""
"Korea, Republic of","Net (credits less debits)","Goods and services","US dollar","Quarterly","2024-Q3","20285600000","Millions","Millions","","Reported official data","","true","","Balance of Payments and International Investment Position Manual, Sixth Edition (BPM6)","Public (Unrestricted)","","Public or Unrestricted",""
"Korea, Republic of","Net (credits less debits)","Goods and services","US dollar","Quarterly","2024-Q4","22387900000","Millions","Millions","","Reported official data","","true","","Balance of Payments and International Investment Position Manual, Sixth Edition (BPM6)","Public (Unrestricted)","","Public or Unrestricted",""
