﻿"COUNTRY","INDICATOR","TYPE_OF_TRANSFORMATION","FREQUENCY","TIME_PERIOD","OBS_VALUE","SCALE","PRECISION","DECIMALS_DISPLAYED","DERIVATION_TYPE","OVERLAP","IFS_FLAG","REFERENCE_PERIOD","STATUS","METHODOLOGY","ACCESS_SHARING_LEVEL","ACCESS_SHARING_NOTES","SECURITY_CLASSIFICATION","SOURCE"
"South Africa","Labor force","Persons","Annual","1960","5711631","Thousands","","","Reported official data","Overlapping Indicator","true","","","International Labor Organization (ILO)","Public (Unrestricted)","","Public or Unrestricted",""
"South Africa","Labor force","Persons","Annual","1970","7986220","Thousands","","","Reported official data","Overlapping Indicator","true","","","International Labor Organization (ILO)","Public (Unrestricted)","","Public or Unrestricted",""
"South Africa","Labor force","Persons","Annual","1980","8689726","Thousands","","","Reported official data","Overlapping Indicator","true","","","International Labor Organization (ILO)","Public (Unrestricted)","","Public or Unrestricted",""
"South Africa","Labor force","Persons","Annual","1985","8692363","Thousands","","","Reported official data","Overlapping Indicator","true","","","International Labor Organization (ILO)","Public (Unrestricted)","","Public or Unrestricted",""
"South Africa","Labor force","Persons","Annual","1991","11624369","Thousands","","","Reported official data","Overlapping Indicator","true","","","International Labor Organization (ILO)","Public (Unrestricted)","","Public or Unrestricted",""
"South Africa","Labor force","Persons","Annual","1995","14356000","Thousands","","","Reported official data","Overlapping Indicator","true","","","International Labor Organization (ILO)","Public (Unrestricted)","","Public or Unrestricted",""
"South Africa","Labor force","Persons","Annual","1997","11632470","Thousands","","","Reported official data","Overlapping Indicator","true","","","International Labor Organization (ILO)","Public (Unrestricted)","","Public or Unrestricted",""
"South Africa","Labor force","Persons","Annual","1998","12649560","Thousands","","","Reported official data","Overlapping Indicator","true","","","International Labor Organization (ILO)","Public (Unrestricted)","","Public or Unrestricted",""
"South Africa","Labor force","Persons","Annual","1999","14056130","Thousands","","","Reported official data","Overlapping Indicator","true","","","International Labor Organization (ILO)","Public (Unrestricted)","","Public or Unrestricted",""
"South Africa","Labor force","Persons","Annual","2000","14769316","Thousands","","","Reported official data","Overlapping Indicator","true","","","International Labor Organization (ILO)","Public (Unrestricted)","","Public or Unrestricted",""
"South Africa","Labor force","Persons","Annual","2001","16181948","Thousands","","","Reported official data","Overlapping Indicator","true","","","International Labor Organization (ILO)","Public (Unrestricted)","","Public or Unrestricted",""
"South Africa","Labor force","Persons","Annual","2002","16431115","Thousands","","","Reported official data","Overlapping Indicator","true","","","International Labor Organization (ILO)","Public (Unrestricted)","","Public or Unrestricted",""
"South Africa","Labor force","Persons","Annual","2003","16207112","Thousands","","","Reported official data","Overlapping Indicator","true","","","International Labor Organization (ILO)","Public (Unrestricted)","","Public or Unrestricted",""
"South Africa","Labor force","Persons","Annual","2004","15988689","Thousands","","","Reported official data","Overlapping Indicator","true","","","International Labor Organization (ILO)","Public (Unrestricted)","","Public or Unrestricted",""
"South Africa","Labor force","Persons","Annual","2005","16765832","Thousands","","","Reported official data","Overlapping Indicator","true","","","International Labor Organization (ILO)","Public (Unrestricted)","","Public or Unrestricted",""
"South Africa","Labor force","Persons","Annual","2006","17340486","Thousands","","","Reported official data","Overlapping Indicator","true","","","International Labor Organization (ILO)","Public (Unrestricted)","","Public or Unrestricted",""
"South Africa","Labor force","Persons","Annual","2007","17338317","Thousands","","","Reported official data","Overlapping Indicator","true","","","International Labor Organization (ILO)","Public (Unrestricted)","","Public or Unrestricted",""
"South Africa","Labor force","Persons","Annual","2008","19005936.5","Thousands","","","Reported official data","Overlapping Indicator","true","","","International Labor Organization (ILO)","Public (Unrestricted)","","Public or Unrestricted",""
"South Africa","Labor force","Persons","Annual","2009","18744351.25","Thousands","","","Reported official data","Overlapping Indicator","true","","","International Labor Organization (ILO)","Public (Unrestricted)","","Public or Unrestricted",""
"South Africa","Labor force","Persons","Annual","2010","18511700.25","Thousands","","","Reported official data","Overlapping Indicator","true","","","International Labor Organization (ILO)","Public (Unrestricted)","","Public or Unrestricted",""
"South Africa","Labor force","Persons","Annual","2011","18839371.25","Thousands","","","Reported official data","Overlapping Indicator","true","","","International Labor Organization (ILO)","Public (Unrestricted)","","Public or Unrestricted",""
"South Africa","Labor force","Persons","Annual","2012","19330475","Thousands","","","Reported official data","Overlapping Indicator","true","","","International Labor Organization (ILO)","Public (Unrestricted)","","Public or Unrestricted",""
"South Africa","Labor force","Persons","Annual","2013","19918932.25","Thousands","","","Reported official data","Overlapping Indicator","true","","","International Labor Organization (ILO)","Public (Unrestricted)","","Public or Unrestricted",""
"South Africa","Labor force","Persons","Annual","2014","20392575","Thousands","","","Reported official data","Overlapping Indicator","true","","","International Labor Organization (ILO)","Public (Unrestricted)","","Public or Unrestricted",""
"South Africa","Labor force","Persons","Annual","2015","21280206.75","Thousands","","","Reported official data","Overlapping Indicator","true","","","International Labor Organization (ILO)","Public (Unrestricted)","","Public or Unrestricted",""
"South Africa","Labor force","Persons","Annual","2016","22076039","Thousands","","","Reported official data","Overlapping Indicator","true","","","International Labor Organization (ILO)","Public (Unrestricted)","","Public or Unrestricted",""
"South Africa","Labor force","Persons","Annual","2017","23857801.25","Thousands","","","Reported official data","Overlapping Indicator","true","","","International Labor Organization (ILO)","Public (Unrestricted)","","Public or Unrestricted",""
"South Africa","Labor force","Persons","Annual","2018","23947327","Thousands","","","Reported official data","Overlapping Indicator","true","","","International Labor Organization (ILO)","Public (Unrestricted)","","Public or Unrestricted",""
"South Africa","Labor force","Persons","Annual","2019","23165871.75","Thousands","","","Reported official data","Overlapping Indicator","true","","","International Labor Organization (ILO)","Public (Unrestricted)","","Public or Unrestricted",""
"South Africa","Labor force","Persons","Annual","2020","21550291.25","Thousands","","","Reported official data","Overlapping Indicator","true","","","International Labor Organization (ILO)","Public (Unrestricted)","","Public or Unrestricted",""
"South Africa","Labor force","Persons","Annual","2021","22553133.25","Thousands","","","Reported official data","Overlapping Indicator","true","","","International Labor Organization (ILO)","Public (Unrestricted)","","Public or Unrestricted",""
"South Africa","Labor force","Persons","Annual","2022","23580873.5","Thousands","","","Reported official data","Overlapping Indicator","true","","","International Labor Organization (ILO)","Public (Unrestricted)","","Public or Unrestricted",""
"South Africa","Labor force","Persons","Annual","2023","24649495.5","Thousands","","","Reported official data","Overlapping Indicator","true","","","International Labor Organization (ILO)","Public (Unrestricted)","","Public or Unrestricted",""
"South Africa","Labor force","Persons","Annual","2024","25291488","Thousands","","","Reported official data","Overlapping Indicator","true","","","International Labor Organization (ILO)","Public (Unrestricted)","","Public or Unrestricted",""
"South Africa","Labor force","Persons","Quarterly","2000-Q1","14686679","Thousands","","","Reported official data","Overlapping Indicator","true","","","International Labor Organization (ILO)","Public (Unrestricted)","","Public or Unrestricted",""
"South Africa","Labor force","Persons","Quarterly","2000-Q3","14851953","Thousands","","","Reported official data","Overlapping Indicator","true","","","International Labor Organization (ILO)","Public (Unrestricted)","","Public or Unrestricted",""
"South Africa","Labor force","Persons","Quarterly","2001-Q1","15488921","Thousands","","","Reported official data","Overlapping Indicator","true","","","International Labor Organization (ILO)","Public (Unrestricted)","","Public or Unrestricted",""
"South Africa","Labor force","Persons","Quarterly","2001-Q3","14905605","Thousands","","","Reported official data","Overlapping Indicator","true","","","International Labor Organization (ILO)","Public (Unrestricted)","","Public or Unrestricted",""
"South Africa","Labor force","Persons","Quarterly","2002-Q1","14986228","Thousands","","","Reported official data","Overlapping Indicator","true","","","International Labor Organization (ILO)","Public (Unrestricted)","","Public or Unrestricted",""
"South Africa","Labor force","Persons","Quarterly","2002-Q3","15086325","Thousands","","","Reported official data","Overlapping Indicator","true","","","International Labor Organization (ILO)","Public (Unrestricted)","","Public or Unrestricted",""
"South Africa","Labor force","Persons","Quarterly","2003-Q1","15272676","Thousands","","","Reported official data","Overlapping Indicator","true","","","International Labor Organization (ILO)","Public (Unrestricted)","","Public or Unrestricted",""
"South Africa","Labor force","Persons","Quarterly","2003-Q3","14712273","Thousands","","","Reported official data","Overlapping Indicator","true","","","International Labor Organization (ILO)","Public (Unrestricted)","","Public or Unrestricted",""
"South Africa","Labor force","Persons","Quarterly","2004-Q1","14758501","Thousands","","","Reported official data","Overlapping Indicator","true","","","International Labor Organization (ILO)","Public (Unrestricted)","","Public or Unrestricted",""
"South Africa","Labor force","Persons","Quarterly","2004-Q3","14583153","Thousands","","","Reported official data","Overlapping Indicator","true","","","International Labor Organization (ILO)","Public (Unrestricted)","","Public or Unrestricted",""
"South Africa","Labor force","Persons","Quarterly","2005-Q1","14967083","Thousands","","","Reported official data","Overlapping Indicator","true","","","International Labor Organization (ILO)","Public (Unrestricted)","","Public or Unrestricted",""
"South Africa","Labor force","Persons","Quarterly","2005-Q3","15725553","Thousands","","","Reported official data","Overlapping Indicator","true","","","International Labor Organization (ILO)","Public (Unrestricted)","","Public or Unrestricted",""
"South Africa","Labor force","Persons","Quarterly","2006-Q1","15392588","Thousands","","","Reported official data","Overlapping Indicator","true","","","International Labor Organization (ILO)","Public (Unrestricted)","","Public or Unrestricted",""
"South Africa","Labor force","Persons","Quarterly","2006-Q3","15934757","Thousands","","","Reported official data","Overlapping Indicator","true","","","International Labor Organization (ILO)","Public (Unrestricted)","","Public or Unrestricted",""
"South Africa","Labor force","Persons","Quarterly","2007-Q1","15869020","Thousands","","","Reported official data","Overlapping Indicator","true","","","International Labor Organization (ILO)","Public (Unrestricted)","","Public or Unrestricted",""
"South Africa","Labor force","Persons","Quarterly","2007-Q3","16029544","Thousands","","","Reported official data","Overlapping Indicator","true","","","International Labor Organization (ILO)","Public (Unrestricted)","","Public or Unrestricted",""
"South Africa","Labor force","Persons","Quarterly","2008-Q1","18994555","Thousands","","","Reported official data","Overlapping Indicator","true","","","International Labor Organization (ILO)","Public (Unrestricted)","","Public or Unrestricted",""
"South Africa","Labor force","Persons","Quarterly","2008-Q2","19039774","Thousands","","","Reported official data","Overlapping Indicator","true","","","International Labor Organization (ILO)","Public (Unrestricted)","","Public or Unrestricted",""
"South Africa","Labor force","Persons","Quarterly","2008-Q3","19012817","Thousands","","","Reported official data","Overlapping Indicator","true","","","International Labor Organization (ILO)","Public (Unrestricted)","","Public or Unrestricted",""
"South Africa","Labor force","Persons","Quarterly","2008-Q4","18976600","Thousands","","","Reported official data","Overlapping Indicator","true","","","International Labor Organization (ILO)","Public (Unrestricted)","","Public or Unrestricted",""
"South Africa","Labor force","Persons","Quarterly","2009-Q1","19128066","Thousands","","","Reported official data","Overlapping Indicator","true","","","International Labor Organization (ILO)","Public (Unrestricted)","","Public or Unrestricted",""
"South Africa","Labor force","Persons","Quarterly","2009-Q2","18842890","Thousands","","","Reported official data","Overlapping Indicator","true","","","International Labor Organization (ILO)","Public (Unrestricted)","","Public or Unrestricted",""
"South Africa","Labor force","Persons","Quarterly","2009-Q3","18446616","Thousands","","","Reported official data","Overlapping Indicator","true","","","International Labor Organization (ILO)","Public (Unrestricted)","","Public or Unrestricted",""
"South Africa","Labor force","Persons","Quarterly","2009-Q4","18559833","Thousands","","","Reported official data","Overlapping Indicator","true","","","International Labor Organization (ILO)","Public (Unrestricted)","","Public or Unrestricted",""
"South Africa","Labor force","Persons","Quarterly","2010-Q1","18560971","Thousands","","","Reported official data","Overlapping Indicator","true","","","International Labor Organization (ILO)","Public (Unrestricted)","","Public or Unrestricted",""
"South Africa","Labor force","Persons","Quarterly","2010-Q2","18600255","Thousands","","","Reported official data","Overlapping Indicator","true","","","International Labor Organization (ILO)","Public (Unrestricted)","","Public or Unrestricted",""
"South Africa","Labor force","Persons","Quarterly","2010-Q3","18473974","Thousands","","","Reported official data","Overlapping Indicator","true","","","International Labor Organization (ILO)","Public (Unrestricted)","","Public or Unrestricted",""
"South Africa","Labor force","Persons","Quarterly","2010-Q4","18411601","Thousands","","","Reported official data","Overlapping Indicator","true","","","International Labor Organization (ILO)","Public (Unrestricted)","","Public or Unrestricted",""
"South Africa","Labor force","Persons","Quarterly","2011-Q1","18630065","Thousands","","","Reported official data","Overlapping Indicator","true","","","International Labor Organization (ILO)","Public (Unrestricted)","","Public or Unrestricted",""
"South Africa","Labor force","Persons","Quarterly","2011-Q2","18833959","Thousands","","","Reported official data","Overlapping Indicator","true","","","International Labor Organization (ILO)","Public (Unrestricted)","","Public or Unrestricted",""
"South Africa","Labor force","Persons","Quarterly","2011-Q3","18954007","Thousands","","","Reported official data","Overlapping Indicator","true","","","International Labor Organization (ILO)","Public (Unrestricted)","","Public or Unrestricted",""
"South Africa","Labor force","Persons","Quarterly","2011-Q4","18939454","Thousands","","","Reported official data","Overlapping Indicator","true","","","International Labor Organization (ILO)","Public (Unrestricted)","","Public or Unrestricted",""
"South Africa","Labor force","Persons","Quarterly","2012-Q1","19168234","Thousands","","","Reported official data","Overlapping Indicator","true","","","International Labor Organization (ILO)","Public (Unrestricted)","","Public or Unrestricted",""
"South Africa","Labor force","Persons","Quarterly","2012-Q2","19181043","Thousands","","","Reported official data","Overlapping Indicator","true","","","International Labor Organization (ILO)","Public (Unrestricted)","","Public or Unrestricted",""
"South Africa","Labor force","Persons","Quarterly","2012-Q3","19601708","Thousands","","","Reported official data","Overlapping Indicator","true","","","International Labor Organization (ILO)","Public (Unrestricted)","","Public or Unrestricted",""
"South Africa","Labor force","Persons","Quarterly","2012-Q4","19370915","Thousands","","","Reported official data","Overlapping Indicator","true","","","International Labor Organization (ILO)","Public (Unrestricted)","","Public or Unrestricted",""
"South Africa","Labor force","Persons","Quarterly","2013-Q1","19570539","Thousands","","","Reported official data","Overlapping Indicator","true","","","International Labor Organization (ILO)","Public (Unrestricted)","","Public or Unrestricted",""
"South Africa","Labor force","Persons","Quarterly","2013-Q2","19818422","Thousands","","","Reported official data","Overlapping Indicator","true","","","International Labor Organization (ILO)","Public (Unrestricted)","","Public or Unrestricted",""
"South Africa","Labor force","Persons","Quarterly","2013-Q3","20097011","Thousands","","","Reported official data","Overlapping Indicator","true","","","International Labor Organization (ILO)","Public (Unrestricted)","","Public or Unrestricted",""
"South Africa","Labor force","Persons","Quarterly","2013-Q4","20189757","Thousands","","","Reported official data","Overlapping Indicator","true","","","International Labor Organization (ILO)","Public (Unrestricted)","","Public or Unrestricted",""
"South Africa","Labor force","Persons","Quarterly","2014-Q1","20296330","Thousands","","","Reported official data","Overlapping Indicator","true","","","International Labor Organization (ILO)","Public (Unrestricted)","","Public or Unrestricted",""
"South Africa","Labor force","Persons","Quarterly","2014-Q2","20411857","Thousands","","","Reported official data","Overlapping Indicator","true","","","International Labor Organization (ILO)","Public (Unrestricted)","","Public or Unrestricted",""
"South Africa","Labor force","Persons","Quarterly","2014-Q3","20443475","Thousands","","","Reported official data","Overlapping Indicator","true","","","International Labor Organization (ILO)","Public (Unrestricted)","","Public or Unrestricted",""
"South Africa","Labor force","Persons","Quarterly","2014-Q4","20418638","Thousands","","","Reported official data","Overlapping Indicator","true","","","International Labor Organization (ILO)","Public (Unrestricted)","","Public or Unrestricted",""
"South Africa","Labor force","Persons","Quarterly","2015-Q1","21191050","Thousands","","","Reported official data","Overlapping Indicator","true","","","International Labor Organization (ILO)","Public (Unrestricted)","","Public or Unrestricted",""
"South Africa","Labor force","Persons","Quarterly","2015-Q2","21076262","Thousands","","","Reported official data","Overlapping Indicator","true","","","International Labor Organization (ILO)","Public (Unrestricted)","","Public or Unrestricted",""
"South Africa","Labor force","Persons","Quarterly","2015-Q3","21463858","Thousands","","","Reported official data","Overlapping Indicator","true","","","International Labor Organization (ILO)","Public (Unrestricted)","","Public or Unrestricted",""
"South Africa","Labor force","Persons","Quarterly","2015-Q4","21389657","Thousands","","","Reported official data","Overlapping Indicator","true","","","International Labor Organization (ILO)","Public (Unrestricted)","","Public or Unrestricted",""
"South Africa","Labor force","Persons","Quarterly","2016-Q1","21577675","Thousands","","","Reported official data","Overlapping Indicator","true","","","International Labor Organization (ILO)","Public (Unrestricted)","","Public or Unrestricted",""
"South Africa","Labor force","Persons","Quarterly","2016-Q2","21367433","Thousands","","","Reported official data","Overlapping Indicator","true","","","International Labor Organization (ILO)","Public (Unrestricted)","","Public or Unrestricted",""
"South Africa","Labor force","Persons","Quarterly","2016-Q3","21924024","Thousands","","","Reported official data","Overlapping Indicator","true","","","International Labor Organization (ILO)","Public (Unrestricted)","","Public or Unrestricted",""
"South Africa","Labor force","Persons","Quarterly","2016-Q4","23435024","Thousands","","","Reported official data","Overlapping Indicator","true","","","International Labor Organization (ILO)","Public (Unrestricted)","","Public or Unrestricted",""
"South Africa","Labor force","Persons","Quarterly","2017-Q1","24125462","Thousands","","","Reported official data","Overlapping Indicator","true","","","International Labor Organization (ILO)","Public (Unrestricted)","","Public or Unrestricted",""
"South Africa","Labor force","Persons","Quarterly","2017-Q2","23833871","Thousands","","","Reported official data","Overlapping Indicator","true","","","International Labor Organization (ILO)","Public (Unrestricted)","","Public or Unrestricted",""
"South Africa","Labor force","Persons","Quarterly","2017-Q3","23830185","Thousands","","","Reported official data","Overlapping Indicator","true","","","International Labor Organization (ILO)","Public (Unrestricted)","","Public or Unrestricted",""
"South Africa","Labor force","Persons","Quarterly","2017-Q4","23641687","Thousands","","","Reported official data","Overlapping Indicator","true","","","International Labor Organization (ILO)","Public (Unrestricted)","","Public or Unrestricted",""
"South Africa","Labor force","Persons","Quarterly","2018-Q1","24010941","Thousands","","","Reported official data","Overlapping Indicator","true","","","International Labor Organization (ILO)","Public (Unrestricted)","","Public or Unrestricted",""
"South Africa","Labor force","Persons","Quarterly","2018-Q2","23748020","Thousands","","","Reported official data","Overlapping Indicator","true","","","International Labor Organization (ILO)","Public (Unrestricted)","","Public or Unrestricted",""
"South Africa","Labor force","Persons","Quarterly","2018-Q3","23942583","Thousands","","","Reported official data","Overlapping Indicator","true","","","International Labor Organization (ILO)","Public (Unrestricted)","","Public or Unrestricted",""
"South Africa","Labor force","Persons","Quarterly","2018-Q4","24087764","Thousands","","","Reported official data","Overlapping Indicator","true","","","International Labor Organization (ILO)","Public (Unrestricted)","","Public or Unrestricted",""
"South Africa","Labor force","Persons","Quarterly","2019-Q1","22729353","Thousands","","","Reported official data","Overlapping Indicator","true","","","International Labor Organization (ILO)","Public (Unrestricted)","","Public or Unrestricted",""
"South Africa","Labor force","Persons","Quarterly","2019-Q2","23209691","Thousands","","","Reported official data","Overlapping Indicator","true","","","International Labor Organization (ILO)","Public (Unrestricted)","","Public or Unrestricted",""
"South Africa","Labor force","Persons","Quarterly","2019-Q3","23342301","Thousands","","","Reported official data","Overlapping Indicator","true","","","International Labor Organization (ILO)","Public (Unrestricted)","","Public or Unrestricted",""
"South Africa","Labor force","Persons","Quarterly","2019-Q4","23382142","Thousands","","","Reported official data","Overlapping Indicator","true","","","International Labor Organization (ILO)","Public (Unrestricted)","","Public or Unrestricted",""
"South Africa","Labor force","Persons","Quarterly","2020-Q1","23680309","Thousands","","","Reported official data","Overlapping Indicator","true","","","International Labor Organization (ILO)","Public (Unrestricted)","","Public or Unrestricted",""
"South Africa","Labor force","Persons","Quarterly","2020-Q2","18652933","Thousands","","","Reported official data","Overlapping Indicator","true","","","International Labor Organization (ILO)","Public (Unrestricted)","","Public or Unrestricted",""
"South Africa","Labor force","Persons","Quarterly","2020-Q3","21420988","Thousands","","","Reported official data","Overlapping Indicator","true","","","International Labor Organization (ILO)","Public (Unrestricted)","","Public or Unrestricted",""
"South Africa","Labor force","Persons","Quarterly","2020-Q4","22446935","Thousands","","","Reported official data","Overlapping Indicator","true","","","International Labor Organization (ILO)","Public (Unrestricted)","","Public or Unrestricted",""
"South Africa","Labor force","Persons","Quarterly","2021-Q1","22431540","Thousands","","","Reported official data","Overlapping Indicator","true","","","International Labor Organization (ILO)","Public (Unrestricted)","","Public or Unrestricted",""
"South Africa","Labor force","Persons","Quarterly","2021-Q2","22978745","Thousands","","","Reported official data","Overlapping Indicator","true","","","International Labor Organization (ILO)","Public (Unrestricted)","","Public or Unrestricted",""
"South Africa","Labor force","Persons","Quarterly","2021-Q3","22135257","Thousands","","","Reported official data","Overlapping Indicator","true","","","International Labor Organization (ILO)","Public (Unrestricted)","","Public or Unrestricted",""
"South Africa","Labor force","Persons","Quarterly","2021-Q4","22666991","Thousands","","","Reported official data","Overlapping Indicator","true","","","International Labor Organization (ILO)","Public (Unrestricted)","","Public or Unrestricted",""
"South Africa","Labor force","Persons","Quarterly","2022-Q1","22958254","Thousands","","","Reported official data","Overlapping Indicator","true","","","International Labor Organization (ILO)","Public (Unrestricted)","","Public or Unrestricted",""
"South Africa","Labor force","Persons","Quarterly","2022-Q2","23788740","Thousands","","","Reported official data","Overlapping Indicator","true","","","International Labor Organization (ILO)","Public (Unrestricted)","","Public or Unrestricted",""
"South Africa","Labor force","Persons","Quarterly","2022-Q3","23687587","Thousands","","","Reported official data","Overlapping Indicator","true","","","International Labor Organization (ILO)","Public (Unrestricted)","","Public or Unrestricted",""
"South Africa","Labor force","Persons","Quarterly","2022-Q4","23888913","Thousands","","","Reported official data","Overlapping Indicator","true","","","International Labor Organization (ILO)","Public (Unrestricted)","","Public or Unrestricted",""
"South Africa","Labor force","Persons","Quarterly","2023-Q1","24358664","Thousands","","","Reported official data","Overlapping Indicator","true","","","International Labor Organization (ILO)","Public (Unrestricted)","","Public or Unrestricted",""
"South Africa","Labor force","Persons","Quarterly","2023-Q2","24503199","Thousands","","","Reported official data","Overlapping Indicator","true","","","International Labor Organization (ILO)","Public (Unrestricted)","","Public or Unrestricted",""
"South Africa","Labor force","Persons","Quarterly","2023-Q3","24844781","Thousands","","","Reported official data","Overlapping Indicator","true","","","International Labor Organization (ILO)","Public (Unrestricted)","","Public or Unrestricted",""
"South Africa","Labor force","Persons","Quarterly","2023-Q4","24891338","Thousands","","","Reported official data","Overlapping Indicator","true","","","International Labor Organization (ILO)","Public (Unrestricted)","","Public or Unrestricted",""
"South Africa","Labor force","Persons","Quarterly","2024-Q1","25241409","Thousands","","","Reported official data","Overlapping Indicator","true","","","International Labor Organization (ILO)","Public (Unrestricted)","","Public or Unrestricted",""
"South Africa","Labor force","Persons","Quarterly","2024-Q2","25307224","Thousands","","","Reported official data","Overlapping Indicator","true","","","International Labor Organization (ILO)","Public (Unrestricted)","","Public or Unrestricted",""
"South Africa","Labor force","Persons","Quarterly","2024-Q3","25249382","Thousands","","","Reported official data","Overlapping Indicator","true","","","International Labor Organization (ILO)","Public (Unrestricted)","","Public or Unrestricted",""
"South Africa","Labor force","Persons","Quarterly","2024-Q4","25367937","Thousands","","","Reported official data","Overlapping Indicator","true","","","International Labor Organization (ILO)","Public (Unrestricted)","","Public or Unrestricted",""
