﻿"COUNTRY","INDICATOR","TYPE_OF_TRANSFORMATION","FREQUENCY","TIME_PERIOD","OBS_VALUE","SCALE","PRECISION","DECIMALS_DISPLAYED","DERIVATION_TYPE","OVERLAP","IFS_FLAG","REFERENCE_PERIOD","STATUS","METHODOLOGY","ACCESS_SHARING_LEVEL","ACCESS_SHARING_NOTES","SECURITY_CLASSIFICATION","SOURCE"
"South Africa","Unemployment rate","Percent","Annual","1998","25","Units","","","Reported official data","Overlapping Indicator","true","","","International Labor Organization (ILO)","Public (Unrestricted)","","Public or Unrestricted",""
"South Africa","Unemployment rate","Percent","Annual","1999","25.37","Units","","","Reported official data","Overlapping Indicator","true","","","International Labor Organization (ILO)","Public (Unrestricted)","","Public or Unrestricted",""
"South Africa","Unemployment rate","Percent","Annual","2000","29.88","Units","","","Reported official data","Overlapping Indicator","true","","","International Labor Organization (ILO)","Public (Unrestricted)","","Public or Unrestricted",""
"South Africa","Unemployment rate","Percent","Annual","2001","25.371","Units","","","Reported official data","Overlapping Indicator","true","","","International Labor Organization (ILO)","Public (Unrestricted)","","Public or Unrestricted",""
"South Africa","Unemployment rate","Percent","Annual","2002","27.18","Units","","","Reported official data","Overlapping Indicator","true","","","International Labor Organization (ILO)","Public (Unrestricted)","","Public or Unrestricted",""
"South Africa","Unemployment rate","Percent","Annual","2003","27.116","Units","","","Reported official data","Overlapping Indicator","true","","","International Labor Organization (ILO)","Public (Unrestricted)","","Public or Unrestricted",""
"South Africa","Unemployment rate","Percent","Annual","2004","24.673","Units","","","Reported official data","Overlapping Indicator","true","","","International Labor Organization (ILO)","Public (Unrestricted)","","Public or Unrestricted",""
"South Africa","Unemployment rate","Percent","Annual","2005","23.84","Units","","","Reported official data","Overlapping Indicator","true","","","International Labor Organization (ILO)","Public (Unrestricted)","","Public or Unrestricted",""
"South Africa","Unemployment rate","Percent","Annual","2006","22.616","Units","","","Reported official data","Overlapping Indicator","true","","","International Labor Organization (ILO)","Public (Unrestricted)","","Public or Unrestricted",""
"South Africa","Unemployment rate","Percent","Annual","2007","22.326","Units","","","Reported official data","Overlapping Indicator","true","","","International Labor Organization (ILO)","Public (Unrestricted)","","Public or Unrestricted",""
"South Africa","Unemployment rate","Percent","Annual","2008","22.40675","Units","","","Reported official data","Overlapping Indicator","true","","","International Labor Organization (ILO)","Public (Unrestricted)","","Public or Unrestricted",""
"South Africa","Unemployment rate","Percent","Annual","2009","23.5315","Units","","","Reported official data","Overlapping Indicator","true","","","International Labor Organization (ILO)","Public (Unrestricted)","","Public or Unrestricted",""
"South Africa","Unemployment rate","Percent","Annual","2010","24.68175","Units","","","Reported official data","Overlapping Indicator","true","","","International Labor Organization (ILO)","Public (Unrestricted)","","Public or Unrestricted",""
"South Africa","Unemployment rate","Percent","Annual","2011","24.6405","Units","","","Reported official data","Overlapping Indicator","true","","","International Labor Organization (ILO)","Public (Unrestricted)","","Public or Unrestricted",""
"South Africa","Unemployment rate","Percent","Annual","2012","24.7265","Units","","","Reported official data","Overlapping Indicator","true","","","International Labor Organization (ILO)","Public (Unrestricted)","","Public or Unrestricted",""
"South Africa","Unemployment rate","Percent","Annual","2013","24.566","Units","","","Reported official data","Overlapping Indicator","true","","","International Labor Organization (ILO)","Public (Unrestricted)","","Public or Unrestricted",""
"South Africa","Unemployment rate","Percent","Annual","2014","24.89025","Units","","","Reported official data","Overlapping Indicator","true","","","International Labor Organization (ILO)","Public (Unrestricted)","","Public or Unrestricted",""
"South Africa","Unemployment rate","Percent","Annual","2015","25.15075","Units","","","Reported official data","Overlapping Indicator","true","","","International Labor Organization (ILO)","Public (Unrestricted)","","Public or Unrestricted",""
"South Africa","Unemployment rate","Percent","Annual","2016","25.86175","Units","","","Reported official data","Overlapping Indicator","true","","","International Labor Organization (ILO)","Public (Unrestricted)","","Public or Unrestricted",""
"South Africa","Unemployment rate","Percent","Annual","2017","24.36875","Units","","","Reported official data","Overlapping Indicator","true","","","International Labor Organization (ILO)","Public (Unrestricted)","","Public or Unrestricted",""
"South Africa","Unemployment rate","Percent","Annual","2018","24.219","Units","","","Reported official data","Overlapping Indicator","true","","","International Labor Organization (ILO)","Public (Unrestricted)","","Public or Unrestricted",""
"South Africa","Unemployment rate","Percent","Annual","2019","28.461","Units","","","Reported official data","Overlapping Indicator","true","","","International Labor Organization (ILO)","Public (Unrestricted)","","Public or Unrestricted",""
"South Africa","Unemployment rate","Percent","Annual","2020","28.96625","Units","","","Reported official data","Overlapping Indicator","true","","","International Labor Organization (ILO)","Public (Unrestricted)","","Public or Unrestricted",""
"South Africa","Unemployment rate","Percent","Annual","2021","34.0055","Units","","","Reported official data","Overlapping Indicator","true","","","International Labor Organization (ILO)","Public (Unrestricted)","","Public or Unrestricted",""
"South Africa","Unemployment rate","Percent","Annual","2022","33.277","Units","","","Reported official data","Overlapping Indicator","true","","","International Labor Organization (ILO)","Public (Unrestricted)","","Public or Unrestricted",""
"South Africa","Unemployment rate","Percent","Annual","2023","32.102","Units","","","Reported official data","Overlapping Indicator","true","","","International Labor Organization (ILO)","Public (Unrestricted)","","Public or Unrestricted",""
"South Africa","Unemployment rate","Percent","Quarterly","2000-Q1","30.705","Units","","","Reported official data","Overlapping Indicator","true","","","International Labor Organization (ILO)","Public (Unrestricted)","","Public or Unrestricted",""
"South Africa","Unemployment rate","Percent","Quarterly","2000-Q3","29.064","Units","","","Reported official data","Overlapping Indicator","true","","","International Labor Organization (ILO)","Public (Unrestricted)","","Public or Unrestricted",""
"South Africa","Unemployment rate","Percent","Quarterly","2001-Q1","29.075","Units","","","Reported official data","Overlapping Indicator","true","","","International Labor Organization (ILO)","Public (Unrestricted)","","Public or Unrestricted",""
"South Africa","Unemployment rate","Percent","Quarterly","2001-Q3","32.364","Units","","","Reported official data","Overlapping Indicator","true","","","International Labor Organization (ILO)","Public (Unrestricted)","","Public or Unrestricted",""
"South Africa","Unemployment rate","Percent","Quarterly","2002-Q1","33.191","Units","","","Reported official data","Overlapping Indicator","true","","","International Labor Organization (ILO)","Public (Unrestricted)","","Public or Unrestricted",""
"South Africa","Unemployment rate","Percent","Quarterly","2002-Q3","33.391","Units","","","Reported official data","Overlapping Indicator","true","","","International Labor Organization (ILO)","Public (Unrestricted)","","Public or Unrestricted",""
"South Africa","Unemployment rate","Percent","Quarterly","2003-Q1","33.99","Units","","","Reported official data","Overlapping Indicator","true","","","International Labor Organization (ILO)","Public (Unrestricted)","","Public or Unrestricted",""
"South Africa","Unemployment rate","Percent","Quarterly","2003-Q3","30.565","Units","","","Reported official data","Overlapping Indicator","true","","","International Labor Organization (ILO)","Public (Unrestricted)","","Public or Unrestricted",""
"South Africa","Unemployment rate","Percent","Quarterly","2004-Q1","30.341","Units","","","Reported official data","Overlapping Indicator","true","","","International Labor Organization (ILO)","Public (Unrestricted)","","Public or Unrestricted",""
"South Africa","Unemployment rate","Percent","Quarterly","2004-Q3","28.554","Units","","","Reported official data","Overlapping Indicator","true","","","International Labor Organization (ILO)","Public (Unrestricted)","","Public or Unrestricted",""
"South Africa","Unemployment rate","Percent","Quarterly","2005-Q1","29.113","Units","","","Reported official data","Overlapping Indicator","true","","","International Labor Organization (ILO)","Public (Unrestricted)","","Public or Unrestricted",""
"South Africa","Unemployment rate","Percent","Quarterly","2005-Q3","29.131","Units","","","Reported official data","Overlapping Indicator","true","","","International Labor Organization (ILO)","Public (Unrestricted)","","Public or Unrestricted",""
"South Africa","Unemployment rate","Percent","Quarterly","2006-Q1","28.562","Units","","","Reported official data","Overlapping Indicator","true","","","International Labor Organization (ILO)","Public (Unrestricted)","","Public or Unrestricted",""
"South Africa","Unemployment rate","Percent","Quarterly","2006-Q3","28.13","Units","","","Reported official data","Overlapping Indicator","true","","","International Labor Organization (ILO)","Public (Unrestricted)","","Public or Unrestricted",""
"South Africa","Unemployment rate","Percent","Quarterly","2007-Q1","28.023","Units","","","Reported official data","Overlapping Indicator","true","","","International Labor Organization (ILO)","Public (Unrestricted)","","Public or Unrestricted",""
"South Africa","Unemployment rate","Percent","Quarterly","2007-Q3","25.071","Units","","","Reported official data","Overlapping Indicator","true","","","International Labor Organization (ILO)","Public (Unrestricted)","","Public or Unrestricted",""
"South Africa","Unemployment rate","Percent","Quarterly","2008-Q1","23.063","Units","","","Reported official data","Overlapping Indicator","true","","","International Labor Organization (ILO)","Public (Unrestricted)","","Public or Unrestricted",""
"South Africa","Unemployment rate","Percent","Quarterly","2008-Q2","22.501","Units","","","Reported official data","Overlapping Indicator","true","","","International Labor Organization (ILO)","Public (Unrestricted)","","Public or Unrestricted",""
"South Africa","Unemployment rate","Percent","Quarterly","2008-Q3","22.683","Units","","","Reported official data","Overlapping Indicator","true","","","International Labor Organization (ILO)","Public (Unrestricted)","","Public or Unrestricted",""
"South Africa","Unemployment rate","Percent","Quarterly","2008-Q4","21.38","Units","","","Reported official data","Overlapping Indicator","true","","","International Labor Organization (ILO)","Public (Unrestricted)","","Public or Unrestricted",""
"South Africa","Unemployment rate","Percent","Quarterly","2009-Q1","22.842","Units","","","Reported official data","Overlapping Indicator","true","","","International Labor Organization (ILO)","Public (Unrestricted)","","Public or Unrestricted",""
"South Africa","Unemployment rate","Percent","Quarterly","2009-Q2","23.077","Units","","","Reported official data","Overlapping Indicator","true","","","International Labor Organization (ILO)","Public (Unrestricted)","","Public or Unrestricted",""
"South Africa","Unemployment rate","Percent","Quarterly","2009-Q3","24.287","Units","","","Reported official data","Overlapping Indicator","true","","","International Labor Organization (ILO)","Public (Unrestricted)","","Public or Unrestricted",""
"South Africa","Unemployment rate","Percent","Quarterly","2009-Q4","23.92","Units","","","Reported official data","Overlapping Indicator","true","","","International Labor Organization (ILO)","Public (Unrestricted)","","Public or Unrestricted",""
"South Africa","Unemployment rate","Percent","Quarterly","2010-Q1","24.871","Units","","","Reported official data","Overlapping Indicator","true","","","International Labor Organization (ILO)","Public (Unrestricted)","","Public or Unrestricted",""
"South Africa","Unemployment rate","Percent","Quarterly","2010-Q2","24.883","Units","","","Reported official data","Overlapping Indicator","true","","","International Labor Organization (ILO)","Public (Unrestricted)","","Public or Unrestricted",""
"South Africa","Unemployment rate","Percent","Quarterly","2010-Q3","25.218","Units","","","Reported official data","Overlapping Indicator","true","","","International Labor Organization (ILO)","Public (Unrestricted)","","Public or Unrestricted",""
"South Africa","Unemployment rate","Percent","Quarterly","2010-Q4","23.755","Units","","","Reported official data","Overlapping Indicator","true","","","International Labor Organization (ILO)","Public (Unrestricted)","","Public or Unrestricted",""
"South Africa","Unemployment rate","Percent","Quarterly","2011-Q1","24.711","Units","","","Reported official data","Overlapping Indicator","true","","","International Labor Organization (ILO)","Public (Unrestricted)","","Public or Unrestricted",""
"South Africa","Unemployment rate","Percent","Quarterly","2011-Q2","25.43","Units","","","Reported official data","Overlapping Indicator","true","","","International Labor Organization (ILO)","Public (Unrestricted)","","Public or Unrestricted",""
"South Africa","Unemployment rate","Percent","Quarterly","2011-Q3","24.819","Units","","","Reported official data","Overlapping Indicator","true","","","International Labor Organization (ILO)","Public (Unrestricted)","","Public or Unrestricted",""
"South Africa","Unemployment rate","Percent","Quarterly","2011-Q4","23.602","Units","","","Reported official data","Overlapping Indicator","true","","","International Labor Organization (ILO)","Public (Unrestricted)","","Public or Unrestricted",""
"South Africa","Unemployment rate","Percent","Quarterly","2012-Q1","24.9","Units","","","Reported official data","Overlapping Indicator","true","","","International Labor Organization (ILO)","Public (Unrestricted)","","Public or Unrestricted",""
"South Africa","Unemployment rate","Percent","Quarterly","2012-Q2","24.633","Units","","","Reported official data","Overlapping Indicator","true","","","International Labor Organization (ILO)","Public (Unrestricted)","","Public or Unrestricted",""
"South Africa","Unemployment rate","Percent","Quarterly","2012-Q3","25.024","Units","","","Reported official data","Overlapping Indicator","true","","","International Labor Organization (ILO)","Public (Unrestricted)","","Public or Unrestricted",""
"South Africa","Unemployment rate","Percent","Quarterly","2012-Q4","24.349","Units","","","Reported official data","Overlapping Indicator","true","","","International Labor Organization (ILO)","Public (Unrestricted)","","Public or Unrestricted",""
"South Africa","Unemployment rate","Percent","Quarterly","2013-Q1","24.874","Units","","","Reported official data","Overlapping Indicator","true","","","International Labor Organization (ILO)","Public (Unrestricted)","","Public or Unrestricted",""
"South Africa","Unemployment rate","Percent","Quarterly","2013-Q2","25.126","Units","","","Reported official data","Overlapping Indicator","true","","","International Labor Organization (ILO)","Public (Unrestricted)","","Public or Unrestricted",""
"South Africa","Unemployment rate","Percent","Quarterly","2013-Q3","24.315","Units","","","Reported official data","Overlapping Indicator","true","","","International Labor Organization (ILO)","Public (Unrestricted)","","Public or Unrestricted",""
"South Africa","Unemployment rate","Percent","Quarterly","2013-Q4","23.949","Units","","","Reported official data","Overlapping Indicator","true","","","International Labor Organization (ILO)","Public (Unrestricted)","","Public or Unrestricted",""
"South Africa","Unemployment rate","Percent","Quarterly","2014-Q1","24.995","Units","","","Reported official data","Overlapping Indicator","true","","","International Labor Organization (ILO)","Public (Unrestricted)","","Public or Unrestricted",""
"South Africa","Unemployment rate","Percent","Quarterly","2014-Q2","25.289","Units","","","Reported official data","Overlapping Indicator","true","","","International Labor Organization (ILO)","Public (Unrestricted)","","Public or Unrestricted",""
"South Africa","Unemployment rate","Percent","Quarterly","2014-Q3","25.223","Units","","","Reported official data","Overlapping Indicator","true","","","International Labor Organization (ILO)","Public (Unrestricted)","","Public or Unrestricted",""
"South Africa","Unemployment rate","Percent","Quarterly","2014-Q4","24.054","Units","","","Reported official data","Overlapping Indicator","true","","","International Labor Organization (ILO)","Public (Unrestricted)","","Public or Unrestricted",""
"South Africa","Unemployment rate","Percent","Quarterly","2015-Q1","26.151","Units","","","Reported official data","Overlapping Indicator","true","","","International Labor Organization (ILO)","Public (Unrestricted)","","Public or Unrestricted",""
"South Africa","Unemployment rate","Percent","Quarterly","2015-Q2","24.849","Units","","","Reported official data","Overlapping Indicator","true","","","International Labor Organization (ILO)","Public (Unrestricted)","","Public or Unrestricted",""
"South Africa","Unemployment rate","Percent","Quarterly","2015-Q3","25.291","Units","","","Reported official data","Overlapping Indicator","true","","","International Labor Organization (ILO)","Public (Unrestricted)","","Public or Unrestricted",""
"South Africa","Unemployment rate","Percent","Quarterly","2015-Q4","24.312","Units","","","Reported official data","Overlapping Indicator","true","","","International Labor Organization (ILO)","Public (Unrestricted)","","Public or Unrestricted",""
"South Africa","Unemployment rate","Percent","Quarterly","2016-Q1","26.548","Units","","","Reported official data","Overlapping Indicator","true","","","International Labor Organization (ILO)","Public (Unrestricted)","","Public or Unrestricted",""
"South Africa","Unemployment rate","Percent","Quarterly","2016-Q2","26.383","Units","","","Reported official data","Overlapping Indicator","true","","","International Labor Organization (ILO)","Public (Unrestricted)","","Public or Unrestricted",""
"South Africa","Unemployment rate","Percent","Quarterly","2016-Q3","26.904","Units","","","Reported official data","Overlapping Indicator","true","","","International Labor Organization (ILO)","Public (Unrestricted)","","Public or Unrestricted",""
"South Africa","Unemployment rate","Percent","Quarterly","2016-Q4","23.612","Units","","","Reported official data","Overlapping Indicator","true","","","International Labor Organization (ILO)","Public (Unrestricted)","","Public or Unrestricted",""
"South Africa","Unemployment rate","Percent","Quarterly","2017-Q1","24.4","Units","","","Reported official data","Overlapping Indicator","true","","","International Labor Organization (ILO)","Public (Unrestricted)","","Public or Unrestricted",""
"South Africa","Unemployment rate","Percent","Quarterly","2017-Q2","24.62","Units","","","Reported official data","Overlapping Indicator","true","","","International Labor Organization (ILO)","Public (Unrestricted)","","Public or Unrestricted",""
"South Africa","Unemployment rate","Percent","Quarterly","2017-Q3","24.988","Units","","","Reported official data","Overlapping Indicator","true","","","International Labor Organization (ILO)","Public (Unrestricted)","","Public or Unrestricted",""
"South Africa","Unemployment rate","Percent","Quarterly","2017-Q4","23.467","Units","","","Reported official data","Overlapping Indicator","true","","","International Labor Organization (ILO)","Public (Unrestricted)","","Public or Unrestricted",""
"South Africa","Unemployment rate","Percent","Quarterly","2018-Q1","23.328","Units","","","Reported official data","Overlapping Indicator","true","","","International Labor Organization (ILO)","Public (Unrestricted)","","Public or Unrestricted",""
"South Africa","Unemployment rate","Percent","Quarterly","2018-Q2","24.476","Units","","","Reported official data","Overlapping Indicator","true","","","International Labor Organization (ILO)","Public (Unrestricted)","","Public or Unrestricted",""
"South Africa","Unemployment rate","Percent","Quarterly","2018-Q3","24.903","Units","","","Reported official data","Overlapping Indicator","true","","","International Labor Organization (ILO)","Public (Unrestricted)","","Public or Unrestricted",""
"South Africa","Unemployment rate","Percent","Quarterly","2018-Q4","24.169","Units","","","Reported official data","Overlapping Indicator","true","","","International Labor Organization (ILO)","Public (Unrestricted)","","Public or Unrestricted",""
"South Africa","Unemployment rate","Percent","Quarterly","2019-Q1","27.349","Units","","","Reported official data","Overlapping Indicator","true","","","International Labor Organization (ILO)","Public (Unrestricted)","","Public or Unrestricted",""
"South Africa","Unemployment rate","Percent","Quarterly","2019-Q2","28.756","Units","","","Reported official data","Overlapping Indicator","true","","","International Labor Organization (ILO)","Public (Unrestricted)","","Public or Unrestricted",""
"South Africa","Unemployment rate","Percent","Quarterly","2019-Q3","28.911","Units","","","Reported official data","Overlapping Indicator","true","","","International Labor Organization (ILO)","Public (Unrestricted)","","Public or Unrestricted",""
"South Africa","Unemployment rate","Percent","Quarterly","2019-Q4","28.828","Units","","","Reported official data","Overlapping Indicator","true","","","International Labor Organization (ILO)","Public (Unrestricted)","","Public or Unrestricted",""
"South Africa","Unemployment rate","Percent","Quarterly","2020-Q1","29.91","Units","","","Reported official data","Overlapping Indicator","true","","","International Labor Organization (ILO)","Public (Unrestricted)","","Public or Unrestricted",""
"South Africa","Unemployment rate","Percent","Quarterly","2020-Q2","23.14","Units","","","Reported official data","Overlapping Indicator","true","","","International Labor Organization (ILO)","Public (Unrestricted)","","Public or Unrestricted",""
"South Africa","Unemployment rate","Percent","Quarterly","2020-Q3","30.533","Units","","","Reported official data","Overlapping Indicator","true","","","International Labor Organization (ILO)","Public (Unrestricted)","","Public or Unrestricted",""
"South Africa","Unemployment rate","Percent","Quarterly","2020-Q4","32.282","Units","","","Reported official data","Overlapping Indicator","true","","","International Labor Organization (ILO)","Public (Unrestricted)","","Public or Unrestricted",""
"South Africa","Unemployment rate","Percent","Quarterly","2021-Q1","32.347","Units","","","Reported official data","Overlapping Indicator","true","","","International Labor Organization (ILO)","Public (Unrestricted)","","Public or Unrestricted",""
"South Africa","Unemployment rate","Percent","Quarterly","2021-Q2","34.114","Units","","","Reported official data","Overlapping Indicator","true","","","International Labor Organization (ILO)","Public (Unrestricted)","","Public or Unrestricted",""
"South Africa","Unemployment rate","Percent","Quarterly","2021-Q3","34.589","Units","","","Reported official data","Overlapping Indicator","true","","","International Labor Organization (ILO)","Public (Unrestricted)","","Public or Unrestricted",""
"South Africa","Unemployment rate","Percent","Quarterly","2021-Q4","34.972","Units","","","Reported official data","Overlapping Indicator","true","","","International Labor Organization (ILO)","Public (Unrestricted)","","Public or Unrestricted",""
"South Africa","Unemployment rate","Percent","Quarterly","2022-Q1","34.298","Units","","","Reported official data","Overlapping Indicator","true","","","International Labor Organization (ILO)","Public (Unrestricted)","","Public or Unrestricted",""
"South Africa","Unemployment rate","Percent","Quarterly","2022-Q2","33.648","Units","","","Reported official data","Overlapping Indicator","true","","","International Labor Organization (ILO)","Public (Unrestricted)","","Public or Unrestricted",""
"South Africa","Unemployment rate","Percent","Quarterly","2022-Q3","32.659","Units","","","Reported official data","Overlapping Indicator","true","","","International Labor Organization (ILO)","Public (Unrestricted)","","Public or Unrestricted",""
"South Africa","Unemployment rate","Percent","Quarterly","2022-Q4","32.503","Units","","","Reported official data","Overlapping Indicator","true","","","International Labor Organization (ILO)","Public (Unrestricted)","","Public or Unrestricted",""
"South Africa","Unemployment rate","Percent","Quarterly","2023-Q1","32.626","Units","","","Reported official data","Overlapping Indicator","true","","","International Labor Organization (ILO)","Public (Unrestricted)","","Public or Unrestricted",""
"South Africa","Unemployment rate","Percent","Quarterly","2023-Q2","32.384","Units","","","Reported official data","Overlapping Indicator","true","","","International Labor Organization (ILO)","Public (Unrestricted)","","Public or Unrestricted",""
"South Africa","Unemployment rate","Percent","Quarterly","2023-Q3","31.639","Units","","","Reported official data","Overlapping Indicator","true","","","International Labor Organization (ILO)","Public (Unrestricted)","","Public or Unrestricted",""
"South Africa","Unemployment rate","Percent","Quarterly","2023-Q4","31.759","Units","","","Reported official data","Overlapping Indicator","true","","","International Labor Organization (ILO)","Public (Unrestricted)","","Public or Unrestricted",""
