﻿"COUNTRY","BOP_ACCOUNTING_ENTRY","INDICATOR","UNIT","FREQUENCY","TIME_PERIOD","OBS_VALUE","SCALE","PRECISION","DECIMALS_DISPLAYED","DERIVATION_TYPE","OVERLAP","IFS_FLAG","STATUS","METHODOLOGY","ACCESS_SHARING_LEVEL","ACCESS_SHARING_NOTES","SECURITY_CLASSIFICATION","SOURCE"
"China, People's Republic of","Net (credits less debits)","Current account balance (credit less debit)","US dollar","Annual","1982","5674000000","Millions","Millions","","Reported official data","Overlapping Indicator","","","Balance of Payments and International Investment Position Manual, Sixth Edition (BPM6)","Public (Unrestricted)","","Public or Unrestricted",""
"China, People's Republic of","Net (credits less debits)","Current account balance (credit less debit)","US dollar","Annual","1983","4240000000","Millions","Millions","","Reported official data","Overlapping Indicator","","","Balance of Payments and International Investment Position Manual, Sixth Edition (BPM6)","Public (Unrestricted)","","Public or Unrestricted",""
"China, People's Republic of","Net (credits less debits)","Current account balance (credit less debit)","US dollar","Annual","1984","2030000000","Millions","Millions","","Reported official data","Overlapping Indicator","","","Balance of Payments and International Investment Position Manual, Sixth Edition (BPM6)","Public (Unrestricted)","","Public or Unrestricted",""
"China, People's Republic of","Net (credits less debits)","Current account balance (credit less debit)","US dollar","Annual","1985","-11417000000","Millions","Millions","","Reported official data","Overlapping Indicator","","","Balance of Payments and International Investment Position Manual, Sixth Edition (BPM6)","Public (Unrestricted)","","Public or Unrestricted",""
"China, People's Republic of","Net (credits less debits)","Current account balance (credit less debit)","US dollar","Annual","1986","-7034000000","Millions","Millions","","Reported official data","Overlapping Indicator","","","Balance of Payments and International Investment Position Manual, Sixth Edition (BPM6)","Public (Unrestricted)","","Public or Unrestricted",""
"China, People's Republic of","Net (credits less debits)","Current account balance (credit less debit)","US dollar","Annual","1987","300000000","Millions","Millions","","Reported official data","Overlapping Indicator","","","Balance of Payments and International Investment Position Manual, Sixth Edition (BPM6)","Public (Unrestricted)","","Public or Unrestricted",""
"China, People's Republic of","Net (credits less debits)","Current account balance (credit less debit)","US dollar","Annual","1988","-3802000000","Millions","Millions","","Reported official data","Overlapping Indicator","","","Balance of Payments and International Investment Position Manual, Sixth Edition (BPM6)","Public (Unrestricted)","","Public or Unrestricted",""
"China, People's Republic of","Net (credits less debits)","Current account balance (credit less debit)","US dollar","Annual","1989","-4317000000","Millions","Millions","","Reported official data","Overlapping Indicator","","","Balance of Payments and International Investment Position Manual, Sixth Edition (BPM6)","Public (Unrestricted)","","Public or Unrestricted",""
"China, People's Republic of","Net (credits less debits)","Current account balance (credit less debit)","US dollar","Annual","1990","11997000000","Millions","Millions","","Reported official data","Overlapping Indicator","","","Balance of Payments and International Investment Position Manual, Sixth Edition (BPM6)","Public (Unrestricted)","","Public or Unrestricted",""
"China, People's Republic of","Net (credits less debits)","Current account balance (credit less debit)","US dollar","Annual","1991","13272000000","Millions","Millions","","Reported official data","Overlapping Indicator","","","Balance of Payments and International Investment Position Manual, Sixth Edition (BPM6)","Public (Unrestricted)","","Public or Unrestricted",""
"China, People's Republic of","Net (credits less debits)","Current account balance (credit less debit)","US dollar","Annual","1992","6401000000","Millions","Millions","","Reported official data","Overlapping Indicator","","","Balance of Payments and International Investment Position Manual, Sixth Edition (BPM6)","Public (Unrestricted)","","Public or Unrestricted",""
"China, People's Republic of","Net (credits less debits)","Current account balance (credit less debit)","US dollar","Annual","1993","-11609000000","Millions","Millions","","Reported official data","Overlapping Indicator","","","Balance of Payments and International Investment Position Manual, Sixth Edition (BPM6)","Public (Unrestricted)","","Public or Unrestricted",""
"China, People's Republic of","Net (credits less debits)","Current account balance (credit less debit)","US dollar","Annual","1994","6908000000","Millions","Millions","","Reported official data","Overlapping Indicator","","","Balance of Payments and International Investment Position Manual, Sixth Edition (BPM6)","Public (Unrestricted)","","Public or Unrestricted",""
"China, People's Republic of","Net (credits less debits)","Current account balance (credit less debit)","US dollar","Annual","1995","1618390000","Millions","Millions","","Reported official data","Overlapping Indicator","","","Balance of Payments and International Investment Position Manual, Sixth Edition (BPM6)","Public (Unrestricted)","","Public or Unrestricted",""
"China, People's Republic of","Net (credits less debits)","Current account balance (credit less debit)","US dollar","Annual","1996","7243000000","Millions","Millions","","Reported official data","Overlapping Indicator","","","Balance of Payments and International Investment Position Manual, Sixth Edition (BPM6)","Public (Unrestricted)","","Public or Unrestricted",""
"China, People's Republic of","Net (credits less debits)","Current account balance (credit less debit)","US dollar","Annual","1997","36963000000","Millions","Millions","","Reported official data","Overlapping Indicator","","","Balance of Payments and International Investment Position Manual, Sixth Edition (BPM6)","Public (Unrestricted)","","Public or Unrestricted",""
"China, People's Republic of","Net (credits less debits)","Current account balance (credit less debit)","US dollar","Annual","1998","31472000000","Millions","Millions","","Reported official data","Overlapping Indicator","","","Balance of Payments and International Investment Position Manual, Sixth Edition (BPM6)","Public (Unrestricted)","","Public or Unrestricted",""
"China, People's Republic of","Net (credits less debits)","Current account balance (credit less debit)","US dollar","Annual","1999","21115000000","Millions","Millions","","Reported official data","Overlapping Indicator","","","Balance of Payments and International Investment Position Manual, Sixth Edition (BPM6)","Public (Unrestricted)","","Public or Unrestricted",""
"China, People's Republic of","Net (credits less debits)","Current account balance (credit less debit)","US dollar","Annual","2000","20518382000","Millions","Millions","","Reported official data","Overlapping Indicator","","","Balance of Payments and International Investment Position Manual, Sixth Edition (BPM6)","Public (Unrestricted)","","Public or Unrestricted",""
"China, People's Republic of","Net (credits less debits)","Current account balance (credit less debit)","US dollar","Annual","2001","17401000000","Millions","Millions","","Reported official data","Overlapping Indicator","","","Balance of Payments and International Investment Position Manual, Sixth Edition (BPM6)","Public (Unrestricted)","","Public or Unrestricted",""
"China, People's Republic of","Net (credits less debits)","Current account balance (credit less debit)","US dollar","Annual","2002","35421997979.6472","Millions","Millions","","Reported official data","Overlapping Indicator","","","Balance of Payments and International Investment Position Manual, Sixth Edition (BPM6)","Public (Unrestricted)","","Public or Unrestricted",""
"China, People's Republic of","Net (credits less debits)","Current account balance (credit less debit)","US dollar","Annual","2003","43051582861.334","Millions","Millions","","Reported official data","Overlapping Indicator","","","Balance of Payments and International Investment Position Manual, Sixth Edition (BPM6)","Public (Unrestricted)","","Public or Unrestricted",""
"China, People's Republic of","Net (credits less debits)","Current account balance (credit less debit)","US dollar","Annual","2004","68940960688.562","Millions","Millions","","Reported official data","Overlapping Indicator","","","Balance of Payments and International Investment Position Manual, Sixth Edition (BPM6)","Public (Unrestricted)","","Public or Unrestricted",""
"China, People's Republic of","Net (credits less debits)","Current account balance (credit less debit)","US dollar","Annual","2005","132378493766.3992","Millions","Millions","","Reported official data","Overlapping Indicator","","","Balance of Payments and International Investment Position Manual, Sixth Edition (BPM6)","Public (Unrestricted)","","Public or Unrestricted",""
"China, People's Republic of","Net (credits less debits)","Current account balance (credit less debit)","US dollar","Annual","2006","231843041064.4136","Millions","Millions","","Reported official data","Overlapping Indicator","","","Balance of Payments and International Investment Position Manual, Sixth Edition (BPM6)","Public (Unrestricted)","","Public or Unrestricted",""
"China, People's Republic of","Net (credits less debits)","Current account balance (credit less debit)","US dollar","Annual","2007","353182677237.3157","Millions","Millions","","Reported official data","Overlapping Indicator","","","Balance of Payments and International Investment Position Manual, Sixth Edition (BPM6)","Public (Unrestricted)","","Public or Unrestricted",""
"China, People's Republic of","Net (credits less debits)","Current account balance (credit less debit)","US dollar","Annual","2008","420568516143.5449","Millions","Millions","","Reported official data","Overlapping Indicator","","","Balance of Payments and International Investment Position Manual, Sixth Edition (BPM6)","Public (Unrestricted)","","Public or Unrestricted",""
"China, People's Republic of","Net (credits less debits)","Current account balance (credit less debit)","US dollar","Annual","2009","243256567919.6182","Millions","Millions","","Reported official data","Overlapping Indicator","","","Balance of Payments and International Investment Position Manual, Sixth Edition (BPM6)","Public (Unrestricted)","","Public or Unrestricted",""
"China, People's Republic of","Net (credits less debits)","Current account balance (credit less debit)","US dollar","Annual","2010","237810389607.9548","Millions","Millions","","Reported official data","Overlapping Indicator","","","Balance of Payments and International Investment Position Manual, Sixth Edition (BPM6)","Public (Unrestricted)","","Public or Unrestricted",""
"China, People's Republic of","Net (credits less debits)","Current account balance (credit less debit)","US dollar","Annual","2011","136096761577.5501","Millions","Millions","","Reported official data","Overlapping Indicator","","","Balance of Payments and International Investment Position Manual, Sixth Edition (BPM6)","Public (Unrestricted)","","Public or Unrestricted",""
"China, People's Republic of","Net (credits less debits)","Current account balance (credit less debit)","US dollar","Annual","2012","215391747469.4416","Millions","Millions","","Reported official data","Overlapping Indicator","","","Balance of Payments and International Investment Position Manual, Sixth Edition (BPM6)","Public (Unrestricted)","","Public or Unrestricted",""
"China, People's Republic of","Net (credits less debits)","Current account balance (credit less debit)","US dollar","Annual","2013","148203949879.8773","Millions","Millions","","Reported official data","Overlapping Indicator","","","Balance of Payments and International Investment Position Manual, Sixth Edition (BPM6)","Public (Unrestricted)","","Public or Unrestricted",""
"China, People's Republic of","Net (credits less debits)","Current account balance (credit less debit)","US dollar","Annual","2014","236046577873.629","Millions","Millions","","Reported official data","Overlapping Indicator","","","Balance of Payments and International Investment Position Manual, Sixth Edition (BPM6)","Public (Unrestricted)","","Public or Unrestricted",""
"China, People's Republic of","Net (credits less debits)","Current account balance (credit less debit)","US dollar","Annual","2015","293022317035.5471","Millions","Millions","","Reported official data","Overlapping Indicator","","","Balance of Payments and International Investment Position Manual, Sixth Edition (BPM6)","Public (Unrestricted)","","Public or Unrestricted",""
"China, People's Republic of","Net (credits less debits)","Current account balance (credit less debit)","US dollar","Annual","2016","191337035941.9939","Millions","Millions","","Reported official data","Overlapping Indicator","","","Balance of Payments and International Investment Position Manual, Sixth Edition (BPM6)","Public (Unrestricted)","","Public or Unrestricted",""
"China, People's Republic of","Net (credits less debits)","Current account balance (credit less debit)","US dollar","Annual","2017","188676126121.1619","Millions","Millions","","Reported official data","Overlapping Indicator","","","Balance of Payments and International Investment Position Manual, Sixth Edition (BPM6)","Public (Unrestricted)","","Public or Unrestricted",""
"China, People's Republic of","Net (credits less debits)","Current account balance (credit less debit)","US dollar","Annual","2018","24130909184.49854","Millions","Millions","","Reported official data","Overlapping Indicator","","","Balance of Payments and International Investment Position Manual, Sixth Edition (BPM6)","Public (Unrestricted)","","Public or Unrestricted",""
"China, People's Republic of","Net (credits less debits)","Current account balance (credit less debit)","US dollar","Annual","2019","102909876008.3877","Millions","Millions","","Reported official data","Overlapping Indicator","","","Balance of Payments and International Investment Position Manual, Sixth Edition (BPM6)","Public (Unrestricted)","","Public or Unrestricted",""
"China, People's Republic of","Net (credits less debits)","Current account balance (credit less debit)","US dollar","Annual","2020","248835643936.04","Millions","Millions","","Reported official data","Overlapping Indicator","","","Balance of Payments and International Investment Position Manual, Sixth Edition (BPM6)","Public (Unrestricted)","","Public or Unrestricted",""
"China, People's Republic of","Net (credits less debits)","Current account balance (credit less debit)","US dollar","Annual","2021","352885754634.63","Millions","Millions","","Reported official data","Overlapping Indicator","","","Balance of Payments and International Investment Position Manual, Sixth Edition (BPM6)","Public (Unrestricted)","","Public or Unrestricted",""
"China, People's Republic of","Net (credits less debits)","Current account balance (credit less debit)","US dollar","Annual","2022","443374257116.4299","Millions","Millions","","Reported official data","Overlapping Indicator","","","Balance of Payments and International Investment Position Manual, Sixth Edition (BPM6)","Public (Unrestricted)","","Public or Unrestricted",""
"China, People's Republic of","Net (credits less debits)","Current account balance (credit less debit)","US dollar","Annual","2023","263382353368.19","Millions","Millions","","Reported official data","Overlapping Indicator","","","Balance of Payments and International Investment Position Manual, Sixth Edition (BPM6)","Public (Unrestricted)","","Public or Unrestricted",""
"China, People's Republic of","Net (credits less debits)","Current account balance (credit less debit)","US dollar","Annual","2024","423919214716.3","Millions","Millions","","Reported official data","Overlapping Indicator","","","Balance of Payments and International Investment Position Manual, Sixth Edition (BPM6)","Public (Unrestricted)","","Public or Unrestricted",""
"China, People's Republic of","Net (credits less debits)","Current account balance (credit less debit)","US dollar","Quarterly","2005-Q1","23836189754.5938","Millions","Millions","","Reported official data","Overlapping Indicator","","","Balance of Payments and International Investment Position Manual, Sixth Edition (BPM6)","Public (Unrestricted)","","Public or Unrestricted",""
"China, People's Republic of","Net (credits less debits)","Current account balance (credit less debit)","US dollar","Quarterly","2005-Q2","29422188444.4522","Millions","Millions","","Reported official data","Overlapping Indicator","","","Balance of Payments and International Investment Position Manual, Sixth Edition (BPM6)","Public (Unrestricted)","","Public or Unrestricted",""
"China, People's Republic of","Net (credits less debits)","Current account balance (credit less debit)","US dollar","Quarterly","2005-Q3","33494071840.426","Millions","Millions","","Reported official data","Overlapping Indicator","","","Balance of Payments and International Investment Position Manual, Sixth Edition (BPM6)","Public (Unrestricted)","","Public or Unrestricted",""
"China, People's Republic of","Net (credits less debits)","Current account balance (credit less debit)","US dollar","Quarterly","2005-Q4","45626043726.9272","Millions","Millions","","Reported official data","Overlapping Indicator","","","Balance of Payments and International Investment Position Manual, Sixth Edition (BPM6)","Public (Unrestricted)","","Public or Unrestricted",""
"China, People's Republic of","Net (credits less debits)","Current account balance (credit less debit)","US dollar","Quarterly","2006-Q1","33957280276.8313","Millions","Millions","","Reported official data","Overlapping Indicator","","","Balance of Payments and International Investment Position Manual, Sixth Edition (BPM6)","Public (Unrestricted)","","Public or Unrestricted",""
"China, People's Republic of","Net (credits less debits)","Current account balance (credit less debit)","US dollar","Quarterly","2006-Q2","47404027527.1274","Millions","Millions","","Reported official data","Overlapping Indicator","","","Balance of Payments and International Investment Position Manual, Sixth Edition (BPM6)","Public (Unrestricted)","","Public or Unrestricted",""
"China, People's Republic of","Net (credits less debits)","Current account balance (credit less debit)","US dollar","Quarterly","2006-Q3","60535417716.3883","Millions","Millions","","Reported official data","Overlapping Indicator","","","Balance of Payments and International Investment Position Manual, Sixth Edition (BPM6)","Public (Unrestricted)","","Public or Unrestricted",""
"China, People's Republic of","Net (credits less debits)","Current account balance (credit less debit)","US dollar","Quarterly","2006-Q4","89946315544.0666","Millions","Millions","","Reported official data","Overlapping Indicator","","","Balance of Payments and International Investment Position Manual, Sixth Edition (BPM6)","Public (Unrestricted)","","Public or Unrestricted",""
"China, People's Republic of","Net (credits less debits)","Current account balance (credit less debit)","US dollar","Quarterly","2007-Q1","66624451936.7797","Millions","Millions","","Reported official data","Overlapping Indicator","","","Balance of Payments and International Investment Position Manual, Sixth Edition (BPM6)","Public (Unrestricted)","","Public or Unrestricted",""
"China, People's Republic of","Net (credits less debits)","Current account balance (credit less debit)","US dollar","Quarterly","2007-Q2","86550566865.8177","Millions","Millions","","Reported official data","Overlapping Indicator","","","Balance of Payments and International Investment Position Manual, Sixth Edition (BPM6)","Public (Unrestricted)","","Public or Unrestricted",""
"China, People's Republic of","Net (credits less debits)","Current account balance (credit less debit)","US dollar","Quarterly","2007-Q3","98478627532.6583","Millions","Millions","","Reported official data","Overlapping Indicator","","","Balance of Payments and International Investment Position Manual, Sixth Edition (BPM6)","Public (Unrestricted)","","Public or Unrestricted",""
"China, People's Republic of","Net (credits less debits)","Current account balance (credit less debit)","US dollar","Quarterly","2007-Q4","101529030902.06","Millions","Millions","","Reported official data","Overlapping Indicator","","","Balance of Payments and International Investment Position Manual, Sixth Edition (BPM6)","Public (Unrestricted)","","Public or Unrestricted",""
"China, People's Republic of","Net (credits less debits)","Current account balance (credit less debit)","US dollar","Quarterly","2008-Q1","82204291052.1757","Millions","Millions","","Reported official data","Overlapping Indicator","","","Balance of Payments and International Investment Position Manual, Sixth Edition (BPM6)","Public (Unrestricted)","","Public or Unrestricted",""
"China, People's Republic of","Net (credits less debits)","Current account balance (credit less debit)","US dollar","Quarterly","2008-Q2","95472884801.1532","Millions","Millions","","Reported official data","Overlapping Indicator","","","Balance of Payments and International Investment Position Manual, Sixth Edition (BPM6)","Public (Unrestricted)","","Public or Unrestricted",""
"China, People's Republic of","Net (credits less debits)","Current account balance (credit less debit)","US dollar","Quarterly","2008-Q3","109806013102.467","Millions","Millions","","Reported official data","Overlapping Indicator","","","Balance of Payments and International Investment Position Manual, Sixth Edition (BPM6)","Public (Unrestricted)","","Public or Unrestricted",""
"China, People's Republic of","Net (credits less debits)","Current account balance (credit less debit)","US dollar","Quarterly","2008-Q4","133085327187.749","Millions","Millions","","Reported official data","Overlapping Indicator","","","Balance of Payments and International Investment Position Manual, Sixth Edition (BPM6)","Public (Unrestricted)","","Public or Unrestricted",""
"China, People's Republic of","Net (credits less debits)","Current account balance (credit less debit)","US dollar","Quarterly","2009-Q1","67331914421.0032","Millions","Millions","","Reported official data","Overlapping Indicator","","","Balance of Payments and International Investment Position Manual, Sixth Edition (BPM6)","Public (Unrestricted)","","Public or Unrestricted",""
"China, People's Republic of","Net (credits less debits)","Current account balance (credit less debit)","US dollar","Quarterly","2009-Q2","39691924008.0191","Millions","Millions","","Reported official data","Overlapping Indicator","","","Balance of Payments and International Investment Position Manual, Sixth Edition (BPM6)","Public (Unrestricted)","","Public or Unrestricted",""
"China, People's Republic of","Net (credits less debits)","Current account balance (credit less debit)","US dollar","Quarterly","2009-Q3","45350193593.4482","Millions","Millions","","Reported official data","Overlapping Indicator","","","Balance of Payments and International Investment Position Manual, Sixth Edition (BPM6)","Public (Unrestricted)","","Public or Unrestricted",""
"China, People's Republic of","Net (credits less debits)","Current account balance (credit less debit)","US dollar","Quarterly","2009-Q4","90882535897.1477","Millions","Millions","","Reported official data","Overlapping Indicator","","","Balance of Payments and International Investment Position Manual, Sixth Edition (BPM6)","Public (Unrestricted)","","Public or Unrestricted",""
"China, People's Republic of","Net (credits less debits)","Current account balance (credit less debit)","US dollar","Quarterly","2010-Q1","24995404447.5312","Millions","Millions","","Reported official data","Overlapping Indicator","","","Balance of Payments and International Investment Position Manual, Sixth Edition (BPM6)","Public (Unrestricted)","","Public or Unrestricted",""
"China, People's Republic of","Net (credits less debits)","Current account balance (credit less debit)","US dollar","Quarterly","2010-Q2","43764170493.6863","Millions","Millions","","Reported official data","Overlapping Indicator","","","Balance of Payments and International Investment Position Manual, Sixth Edition (BPM6)","Public (Unrestricted)","","Public or Unrestricted",""
"China, People's Republic of","Net (credits less debits)","Current account balance (credit less debit)","US dollar","Quarterly","2010-Q3","82631711223.3525","Millions","Millions","","Reported official data","Overlapping Indicator","","","Balance of Payments and International Investment Position Manual, Sixth Edition (BPM6)","Public (Unrestricted)","","Public or Unrestricted",""
"China, People's Republic of","Net (credits less debits)","Current account balance (credit less debit)","US dollar","Quarterly","2010-Q4","86419103443.3848","Millions","Millions","","Reported official data","Overlapping Indicator","","","Balance of Payments and International Investment Position Manual, Sixth Edition (BPM6)","Public (Unrestricted)","","Public or Unrestricted",""
"China, People's Republic of","Net (credits less debits)","Current account balance (credit less debit)","US dollar","Quarterly","2011-Q1","1502135178.66918","Millions","Millions","","Reported official data","Overlapping Indicator","","","Balance of Payments and International Investment Position Manual, Sixth Edition (BPM6)","Public (Unrestricted)","","Public or Unrestricted",""
"China, People's Republic of","Net (credits less debits)","Current account balance (credit less debit)","US dollar","Quarterly","2011-Q2","43728219357.4626","Millions","Millions","","Reported official data","Overlapping Indicator","","","Balance of Payments and International Investment Position Manual, Sixth Edition (BPM6)","Public (Unrestricted)","","Public or Unrestricted",""
"China, People's Republic of","Net (credits less debits)","Current account balance (credit less debit)","US dollar","Quarterly","2011-Q3","42432779625.3342","Millions","Millions","","Reported official data","Overlapping Indicator","","","Balance of Payments and International Investment Position Manual, Sixth Edition (BPM6)","Public (Unrestricted)","","Public or Unrestricted",""
"China, People's Republic of","Net (credits less debits)","Current account balance (credit less debit)","US dollar","Quarterly","2011-Q4","48433627416.0841","Millions","Millions","","Reported official data","Overlapping Indicator","","","Balance of Payments and International Investment Position Manual, Sixth Edition (BPM6)","Public (Unrestricted)","","Public or Unrestricted",""
"China, People's Republic of","Net (credits less debits)","Current account balance (credit less debit)","US dollar","Quarterly","2012-Q1","28568475763.8623","Millions","Millions","","Reported official data","Overlapping Indicator","","","Balance of Payments and International Investment Position Manual, Sixth Edition (BPM6)","Public (Unrestricted)","","Public or Unrestricted",""
"China, People's Republic of","Net (credits less debits)","Current account balance (credit less debit)","US dollar","Quarterly","2012-Q2","59004848643.2109","Millions","Millions","","Reported official data","Overlapping Indicator","","","Balance of Payments and International Investment Position Manual, Sixth Edition (BPM6)","Public (Unrestricted)","","Public or Unrestricted",""
"China, People's Republic of","Net (credits less debits)","Current account balance (credit less debit)","US dollar","Quarterly","2012-Q3","76194910947.9977","Millions","Millions","","Reported official data","Overlapping Indicator","","","Balance of Payments and International Investment Position Manual, Sixth Edition (BPM6)","Public (Unrestricted)","","Public or Unrestricted",""
"China, People's Republic of","Net (credits less debits)","Current account balance (credit less debit)","US dollar","Quarterly","2012-Q4","51623512114.3707","Millions","Millions","","Reported official data","Overlapping Indicator","","","Balance of Payments and International Investment Position Manual, Sixth Edition (BPM6)","Public (Unrestricted)","","Public or Unrestricted",""
"China, People's Republic of","Net (credits less debits)","Current account balance (credit less debit)","US dollar","Quarterly","2013-Q1","40978807658.5246","Millions","Millions","","Reported official data","Overlapping Indicator","","","Balance of Payments and International Investment Position Manual, Sixth Edition (BPM6)","Public (Unrestricted)","","Public or Unrestricted",""
"China, People's Republic of","Net (credits less debits)","Current account balance (credit less debit)","US dollar","Quarterly","2013-Q2","42671216833.7336","Millions","Millions","","Reported official data","Overlapping Indicator","","","Balance of Payments and International Investment Position Manual, Sixth Edition (BPM6)","Public (Unrestricted)","","Public or Unrestricted",""
"China, People's Republic of","Net (credits less debits)","Current account balance (credit less debit)","US dollar","Quarterly","2013-Q3","32587397249.7965","Millions","Millions","","Reported official data","Overlapping Indicator","","","Balance of Payments and International Investment Position Manual, Sixth Edition (BPM6)","Public (Unrestricted)","","Public or Unrestricted",""
"China, People's Republic of","Net (credits less debits)","Current account balance (credit less debit)","US dollar","Quarterly","2013-Q4","31966528137.8226","Millions","Millions","","Reported official data","Overlapping Indicator","","","Balance of Payments and International Investment Position Manual, Sixth Edition (BPM6)","Public (Unrestricted)","","Public or Unrestricted",""
"China, People's Republic of","Net (credits less debits)","Current account balance (credit less debit)","US dollar","Quarterly","2014-Q1","5476876256.87616","Millions","Millions","","Reported official data","Overlapping Indicator","","","Balance of Payments and International Investment Position Manual, Sixth Edition (BPM6)","Public (Unrestricted)","","Public or Unrestricted",""
"China, People's Republic of","Net (credits less debits)","Current account balance (credit less debit)","US dollar","Quarterly","2014-Q2","75483562250.9014","Millions","Millions","","Reported official data","Overlapping Indicator","","","Balance of Payments and International Investment Position Manual, Sixth Edition (BPM6)","Public (Unrestricted)","","Public or Unrestricted",""
"China, People's Republic of","Net (credits less debits)","Current account balance (credit less debit)","US dollar","Quarterly","2014-Q3","78504800813.7803","Millions","Millions","","Reported official data","Overlapping Indicator","","","Balance of Payments and International Investment Position Manual, Sixth Edition (BPM6)","Public (Unrestricted)","","Public or Unrestricted",""
"China, People's Republic of","Net (credits less debits)","Current account balance (credit less debit)","US dollar","Quarterly","2014-Q4","76581338552.0711","Millions","Millions","","Reported official data","Overlapping Indicator","","","Balance of Payments and International Investment Position Manual, Sixth Edition (BPM6)","Public (Unrestricted)","","Public or Unrestricted",""
"China, People's Republic of","Net (credits less debits)","Current account balance (credit less debit)","US dollar","Quarterly","2015-Q1","75172812492.62","Millions","Millions","","Reported official data","Overlapping Indicator","","","Balance of Payments and International Investment Position Manual, Sixth Edition (BPM6)","Public (Unrestricted)","","Public or Unrestricted",""
"China, People's Republic of","Net (credits less debits)","Current account balance (credit less debit)","US dollar","Quarterly","2015-Q2","67600051595.4297","Millions","Millions","","Reported official data","Overlapping Indicator","","","Balance of Payments and International Investment Position Manual, Sixth Edition (BPM6)","Public (Unrestricted)","","Public or Unrestricted",""
"China, People's Republic of","Net (credits less debits)","Current account balance (credit less debit)","US dollar","Quarterly","2015-Q3","66765709772.7665","Millions","Millions","","Reported official data","Overlapping Indicator","","","Balance of Payments and International Investment Position Manual, Sixth Edition (BPM6)","Public (Unrestricted)","","Public or Unrestricted",""
"China, People's Republic of","Net (credits less debits)","Current account balance (credit less debit)","US dollar","Quarterly","2015-Q4","83483743174.7309","Millions","Millions","","Reported official data","Overlapping Indicator","","","Balance of Payments and International Investment Position Manual, Sixth Edition (BPM6)","Public (Unrestricted)","","Public or Unrestricted",""
"China, People's Republic of","Net (credits less debits)","Current account balance (credit less debit)","US dollar","Quarterly","2016-Q1","45509623268.1466","Millions","Millions","","Reported official data","Overlapping Indicator","","","Balance of Payments and International Investment Position Manual, Sixth Edition (BPM6)","Public (Unrestricted)","","Public or Unrestricted",""
"China, People's Republic of","Net (credits less debits)","Current account balance (credit less debit)","US dollar","Quarterly","2016-Q2","59098497699.374","Millions","Millions","","Reported official data","Overlapping Indicator","","","Balance of Payments and International Investment Position Manual, Sixth Edition (BPM6)","Public (Unrestricted)","","Public or Unrestricted",""
"China, People's Republic of","Net (credits less debits)","Current account balance (credit less debit)","US dollar","Quarterly","2016-Q3","72009578287.658","Millions","Millions","","Reported official data","Overlapping Indicator","","","Balance of Payments and International Investment Position Manual, Sixth Edition (BPM6)","Public (Unrestricted)","","Public or Unrestricted",""
"China, People's Republic of","Net (credits less debits)","Current account balance (credit less debit)","US dollar","Quarterly","2016-Q4","14719336686.8153","Millions","Millions","","Reported official data","Overlapping Indicator","","","Balance of Payments and International Investment Position Manual, Sixth Edition (BPM6)","Public (Unrestricted)","","Public or Unrestricted",""
"China, People's Republic of","Net (credits less debits)","Current account balance (credit less debit)","US dollar","Quarterly","2017-Q1","20916864889.6069","Millions","Millions","","Reported official data","Overlapping Indicator","","","Balance of Payments and International Investment Position Manual, Sixth Edition (BPM6)","Public (Unrestricted)","","Public or Unrestricted",""
"China, People's Republic of","Net (credits less debits)","Current account balance (credit less debit)","US dollar","Quarterly","2017-Q2","53801578872.8603","Millions","Millions","","Reported official data","Overlapping Indicator","","","Balance of Payments and International Investment Position Manual, Sixth Edition (BPM6)","Public (Unrestricted)","","Public or Unrestricted",""
"China, People's Republic of","Net (credits less debits)","Current account balance (credit less debit)","US dollar","Quarterly","2017-Q3","43150168108.9066","Millions","Millions","","Reported official data","Overlapping Indicator","","","Balance of Payments and International Investment Position Manual, Sixth Edition (BPM6)","Public (Unrestricted)","","Public or Unrestricted",""
"China, People's Republic of","Net (credits less debits)","Current account balance (credit less debit)","US dollar","Quarterly","2017-Q4","70807514249.7881","Millions","Millions","","Reported official data","Overlapping Indicator","","","Balance of Payments and International Investment Position Manual, Sixth Edition (BPM6)","Public (Unrestricted)","","Public or Unrestricted",""
"China, People's Republic of","Net (credits less debits)","Current account balance (credit less debit)","US dollar","Quarterly","2018-Q1","-39773208761.134","Millions","Millions","","Reported official data","Overlapping Indicator","","","Balance of Payments and International Investment Position Manual, Sixth Edition (BPM6)","Public (Unrestricted)","","Public or Unrestricted",""
"China, People's Republic of","Net (credits less debits)","Current account balance (credit less debit)","US dollar","Quarterly","2018-Q2","-2642131463.45236","Millions","Millions","","Reported official data","Overlapping Indicator","","","Balance of Payments and International Investment Position Manual, Sixth Edition (BPM6)","Public (Unrestricted)","","Public or Unrestricted",""
"China, People's Republic of","Net (credits less debits)","Current account balance (credit less debit)","US dollar","Quarterly","2018-Q3","17574326621.6838","Millions","Millions","","Reported official data","Overlapping Indicator","","","Balance of Payments and International Investment Position Manual, Sixth Edition (BPM6)","Public (Unrestricted)","","Public or Unrestricted",""
"China, People's Republic of","Net (credits less debits)","Current account balance (credit less debit)","US dollar","Quarterly","2018-Q4","48971922787.4011","Millions","Millions","","Reported official data","Overlapping Indicator","","","Balance of Payments and International Investment Position Manual, Sixth Edition (BPM6)","Public (Unrestricted)","","Public or Unrestricted",""
"China, People's Republic of","Net (credits less debits)","Current account balance (credit less debit)","US dollar","Quarterly","2019-Q1","22297890144.1249","Millions","Millions","","Reported official data","Overlapping Indicator","","","Balance of Payments and International Investment Position Manual, Sixth Edition (BPM6)","Public (Unrestricted)","","Public or Unrestricted",""
"China, People's Republic of","Net (credits less debits)","Current account balance (credit less debit)","US dollar","Quarterly","2019-Q2","19812644961.9461","Millions","Millions","","Reported official data","Overlapping Indicator","","","Balance of Payments and International Investment Position Manual, Sixth Edition (BPM6)","Public (Unrestricted)","","Public or Unrestricted",""
"China, People's Republic of","Net (credits less debits)","Current account balance (credit less debit)","US dollar","Quarterly","2019-Q3","30634105981.187","Millions","Millions","","Reported official data","Overlapping Indicator","","","Balance of Payments and International Investment Position Manual, Sixth Edition (BPM6)","Public (Unrestricted)","","Public or Unrestricted",""
"China, People's Republic of","Net (credits less debits)","Current account balance (credit less debit)","US dollar","Quarterly","2019-Q4","30165234921.1297","Millions","Millions","","Reported official data","Overlapping Indicator","","","Balance of Payments and International Investment Position Manual, Sixth Edition (BPM6)","Public (Unrestricted)","","Public or Unrestricted",""
"China, People's Republic of","Net (credits less debits)","Current account balance (credit less debit)","US dollar","Quarterly","2020-Q1","-52251501318.23","Millions","Millions","","Reported official data","Overlapping Indicator","","","Balance of Payments and International Investment Position Manual, Sixth Edition (BPM6)","Public (Unrestricted)","","Public or Unrestricted",""
"China, People's Republic of","Net (credits less debits)","Current account balance (credit less debit)","US dollar","Quarterly","2020-Q2","91091595723.42","Millions","Millions","","Reported official data","Overlapping Indicator","","","Balance of Payments and International Investment Position Manual, Sixth Edition (BPM6)","Public (Unrestricted)","","Public or Unrestricted",""
"China, People's Republic of","Net (credits less debits)","Current account balance (credit less debit)","US dollar","Quarterly","2020-Q3","89302811245.09","Millions","Millions","","Reported official data","Overlapping Indicator","","","Balance of Payments and International Investment Position Manual, Sixth Edition (BPM6)","Public (Unrestricted)","","Public or Unrestricted",""
"China, People's Republic of","Net (credits less debits)","Current account balance (credit less debit)","US dollar","Quarterly","2020-Q4","120692738285.76","Millions","Millions","","Reported official data","Overlapping Indicator","","","Balance of Payments and International Investment Position Manual, Sixth Edition (BPM6)","Public (Unrestricted)","","Public or Unrestricted",""
"China, People's Republic of","Net (credits less debits)","Current account balance (credit less debit)","US dollar","Quarterly","2021-Q1","76236459609.31","Millions","Millions","","Reported official data","Overlapping Indicator","","","Balance of Payments and International Investment Position Manual, Sixth Edition (BPM6)","Public (Unrestricted)","","Public or Unrestricted",""
"China, People's Republic of","Net (credits less debits)","Current account balance (credit less debit)","US dollar","Quarterly","2021-Q2","55486782915.01","Millions","Millions","","Reported official data","Overlapping Indicator","","","Balance of Payments and International Investment Position Manual, Sixth Edition (BPM6)","Public (Unrestricted)","","Public or Unrestricted",""
"China, People's Republic of","Net (credits less debits)","Current account balance (credit less debit)","US dollar","Quarterly","2021-Q3","92305350938.35","Millions","Millions","","Reported official data","Overlapping Indicator","","","Balance of Payments and International Investment Position Manual, Sixth Edition (BPM6)","Public (Unrestricted)","","Public or Unrestricted",""
"China, People's Republic of","Net (credits less debits)","Current account balance (credit less debit)","US dollar","Quarterly","2021-Q4","128857161171.96","Millions","Millions","","Reported official data","Overlapping Indicator","","","Balance of Payments and International Investment Position Manual, Sixth Edition (BPM6)","Public (Unrestricted)","","Public or Unrestricted",""
"China, People's Republic of","Net (credits less debits)","Current account balance (credit less debit)","US dollar","Quarterly","2022-Q1","96196792480.4299","Millions","Millions","","Reported official data","Overlapping Indicator","","","Balance of Payments and International Investment Position Manual, Sixth Edition (BPM6)","Public (Unrestricted)","","Public or Unrestricted",""
"China, People's Republic of","Net (credits less debits)","Current account balance (credit less debit)","US dollar","Quarterly","2022-Q2","83970862019.58","Millions","Millions","","Reported official data","Overlapping Indicator","","","Balance of Payments and International Investment Position Manual, Sixth Edition (BPM6)","Public (Unrestricted)","","Public or Unrestricted",""
"China, People's Republic of","Net (credits less debits)","Current account balance (credit less debit)","US dollar","Quarterly","2022-Q3","151478181865.74","Millions","Millions","","Reported official data","Overlapping Indicator","","","Balance of Payments and International Investment Position Manual, Sixth Edition (BPM6)","Public (Unrestricted)","","Public or Unrestricted",""
"China, People's Republic of","Net (credits less debits)","Current account balance (credit less debit)","US dollar","Quarterly","2022-Q4","111728420750.68","Millions","Millions","","Reported official data","Overlapping Indicator","","","Balance of Payments and International Investment Position Manual, Sixth Edition (BPM6)","Public (Unrestricted)","","Public or Unrestricted",""
"China, People's Republic of","Net (credits less debits)","Current account balance (credit less debit)","US dollar","Quarterly","2023-Q1","73870955972.26","Millions","Millions","","Reported official data","Overlapping Indicator","","","Balance of Payments and International Investment Position Manual, Sixth Edition (BPM6)","Public (Unrestricted)","","Public or Unrestricted",""
"China, People's Republic of","Net (credits less debits)","Current account balance (credit less debit)","US dollar","Quarterly","2023-Q2","62544622141.21","Millions","Millions","","Reported official data","Overlapping Indicator","","","Balance of Payments and International Investment Position Manual, Sixth Edition (BPM6)","Public (Unrestricted)","","Public or Unrestricted",""
"China, People's Republic of","Net (credits less debits)","Current account balance (credit less debit)","US dollar","Quarterly","2023-Q3","68490370468.25","Millions","Millions","","Reported official data","Overlapping Indicator","","","Balance of Payments and International Investment Position Manual, Sixth Edition (BPM6)","Public (Unrestricted)","","Public or Unrestricted",""
"China, People's Republic of","Net (credits less debits)","Current account balance (credit less debit)","US dollar","Quarterly","2023-Q4","58476404786.47","Millions","Millions","","Reported official data","Overlapping Indicator","","","Balance of Payments and International Investment Position Manual, Sixth Edition (BPM6)","Public (Unrestricted)","","Public or Unrestricted",""
"China, People's Republic of","Net (credits less debits)","Current account balance (credit less debit)","US dollar","Quarterly","2024-Q1","47247937881.26","Millions","Millions","","Reported official data","Overlapping Indicator","","","Balance of Payments and International Investment Position Manual, Sixth Edition (BPM6)","Public (Unrestricted)","","Public or Unrestricted",""
"China, People's Republic of","Net (credits less debits)","Current account balance (credit less debit)","US dollar","Quarterly","2024-Q2","55459203816.51","Millions","Millions","","Reported official data","Overlapping Indicator","","","Balance of Payments and International Investment Position Manual, Sixth Edition (BPM6)","Public (Unrestricted)","","Public or Unrestricted",""
"China, People's Republic of","Net (credits less debits)","Current account balance (credit less debit)","US dollar","Quarterly","2024-Q3","157436502295.63","Millions","Millions","","Reported official data","Overlapping Indicator","","","Balance of Payments and International Investment Position Manual, Sixth Edition (BPM6)","Public (Unrestricted)","","Public or Unrestricted",""
"China, People's Republic of","Net (credits less debits)","Current account balance (credit less debit)","US dollar","Quarterly","2024-Q4","163775570722.9","Millions","Millions","","Reported official data","Overlapping Indicator","","","Balance of Payments and International Investment Position Manual, Sixth Edition (BPM6)","Public (Unrestricted)","","Public or Unrestricted",""
