﻿"COUNTRY","INDICATOR","TYPE_OF_TRANSFORMATION","FREQUENCY","TIME_PERIOD","OBS_VALUE","SCALE","PRECISION","DECIMALS_DISPLAYED","DERIVATION_TYPE","OVERLAP","IFS_FLAG","REFERENCE_PERIOD","STATUS","METHODOLOGY","ACCESS_SHARING_LEVEL","ACCESS_SHARING_NOTES","SECURITY_CLASSIFICATION","SOURCE"
"Hong Kong Special Administrative Region, People's Republic of China","Labor force","Persons","Quarterly","1981-Q4","2490000","Thousands","","","Reported official data","Overlapping Indicator","true","","","International Labor Organization (ILO)","Public (Unrestricted)","","Public or Unrestricted",""
"Hong Kong Special Administrative Region, People's Republic of China","Labor force","Persons","Quarterly","1982-Q1","2479033.333333333","Thousands","","","Reported official data","Overlapping Indicator","true","","","International Labor Organization (ILO)","Public (Unrestricted)","","Public or Unrestricted",""
"Hong Kong Special Administrative Region, People's Republic of China","Labor force","Persons","Quarterly","1982-Q2","2481900","Thousands","","","Reported official data","Overlapping Indicator","true","","","International Labor Organization (ILO)","Public (Unrestricted)","","Public or Unrestricted",""
"Hong Kong Special Administrative Region, People's Republic of China","Labor force","Persons","Quarterly","1982-Q3","2504033.333333333","Thousands","","","Reported official data","Overlapping Indicator","true","","","International Labor Organization (ILO)","Public (Unrestricted)","","Public or Unrestricted",""
"Hong Kong Special Administrative Region, People's Republic of China","Labor force","Persons","Quarterly","1982-Q4","2508000","Thousands","","","Reported official data","Overlapping Indicator","true","","","International Labor Organization (ILO)","Public (Unrestricted)","","Public or Unrestricted",""
"Hong Kong Special Administrative Region, People's Republic of China","Labor force","Persons","Quarterly","1983-Q1","2495600","Thousands","","","Reported official data","Overlapping Indicator","true","","","International Labor Organization (ILO)","Public (Unrestricted)","","Public or Unrestricted",""
"Hong Kong Special Administrative Region, People's Republic of China","Labor force","Persons","Quarterly","1983-Q2","2515333.333333333","Thousands","","","Reported official data","Overlapping Indicator","true","","","International Labor Organization (ILO)","Public (Unrestricted)","","Public or Unrestricted",""
"Hong Kong Special Administrative Region, People's Republic of China","Labor force","Persons","Quarterly","1983-Q3","2567233.333333333","Thousands","","","Reported official data","Overlapping Indicator","true","","","International Labor Organization (ILO)","Public (Unrestricted)","","Public or Unrestricted",""
"Hong Kong Special Administrative Region, People's Republic of China","Labor force","Persons","Quarterly","1983-Q4","2565100","Thousands","","","Reported official data","Overlapping Indicator","true","","","International Labor Organization (ILO)","Public (Unrestricted)","","Public or Unrestricted",""
"Hong Kong Special Administrative Region, People's Republic of China","Labor force","Persons","Quarterly","1984-Q1","2548066.666666667","Thousands","","","Reported official data","Overlapping Indicator","true","","","International Labor Organization (ILO)","Public (Unrestricted)","","Public or Unrestricted",""
"Hong Kong Special Administrative Region, People's Republic of China","Labor force","Persons","Quarterly","1984-Q2","2589300","Thousands","","","Reported official data","Overlapping Indicator","true","","","International Labor Organization (ILO)","Public (Unrestricted)","","Public or Unrestricted",""
"Hong Kong Special Administrative Region, People's Republic of China","Labor force","Persons","Quarterly","1984-Q3","2644866.666666667","Thousands","","","Reported official data","Overlapping Indicator","true","","","International Labor Organization (ILO)","Public (Unrestricted)","","Public or Unrestricted",""
"Hong Kong Special Administrative Region, People's Republic of China","Labor force","Persons","Quarterly","1984-Q4","2620466.666666667","Thousands","","","Reported official data","Overlapping Indicator","true","","","International Labor Organization (ILO)","Public (Unrestricted)","","Public or Unrestricted",""
"Hong Kong Special Administrative Region, People's Republic of China","Labor force","Persons","Quarterly","1985-Q1","2618533.333333333","Thousands","","","Reported official data","Overlapping Indicator","true","","","International Labor Organization (ILO)","Public (Unrestricted)","","Public or Unrestricted",""
"Hong Kong Special Administrative Region, People's Republic of China","Labor force","Persons","Quarterly","1985-Q2","2600333.333333333","Thousands","","","Reported official data","Overlapping Indicator","true","","","International Labor Organization (ILO)","Public (Unrestricted)","","Public or Unrestricted",""
"Hong Kong Special Administrative Region, People's Republic of China","Labor force","Persons","Quarterly","1985-Q3","2649100","Thousands","","","Reported official data","Overlapping Indicator","true","","","International Labor Organization (ILO)","Public (Unrestricted)","","Public or Unrestricted",""
"Hong Kong Special Administrative Region, People's Republic of China","Labor force","Persons","Quarterly","1985-Q4","2633066.666666667","Thousands","","","Reported official data","Overlapping Indicator","true","","","International Labor Organization (ILO)","Public (Unrestricted)","","Public or Unrestricted",""
"Hong Kong Special Administrative Region, People's Republic of China","Labor force","Persons","Quarterly","1986-Q1","2650533.333333333","Thousands","","","Reported official data","Overlapping Indicator","true","","","International Labor Organization (ILO)","Public (Unrestricted)","","Public or Unrestricted",""
"Hong Kong Special Administrative Region, People's Republic of China","Labor force","Persons","Quarterly","1986-Q2","2682766.666666667","Thousands","","","Reported official data","Overlapping Indicator","true","","","International Labor Organization (ILO)","Public (Unrestricted)","","Public or Unrestricted",""
"Hong Kong Special Administrative Region, People's Republic of China","Labor force","Persons","Quarterly","1986-Q3","2722700","Thousands","","","Reported official data","Overlapping Indicator","true","","","International Labor Organization (ILO)","Public (Unrestricted)","","Public or Unrestricted",""
"Hong Kong Special Administrative Region, People's Republic of China","Labor force","Persons","Quarterly","1986-Q4","2716233.333333333","Thousands","","","Reported official data","Overlapping Indicator","true","","","International Labor Organization (ILO)","Public (Unrestricted)","","Public or Unrestricted",""
"Hong Kong Special Administrative Region, People's Republic of China","Labor force","Persons","Quarterly","1987-Q1","2676366.666666667","Thousands","","","Reported official data","Overlapping Indicator","true","","","International Labor Organization (ILO)","Public (Unrestricted)","","Public or Unrestricted",""
"Hong Kong Special Administrative Region, People's Republic of China","Labor force","Persons","Quarterly","1987-Q2","2703166.666666667","Thousands","","","Reported official data","Overlapping Indicator","true","","","International Labor Organization (ILO)","Public (Unrestricted)","","Public or Unrestricted",""
"Hong Kong Special Administrative Region, People's Republic of China","Labor force","Persons","Quarterly","1987-Q3","2744800","Thousands","","","Reported official data","Overlapping Indicator","true","","","International Labor Organization (ILO)","Public (Unrestricted)","","Public or Unrestricted",""
"Hong Kong Special Administrative Region, People's Republic of China","Labor force","Persons","Quarterly","1987-Q4","2772966.666666667","Thousands","","","Reported official data","Overlapping Indicator","true","","","International Labor Organization (ILO)","Public (Unrestricted)","","Public or Unrestricted",""
"Hong Kong Special Administrative Region, People's Republic of China","Labor force","Persons","Quarterly","1988-Q1","2758033.333333333","Thousands","","","Reported official data","Overlapping Indicator","true","","","International Labor Organization (ILO)","Public (Unrestricted)","","Public or Unrestricted",""
"Hong Kong Special Administrative Region, People's Republic of China","Labor force","Persons","Quarterly","1988-Q2","2738566.666666667","Thousands","","","Reported official data","Overlapping Indicator","true","","","International Labor Organization (ILO)","Public (Unrestricted)","","Public or Unrestricted",""
"Hong Kong Special Administrative Region, People's Republic of China","Labor force","Persons","Quarterly","1988-Q3","2769466.666666667","Thousands","","","Reported official data","Overlapping Indicator","true","","","International Labor Organization (ILO)","Public (Unrestricted)","","Public or Unrestricted",""
"Hong Kong Special Administrative Region, People's Republic of China","Labor force","Persons","Quarterly","1988-Q4","2781466.666666667","Thousands","","","Reported official data","Overlapping Indicator","true","","","International Labor Organization (ILO)","Public (Unrestricted)","","Public or Unrestricted",""
"Hong Kong Special Administrative Region, People's Republic of China","Labor force","Persons","Quarterly","1989-Q1","2771766.666666667","Thousands","","","Reported official data","Overlapping Indicator","true","","","International Labor Organization (ILO)","Public (Unrestricted)","","Public or Unrestricted",""
"Hong Kong Special Administrative Region, People's Republic of China","Labor force","Persons","Quarterly","1989-Q2","2741000","Thousands","","","Reported official data","Overlapping Indicator","true","","","International Labor Organization (ILO)","Public (Unrestricted)","","Public or Unrestricted",""
"Hong Kong Special Administrative Region, People's Republic of China","Labor force","Persons","Quarterly","1989-Q3","2743633.333333333","Thousands","","","Reported official data","Overlapping Indicator","true","","","International Labor Organization (ILO)","Public (Unrestricted)","","Public or Unrestricted",""
"Hong Kong Special Administrative Region, People's Republic of China","Labor force","Persons","Quarterly","1989-Q4","2758333.333333333","Thousands","","","Reported official data","Overlapping Indicator","true","","","International Labor Organization (ILO)","Public (Unrestricted)","","Public or Unrestricted",""
"Hong Kong Special Administrative Region, People's Republic of China","Labor force","Persons","Quarterly","1990-Q1","2743233.333333333","Thousands","","","Reported official data","Overlapping Indicator","true","","","International Labor Organization (ILO)","Public (Unrestricted)","","Public or Unrestricted",""
"Hong Kong Special Administrative Region, People's Republic of China","Labor force","Persons","Quarterly","1990-Q2","2740466.666666667","Thousands","","","Reported official data","Overlapping Indicator","true","","","International Labor Organization (ILO)","Public (Unrestricted)","","Public or Unrestricted",""
"Hong Kong Special Administrative Region, People's Republic of China","Labor force","Persons","Quarterly","1990-Q3","2740600","Thousands","","","Reported official data","Overlapping Indicator","true","","","International Labor Organization (ILO)","Public (Unrestricted)","","Public or Unrestricted",""
"Hong Kong Special Administrative Region, People's Republic of China","Labor force","Persons","Quarterly","1990-Q4","2774700","Thousands","","","Reported official data","Overlapping Indicator","true","","","International Labor Organization (ILO)","Public (Unrestricted)","","Public or Unrestricted",""
"Hong Kong Special Administrative Region, People's Republic of China","Labor force","Persons","Quarterly","1991-Q1","2780100","Thousands","","","Reported official data","Overlapping Indicator","true","","","International Labor Organization (ILO)","Public (Unrestricted)","","Public or Unrestricted",""
"Hong Kong Special Administrative Region, People's Republic of China","Labor force","Persons","Quarterly","1991-Q2","2787633.333333333","Thousands","","","Reported official data","Overlapping Indicator","true","","","International Labor Organization (ILO)","Public (Unrestricted)","","Public or Unrestricted",""
"Hong Kong Special Administrative Region, People's Republic of China","Labor force","Persons","Quarterly","1991-Q3","2805300","Thousands","","","Reported official data","Overlapping Indicator","true","","","International Labor Organization (ILO)","Public (Unrestricted)","","Public or Unrestricted",""
"Hong Kong Special Administrative Region, People's Republic of China","Labor force","Persons","Quarterly","1991-Q4","2831566.666666667","Thousands","","","Reported official data","Overlapping Indicator","true","","","International Labor Organization (ILO)","Public (Unrestricted)","","Public or Unrestricted",""
"Hong Kong Special Administrative Region, People's Republic of China","Labor force","Persons","Quarterly","1992-Q1","2789466.666666667","Thousands","","","Reported official data","Overlapping Indicator","true","","","International Labor Organization (ILO)","Public (Unrestricted)","","Public or Unrestricted",""
"Hong Kong Special Administrative Region, People's Republic of China","Labor force","Persons","Quarterly","1992-Q2","2799233.333333333","Thousands","","","Reported official data","Overlapping Indicator","true","","","International Labor Organization (ILO)","Public (Unrestricted)","","Public or Unrestricted",""
"Hong Kong Special Administrative Region, People's Republic of China","Labor force","Persons","Quarterly","1992-Q3","2774466.666666667","Thousands","","","Reported official data","Overlapping Indicator","true","","","International Labor Organization (ILO)","Public (Unrestricted)","","Public or Unrestricted",""
"Hong Kong Special Administrative Region, People's Republic of China","Labor force","Persons","Quarterly","1992-Q4","2810866.666666667","Thousands","","","Reported official data","Overlapping Indicator","true","","","International Labor Organization (ILO)","Public (Unrestricted)","","Public or Unrestricted",""
"Hong Kong Special Administrative Region, People's Republic of China","Labor force","Persons","Quarterly","1993-Q1","2833266.666666667","Thousands","","","Reported official data","Overlapping Indicator","true","","","International Labor Organization (ILO)","Public (Unrestricted)","","Public or Unrestricted",""
"Hong Kong Special Administrative Region, People's Republic of China","Labor force","Persons","Quarterly","1993-Q2","2833766.666666667","Thousands","","","Reported official data","Overlapping Indicator","true","","","International Labor Organization (ILO)","Public (Unrestricted)","","Public or Unrestricted",""
"Hong Kong Special Administrative Region, People's Republic of China","Labor force","Persons","Quarterly","1993-Q3","2846633.333333333","Thousands","","","Reported official data","Overlapping Indicator","true","","","International Labor Organization (ILO)","Public (Unrestricted)","","Public or Unrestricted",""
"Hong Kong Special Administrative Region, People's Republic of China","Labor force","Persons","Quarterly","1993-Q4","2910233.333333333","Thousands","","","Reported official data","Overlapping Indicator","true","","","International Labor Organization (ILO)","Public (Unrestricted)","","Public or Unrestricted",""
"Hong Kong Special Administrative Region, People's Republic of China","Labor force","Persons","Quarterly","1994-Q1","2904600","Thousands","","","Reported official data","Overlapping Indicator","true","","","International Labor Organization (ILO)","Public (Unrestricted)","","Public or Unrestricted",""
"Hong Kong Special Administrative Region, People's Republic of China","Labor force","Persons","Quarterly","1994-Q2","2913966.666666667","Thousands","","","Reported official data","Overlapping Indicator","true","","","International Labor Organization (ILO)","Public (Unrestricted)","","Public or Unrestricted",""
"Hong Kong Special Administrative Region, People's Republic of China","Labor force","Persons","Quarterly","1994-Q3","2926166.666666667","Thousands","","","Reported official data","Overlapping Indicator","true","","","International Labor Organization (ILO)","Public (Unrestricted)","","Public or Unrestricted",""
"Hong Kong Special Administrative Region, People's Republic of China","Labor force","Persons","Quarterly","1994-Q4","2966000","Thousands","","","Reported official data","Overlapping Indicator","true","","","International Labor Organization (ILO)","Public (Unrestricted)","","Public or Unrestricted",""
"Hong Kong Special Administrative Region, People's Republic of China","Labor force","Persons","Quarterly","1995-Q1","2937933.333333333","Thousands","","","Reported official data","Overlapping Indicator","true","","","International Labor Organization (ILO)","Public (Unrestricted)","","Public or Unrestricted",""
"Hong Kong Special Administrative Region, People's Republic of China","Labor force","Persons","Quarterly","1995-Q2","3003966.666666667","Thousands","","","Reported official data","Overlapping Indicator","true","","","International Labor Organization (ILO)","Public (Unrestricted)","","Public or Unrestricted",""
"Hong Kong Special Administrative Region, People's Republic of China","Labor force","Persons","Quarterly","1995-Q3","3023266.666666667","Thousands","","","Reported official data","Overlapping Indicator","true","","","International Labor Organization (ILO)","Public (Unrestricted)","","Public or Unrestricted",""
"Hong Kong Special Administrative Region, People's Republic of China","Labor force","Persons","Quarterly","1995-Q4","3049000","Thousands","","","Reported official data","Overlapping Indicator","true","","","International Labor Organization (ILO)","Public (Unrestricted)","","Public or Unrestricted",""
"Hong Kong Special Administrative Region, People's Republic of China","Labor force","Persons","Quarterly","1996-Q1","3064366.666666667","Thousands","","","Reported official data","Overlapping Indicator","true","","","International Labor Organization (ILO)","Public (Unrestricted)","","Public or Unrestricted",""
"Hong Kong Special Administrative Region, People's Republic of China","Labor force","Persons","Quarterly","1996-Q2","3149166.666666667","Thousands","","","Reported official data","Overlapping Indicator","true","","","International Labor Organization (ILO)","Public (Unrestricted)","","Public or Unrestricted",""
"Hong Kong Special Administrative Region, People's Republic of China","Labor force","Persons","Quarterly","1996-Q3","3181400","Thousands","","","Reported official data","Overlapping Indicator","true","","","International Labor Organization (ILO)","Public (Unrestricted)","","Public or Unrestricted",""
"Hong Kong Special Administrative Region, People's Republic of China","Labor force","Persons","Quarterly","1996-Q4","3207166.666666667","Thousands","","","Reported official data","Overlapping Indicator","true","","","International Labor Organization (ILO)","Public (Unrestricted)","","Public or Unrestricted",""
"Hong Kong Special Administrative Region, People's Republic of China","Labor force","Persons","Quarterly","1997-Q1","3217200","Thousands","","","Reported official data","Overlapping Indicator","true","","","International Labor Organization (ILO)","Public (Unrestricted)","","Public or Unrestricted",""
"Hong Kong Special Administrative Region, People's Republic of China","Labor force","Persons","Quarterly","1997-Q2","3208666.666666667","Thousands","","","Reported official data","Overlapping Indicator","true","","","International Labor Organization (ILO)","Public (Unrestricted)","","Public or Unrestricted",""
"Hong Kong Special Administrative Region, People's Republic of China","Labor force","Persons","Quarterly","1997-Q3","3222066.666666667","Thousands","","","Reported official data","Overlapping Indicator","true","","","International Labor Organization (ILO)","Public (Unrestricted)","","Public or Unrestricted",""
"Hong Kong Special Administrative Region, People's Republic of China","Labor force","Persons","Quarterly","1997-Q4","3285633.333333333","Thousands","","","Reported official data","Overlapping Indicator","true","","","International Labor Organization (ILO)","Public (Unrestricted)","","Public or Unrestricted",""
"Hong Kong Special Administrative Region, People's Republic of China","Labor force","Persons","Quarterly","1998-Q1","3251666.666666667","Thousands","","","Reported official data","Overlapping Indicator","true","","","International Labor Organization (ILO)","Public (Unrestricted)","","Public or Unrestricted",""
"Hong Kong Special Administrative Region, People's Republic of China","Labor force","Persons","Quarterly","1998-Q2","3256000","Thousands","","","Reported official data","Overlapping Indicator","true","","","International Labor Organization (ILO)","Public (Unrestricted)","","Public or Unrestricted",""
"Hong Kong Special Administrative Region, People's Republic of China","Labor force","Persons","Quarterly","1998-Q3","3292833.333333333","Thousands","","","Reported official data","Overlapping Indicator","true","","","International Labor Organization (ILO)","Public (Unrestricted)","","Public or Unrestricted",""
"Hong Kong Special Administrative Region, People's Republic of China","Labor force","Persons","Quarterly","1998-Q4","3306100","Thousands","","","Reported official data","Overlapping Indicator","true","","","International Labor Organization (ILO)","Public (Unrestricted)","","Public or Unrestricted",""
"Hong Kong Special Administrative Region, People's Republic of China","Labor force","Persons","Quarterly","1999-Q1","3298933.333333333","Thousands","","","Reported official data","Overlapping Indicator","true","","","International Labor Organization (ILO)","Public (Unrestricted)","","Public or Unrestricted",""
"Hong Kong Special Administrative Region, People's Republic of China","Labor force","Persons","Quarterly","1999-Q2","3326366.666666667","Thousands","","","Reported official data","Overlapping Indicator","true","","","International Labor Organization (ILO)","Public (Unrestricted)","","Public or Unrestricted",""
"Hong Kong Special Administrative Region, People's Republic of China","Labor force","Persons","Quarterly","1999-Q3","3321600","Thousands","","","Reported official data","Overlapping Indicator","true","","","International Labor Organization (ILO)","Public (Unrestricted)","","Public or Unrestricted",""
"Hong Kong Special Administrative Region, People's Republic of China","Labor force","Persons","Quarterly","1999-Q4","3335300","Thousands","","","Reported official data","Overlapping Indicator","true","","","International Labor Organization (ILO)","Public (Unrestricted)","","Public or Unrestricted",""
"Hong Kong Special Administrative Region, People's Republic of China","Labor force","Persons","Quarterly","2000-Q1","3337300","Thousands","","","Reported official data","Overlapping Indicator","true","","","International Labor Organization (ILO)","Public (Unrestricted)","","Public or Unrestricted",""
"Hong Kong Special Administrative Region, People's Republic of China","Labor force","Persons","Quarterly","2000-Q2","3366433.333333333","Thousands","","","Reported official data","Overlapping Indicator","true","","","International Labor Organization (ILO)","Public (Unrestricted)","","Public or Unrestricted",""
"Hong Kong Special Administrative Region, People's Republic of China","Labor force","Persons","Quarterly","2000-Q3","3387333.333333333","Thousands","","","Reported official data","Overlapping Indicator","true","","","International Labor Organization (ILO)","Public (Unrestricted)","","Public or Unrestricted",""
"Hong Kong Special Administrative Region, People's Republic of China","Labor force","Persons","Quarterly","2000-Q4","3402600","Thousands","","","Reported official data","Overlapping Indicator","true","","","International Labor Organization (ILO)","Public (Unrestricted)","","Public or Unrestricted",""
"Hong Kong Special Administrative Region, People's Republic of China","Labor force","Persons","Quarterly","2001-Q1","3410466.666666667","Thousands","","","Reported official data","Overlapping Indicator","true","","","International Labor Organization (ILO)","Public (Unrestricted)","","Public or Unrestricted",""
"Hong Kong Special Administrative Region, People's Republic of China","Labor force","Persons","Quarterly","2001-Q2","3415866.666666667","Thousands","","","Reported official data","Overlapping Indicator","true","","","International Labor Organization (ILO)","Public (Unrestricted)","","Public or Unrestricted",""
"Hong Kong Special Administrative Region, People's Republic of China","Labor force","Persons","Quarterly","2001-Q3","3435733.333333333","Thousands","","","Reported official data","Overlapping Indicator","true","","","International Labor Organization (ILO)","Public (Unrestricted)","","Public or Unrestricted",""
"Hong Kong Special Administrative Region, People's Republic of China","Labor force","Persons","Quarterly","2001-Q4","3445300","Thousands","","","Reported official data","Overlapping Indicator","true","","","International Labor Organization (ILO)","Public (Unrestricted)","","Public or Unrestricted",""
"Hong Kong Special Administrative Region, People's Republic of China","Labor force","Persons","Quarterly","2002-Q1","3446866.666666667","Thousands","","","Reported official data","Overlapping Indicator","true","","","International Labor Organization (ILO)","Public (Unrestricted)","","Public or Unrestricted",""
"Hong Kong Special Administrative Region, People's Republic of China","Labor force","Persons","Quarterly","2002-Q2","3460600","Thousands","","","Reported official data","Overlapping Indicator","true","","","International Labor Organization (ILO)","Public (Unrestricted)","","Public or Unrestricted",""
"Hong Kong Special Administrative Region, People's Republic of China","Labor force","Persons","Quarterly","2002-Q3","3499800","Thousands","","","Reported official data","Overlapping Indicator","true","","","International Labor Organization (ILO)","Public (Unrestricted)","","Public or Unrestricted",""
"Hong Kong Special Administrative Region, People's Republic of China","Labor force","Persons","Quarterly","2002-Q4","3493700","Thousands","","","Reported official data","Overlapping Indicator","true","","","International Labor Organization (ILO)","Public (Unrestricted)","","Public or Unrestricted",""
"Hong Kong Special Administrative Region, People's Republic of China","Labor force","Persons","Quarterly","2003-Q1","3467033.333333333","Thousands","","","Reported official data","Overlapping Indicator","true","","","International Labor Organization (ILO)","Public (Unrestricted)","","Public or Unrestricted",""
"Hong Kong Special Administrative Region, People's Republic of China","Labor force","Persons","Quarterly","2003-Q2","3470233.333333333","Thousands","","","Reported official data","Overlapping Indicator","true","","","International Labor Organization (ILO)","Public (Unrestricted)","","Public or Unrestricted",""
"Hong Kong Special Administrative Region, People's Republic of China","Labor force","Persons","Quarterly","2003-Q3","3474933.333333333","Thousands","","","Reported official data","Overlapping Indicator","true","","","International Labor Organization (ILO)","Public (Unrestricted)","","Public or Unrestricted",""
"Hong Kong Special Administrative Region, People's Republic of China","Labor force","Persons","Quarterly","2003-Q4","3474766.666666667","Thousands","","","Reported official data","Overlapping Indicator","true","","","International Labor Organization (ILO)","Public (Unrestricted)","","Public or Unrestricted",""
"Hong Kong Special Administrative Region, People's Republic of China","Labor force","Persons","Quarterly","2004-Q1","3493100","Thousands","","","Reported official data","Overlapping Indicator","true","","","International Labor Organization (ILO)","Public (Unrestricted)","","Public or Unrestricted",""
"Hong Kong Special Administrative Region, People's Republic of China","Labor force","Persons","Quarterly","2004-Q2","3510400","Thousands","","","Reported official data","Overlapping Indicator","true","","","International Labor Organization (ILO)","Public (Unrestricted)","","Public or Unrestricted",""
"Hong Kong Special Administrative Region, People's Republic of China","Labor force","Persons","Quarterly","2004-Q3","3525500","Thousands","","","Reported official data","Overlapping Indicator","true","","","International Labor Organization (ILO)","Public (Unrestricted)","","Public or Unrestricted",""
"Hong Kong Special Administrative Region, People's Republic of China","Labor force","Persons","Quarterly","2004-Q4","3533733.333333333","Thousands","","","Reported official data","Overlapping Indicator","true","","","International Labor Organization (ILO)","Public (Unrestricted)","","Public or Unrestricted",""
"Hong Kong Special Administrative Region, People's Republic of China","Labor force","Persons","Quarterly","2005-Q1","3521966.666666667","Thousands","","","Reported official data","Overlapping Indicator","true","","","International Labor Organization (ILO)","Public (Unrestricted)","","Public or Unrestricted",""
"Hong Kong Special Administrative Region, People's Republic of China","Labor force","Persons","Quarterly","2005-Q2","3531233.333333333","Thousands","","","Reported official data","Overlapping Indicator","true","","","International Labor Organization (ILO)","Public (Unrestricted)","","Public or Unrestricted",""
"Hong Kong Special Administrative Region, People's Republic of China","Labor force","Persons","Quarterly","2005-Q3","3550066.666666667","Thousands","","","Reported official data","Overlapping Indicator","true","","","International Labor Organization (ILO)","Public (Unrestricted)","","Public or Unrestricted",""
"Hong Kong Special Administrative Region, People's Republic of China","Labor force","Persons","Quarterly","2005-Q4","3547133.333333333","Thousands","","","Reported official data","Overlapping Indicator","true","","","International Labor Organization (ILO)","Public (Unrestricted)","","Public or Unrestricted",""
"Hong Kong Special Administrative Region, People's Republic of China","Labor force","Persons","Quarterly","2006-Q1","3546133.333333333","Thousands","","","Reported official data","Overlapping Indicator","true","","","International Labor Organization (ILO)","Public (Unrestricted)","","Public or Unrestricted",""
"Hong Kong Special Administrative Region, People's Republic of China","Labor force","Persons","Quarterly","2006-Q2","3557933.333333333","Thousands","","","Reported official data","Overlapping Indicator","true","","","International Labor Organization (ILO)","Public (Unrestricted)","","Public or Unrestricted",""
"Hong Kong Special Administrative Region, People's Republic of China","Labor force","Persons","Quarterly","2006-Q3","3606666.666666667","Thousands","","","Reported official data","Overlapping Indicator","true","","","International Labor Organization (ILO)","Public (Unrestricted)","","Public or Unrestricted",""
"Hong Kong Special Administrative Region, People's Republic of China","Labor force","Persons","Quarterly","2006-Q4","3618133.333333333","Thousands","","","Reported official data","Overlapping Indicator","true","","","International Labor Organization (ILO)","Public (Unrestricted)","","Public or Unrestricted",""
"Hong Kong Special Administrative Region, People's Republic of China","Labor force","Persons","Quarterly","2007-Q1","3606666.666666667","Thousands","","","Reported official data","Overlapping Indicator","true","","","International Labor Organization (ILO)","Public (Unrestricted)","","Public or Unrestricted",""
"Hong Kong Special Administrative Region, People's Republic of China","Labor force","Persons","Quarterly","2007-Q2","3622133.333333333","Thousands","","","Reported official data","Overlapping Indicator","true","","","International Labor Organization (ILO)","Public (Unrestricted)","","Public or Unrestricted",""
"Hong Kong Special Administrative Region, People's Republic of China","Labor force","Persons","Quarterly","2007-Q3","3639300","Thousands","","","Reported official data","Overlapping Indicator","true","","","International Labor Organization (ILO)","Public (Unrestricted)","","Public or Unrestricted",""
"Hong Kong Special Administrative Region, People's Republic of China","Labor force","Persons","Quarterly","2007-Q4","3630166.666666667","Thousands","","","Reported official data","Overlapping Indicator","true","","","International Labor Organization (ILO)","Public (Unrestricted)","","Public or Unrestricted",""
"Hong Kong Special Administrative Region, People's Republic of China","Labor force","Persons","Quarterly","2008-Q1","3629266.666666667","Thousands","","","Reported official data","Overlapping Indicator","true","","","International Labor Organization (ILO)","Public (Unrestricted)","","Public or Unrestricted",""
"Hong Kong Special Administrative Region, People's Republic of China","Labor force","Persons","Quarterly","2008-Q2","3628933.333333333","Thousands","","","Reported official data","Overlapping Indicator","true","","","International Labor Organization (ILO)","Public (Unrestricted)","","Public or Unrestricted",""
"Hong Kong Special Administrative Region, People's Republic of China","Labor force","Persons","Quarterly","2008-Q3","3644200","Thousands","","","Reported official data","Overlapping Indicator","true","","","International Labor Organization (ILO)","Public (Unrestricted)","","Public or Unrestricted",""
"Hong Kong Special Administrative Region, People's Republic of China","Labor force","Persons","Quarterly","2008-Q4","3643933.333333333","Thousands","","","Reported official data","Overlapping Indicator","true","","","International Labor Organization (ILO)","Public (Unrestricted)","","Public or Unrestricted",""
"Hong Kong Special Administrative Region, People's Republic of China","Labor force","Persons","Quarterly","2009-Q1","3663633.333333333","Thousands","","","Reported official data","Overlapping Indicator","true","","","International Labor Organization (ILO)","Public (Unrestricted)","","Public or Unrestricted",""
"Hong Kong Special Administrative Region, People's Republic of China","Labor force","Persons","Quarterly","2009-Q2","3677233.333333333","Thousands","","","Reported official data","Overlapping Indicator","true","","","International Labor Organization (ILO)","Public (Unrestricted)","","Public or Unrestricted",""
"Hong Kong Special Administrative Region, People's Republic of China","Labor force","Persons","Quarterly","2009-Q3","3667766.666666667","Thousands","","","Reported official data","Overlapping Indicator","true","","","International Labor Organization (ILO)","Public (Unrestricted)","","Public or Unrestricted",""
"Hong Kong Special Administrative Region, People's Republic of China","Labor force","Persons","Quarterly","2009-Q4","3639833.333333333","Thousands","","","Reported official data","Overlapping Indicator","true","","","International Labor Organization (ILO)","Public (Unrestricted)","","Public or Unrestricted",""
"Hong Kong Special Administrative Region, People's Republic of China","Labor force","Persons","Quarterly","2010-Q1","3622333.333333333","Thousands","","","Reported official data","Overlapping Indicator","true","","","International Labor Organization (ILO)","Public (Unrestricted)","","Public or Unrestricted",""
"Hong Kong Special Administrative Region, People's Republic of China","Labor force","Persons","Quarterly","2010-Q2","3624733.333333333","Thousands","","","Reported official data","Overlapping Indicator","true","","","International Labor Organization (ILO)","Public (Unrestricted)","","Public or Unrestricted",""
"Hong Kong Special Administrative Region, People's Republic of China","Labor force","Persons","Quarterly","2010-Q3","3639566.666666667","Thousands","","","Reported official data","Overlapping Indicator","true","","","International Labor Organization (ILO)","Public (Unrestricted)","","Public or Unrestricted",""
"Hong Kong Special Administrative Region, People's Republic of China","Labor force","Persons","Quarterly","2010-Q4","3651166.666666667","Thousands","","","Reported official data","Overlapping Indicator","true","","","International Labor Organization (ILO)","Public (Unrestricted)","","Public or Unrestricted",""
"Hong Kong Special Administrative Region, People's Republic of China","Labor force","Persons","Quarterly","2011-Q1","3662266.666666667","Thousands","","","Reported official data","Overlapping Indicator","true","","","International Labor Organization (ILO)","Public (Unrestricted)","","Public or Unrestricted",""
"Hong Kong Special Administrative Region, People's Republic of China","Labor force","Persons","Quarterly","2011-Q2","3704100","Thousands","","","Reported official data","Overlapping Indicator","true","","","International Labor Organization (ILO)","Public (Unrestricted)","","Public or Unrestricted",""
"Hong Kong Special Administrative Region, People's Republic of China","Labor force","Persons","Quarterly","2011-Q3","3723333.333333333","Thousands","","","Reported official data","Overlapping Indicator","true","","","International Labor Organization (ILO)","Public (Unrestricted)","","Public or Unrestricted",""
"Hong Kong Special Administrative Region, People's Republic of China","Labor force","Persons","Quarterly","2011-Q4","3731366.666666667","Thousands","","","Reported official data","Overlapping Indicator","true","","","International Labor Organization (ILO)","Public (Unrestricted)","","Public or Unrestricted",""
"Hong Kong Special Administrative Region, People's Republic of China","Labor force","Persons","Quarterly","2012-Q1","3761000","Thousands","","","Reported official data","Overlapping Indicator","true","","","International Labor Organization (ILO)","Public (Unrestricted)","","Public or Unrestricted",""
"Hong Kong Special Administrative Region, People's Republic of China","Labor force","Persons","Quarterly","2012-Q2","3783166.666666667","Thousands","","","Reported official data","Overlapping Indicator","true","","","International Labor Organization (ILO)","Public (Unrestricted)","","Public or Unrestricted",""
"Hong Kong Special Administrative Region, People's Republic of China","Labor force","Persons","Quarterly","2012-Q3","3787933.333333333","Thousands","","","Reported official data","Overlapping Indicator","true","","","International Labor Organization (ILO)","Public (Unrestricted)","","Public or Unrestricted",""
"Hong Kong Special Administrative Region, People's Republic of China","Labor force","Persons","Quarterly","2012-Q4","3796866.666666667","Thousands","","","Reported official data","Overlapping Indicator","true","","","International Labor Organization (ILO)","Public (Unrestricted)","","Public or Unrestricted",""
"Hong Kong Special Administrative Region, People's Republic of China","Labor force","Persons","Quarterly","2013-Q1","3830233.333333333","Thousands","","","Reported official data","Overlapping Indicator","true","","","International Labor Organization (ILO)","Public (Unrestricted)","","Public or Unrestricted",""
"Hong Kong Special Administrative Region, People's Republic of China","Labor force","Persons","Quarterly","2013-Q2","3861133.333333333","Thousands","","","Reported official data","Overlapping Indicator","true","","","International Labor Organization (ILO)","Public (Unrestricted)","","Public or Unrestricted",""
"Hong Kong Special Administrative Region, People's Republic of China","Labor force","Persons","Quarterly","2013-Q3","3869100","Thousands","","","Reported official data","Overlapping Indicator","true","","","International Labor Organization (ILO)","Public (Unrestricted)","","Public or Unrestricted",""
"Hong Kong Special Administrative Region, People's Republic of China","Labor force","Persons","Quarterly","2013-Q4","3863600","Thousands","","","Reported official data","Overlapping Indicator","true","","","International Labor Organization (ILO)","Public (Unrestricted)","","Public or Unrestricted",""
"Hong Kong Special Administrative Region, People's Republic of China","Labor force","Persons","Quarterly","2014-Q1","3834200","Thousands","","","Reported official data","Overlapping Indicator","true","","","International Labor Organization (ILO)","Public (Unrestricted)","","Public or Unrestricted",""
"Hong Kong Special Administrative Region, People's Republic of China","Labor force","Persons","Quarterly","2014-Q2","3837266.666666667","Thousands","","","Reported official data","Overlapping Indicator","true","","","International Labor Organization (ILO)","Public (Unrestricted)","","Public or Unrestricted",""
"Hong Kong Special Administrative Region, People's Republic of China","Labor force","Persons","Quarterly","2014-Q3","3889066.666666667","Thousands","","","Reported official data","Overlapping Indicator","true","","","International Labor Organization (ILO)","Public (Unrestricted)","","Public or Unrestricted",""
"Hong Kong Special Administrative Region, People's Republic of China","Labor force","Persons","Quarterly","2014-Q4","3889533.333333333","Thousands","","","Reported official data","Overlapping Indicator","true","","","International Labor Organization (ILO)","Public (Unrestricted)","","Public or Unrestricted",""
"Hong Kong Special Administrative Region, People's Republic of China","Labor force","Persons","Quarterly","2015-Q1","3906166.666666667","Thousands","","","Reported official data","Overlapping Indicator","true","","","International Labor Organization (ILO)","Public (Unrestricted)","","Public or Unrestricted",""
"Hong Kong Special Administrative Region, People's Republic of China","Labor force","Persons","Quarterly","2015-Q2","3888500","Thousands","","","Reported official data","Overlapping Indicator","true","","","International Labor Organization (ILO)","Public (Unrestricted)","","Public or Unrestricted",""
"Hong Kong Special Administrative Region, People's Republic of China","Labor force","Persons","Quarterly","2015-Q3","3910933.333333333","Thousands","","","Reported official data","Overlapping Indicator","true","","","International Labor Organization (ILO)","Public (Unrestricted)","","Public or Unrestricted",""
"Hong Kong Special Administrative Region, People's Republic of China","Labor force","Persons","Quarterly","2015-Q4","3900800","Thousands","","","Reported official data","Overlapping Indicator","true","","","International Labor Organization (ILO)","Public (Unrestricted)","","Public or Unrestricted",""
"Hong Kong Special Administrative Region, People's Republic of China","Labor force","Persons","Quarterly","2016-Q1","3911300","Thousands","","","Reported official data","Overlapping Indicator","true","","","International Labor Organization (ILO)","Public (Unrestricted)","","Public or Unrestricted",""
"Hong Kong Special Administrative Region, People's Republic of China","Labor force","Persons","Quarterly","2016-Q2","3907400","Thousands","","","Reported official data","Overlapping Indicator","true","","","International Labor Organization (ILO)","Public (Unrestricted)","","Public or Unrestricted",""
"Hong Kong Special Administrative Region, People's Republic of China","Labor force","Persons","Quarterly","2016-Q3","3926566.666666667","Thousands","","","Reported official data","Overlapping Indicator","true","","","International Labor Organization (ILO)","Public (Unrestricted)","","Public or Unrestricted",""
"Hong Kong Special Administrative Region, People's Republic of China","Labor force","Persons","Quarterly","2016-Q4","3912566.666666667","Thousands","","","Reported official data","Overlapping Indicator","true","","","International Labor Organization (ILO)","Public (Unrestricted)","","Public or Unrestricted",""
"Hong Kong Special Administrative Region, People's Republic of China","Labor force","Persons","Quarterly","2017-Q1","3930566.666666667","Thousands","","","Reported official data","Overlapping Indicator","true","","","International Labor Organization (ILO)","Public (Unrestricted)","","Public or Unrestricted",""
"Hong Kong Special Administrative Region, People's Republic of China","Labor force","Persons","Quarterly","2017-Q2","3933266.666666667","Thousands","","","Reported official data","Overlapping Indicator","true","","","International Labor Organization (ILO)","Public (Unrestricted)","","Public or Unrestricted",""
"Hong Kong Special Administrative Region, People's Republic of China","Labor force","Persons","Quarterly","2017-Q3","3956200","Thousands","","","Reported official data","Overlapping Indicator","true","","","International Labor Organization (ILO)","Public (Unrestricted)","","Public or Unrestricted",""
"Hong Kong Special Administrative Region, People's Republic of China","Labor force","Persons","Quarterly","2017-Q4","3957500","Thousands","","","Reported official data","Overlapping Indicator","true","","","International Labor Organization (ILO)","Public (Unrestricted)","","Public or Unrestricted",""
"Hong Kong Special Administrative Region, People's Republic of China","Labor force","Persons","Quarterly","2018-Q1","3982066.666666667","Thousands","","","Reported official data","Overlapping Indicator","true","","","International Labor Organization (ILO)","Public (Unrestricted)","","Public or Unrestricted",""
"Hong Kong Special Administrative Region, People's Republic of China","Labor force","Persons","Quarterly","2018-Q2","3981466.666666667","Thousands","","","Reported official data","Overlapping Indicator","true","","","International Labor Organization (ILO)","Public (Unrestricted)","","Public or Unrestricted",""
"Hong Kong Special Administrative Region, People's Republic of China","Labor force","Persons","Quarterly","2018-Q3","3999033.333333333","Thousands","","","Reported official data","Overlapping Indicator","true","","","International Labor Organization (ILO)","Public (Unrestricted)","","Public or Unrestricted",""
"Hong Kong Special Administrative Region, People's Republic of China","Labor force","Persons","Quarterly","2018-Q4","3991766.666666667","Thousands","","","Reported official data","Overlapping Indicator","true","","","International Labor Organization (ILO)","Public (Unrestricted)","","Public or Unrestricted",""
"Hong Kong Special Administrative Region, People's Republic of China","Labor force","Persons","Quarterly","2019-Q1","3972433.333333333","Thousands","","","Reported official data","Overlapping Indicator","true","","","International Labor Organization (ILO)","Public (Unrestricted)","","Public or Unrestricted",""
"Hong Kong Special Administrative Region, People's Republic of China","Labor force","Persons","Quarterly","2019-Q2","3984666.666666667","Thousands","","","Reported official data","Overlapping Indicator","true","","","International Labor Organization (ILO)","Public (Unrestricted)","","Public or Unrestricted",""
"Hong Kong Special Administrative Region, People's Republic of China","Labor force","Persons","Quarterly","2019-Q3","3976400","Thousands","","","Reported official data","Overlapping Indicator","true","","","International Labor Organization (ILO)","Public (Unrestricted)","","Public or Unrestricted",""
"Hong Kong Special Administrative Region, People's Republic of China","Labor force","Persons","Quarterly","2019-Q4","3941100","Thousands","","","Reported official data","Overlapping Indicator","true","","","International Labor Organization (ILO)","Public (Unrestricted)","","Public or Unrestricted",""
"Hong Kong Special Administrative Region, People's Republic of China","Labor force","Persons","Quarterly","2020-Q1","3881666.666666667","Thousands","","","Reported official data","Overlapping Indicator","true","","","International Labor Organization (ILO)","Public (Unrestricted)","","Public or Unrestricted",""
"Hong Kong Special Administrative Region, People's Republic of China","Labor force","Persons","Quarterly","2020-Q2","3863500","Thousands","","","Reported official data","Overlapping Indicator","true","","","International Labor Organization (ILO)","Public (Unrestricted)","","Public or Unrestricted",""
"Hong Kong Special Administrative Region, People's Republic of China","Labor force","Persons","Quarterly","2020-Q3","3886266.666666667","Thousands","","","Reported official data","Overlapping Indicator","true","","","International Labor Organization (ILO)","Public (Unrestricted)","","Public or Unrestricted",""
"Hong Kong Special Administrative Region, People's Republic of China","Labor force","Persons","Quarterly","2020-Q4","3901266.666666667","Thousands","","","Reported official data","Overlapping Indicator","true","","","International Labor Organization (ILO)","Public (Unrestricted)","","Public or Unrestricted",""
"Hong Kong Special Administrative Region, People's Republic of China","Labor force","Persons","Quarterly","2021-Q1","3888133.333333333","Thousands","","","Reported official data","Overlapping Indicator","true","","","International Labor Organization (ILO)","Public (Unrestricted)","","Public or Unrestricted",""
"Hong Kong Special Administrative Region, People's Republic of China","Labor force","Persons","Quarterly","2021-Q2","3889333.333333333","Thousands","","","Reported official data","Overlapping Indicator","true","","","International Labor Organization (ILO)","Public (Unrestricted)","","Public or Unrestricted",""
"Hong Kong Special Administrative Region, People's Republic of China","Labor force","Persons","Quarterly","2021-Q3","3877400","Thousands","","","Reported official data","Overlapping Indicator","true","","","International Labor Organization (ILO)","Public (Unrestricted)","","Public or Unrestricted",""
"Hong Kong Special Administrative Region, People's Republic of China","Labor force","Persons","Quarterly","2021-Q4","3859500","Thousands","","","Reported official data","Overlapping Indicator","true","","","International Labor Organization (ILO)","Public (Unrestricted)","","Public or Unrestricted",""
"Hong Kong Special Administrative Region, People's Republic of China","Labor force","Persons","Quarterly","2022-Q1","3820900","Thousands","","","Reported official data","Overlapping Indicator","true","","","International Labor Organization (ILO)","Public (Unrestricted)","","Public or Unrestricted",""
"Hong Kong Special Administrative Region, People's Republic of China","Labor force","Persons","Quarterly","2023-Q4","7208158","Thousands","","","Reported official data","Overlapping Indicator","true","","","International Labor Organization (ILO)","Public (Unrestricted)","","Public or Unrestricted",""
