﻿"COUNTRY","INDICATOR","TYPE_OF_TRANSFORMATION","FREQUENCY","TIME_PERIOD","OBS_VALUE","SCALE","PRECISION","DECIMALS_DISPLAYED","DERIVATION_TYPE","OVERLAP","IFS_FLAG","REFERENCE_PERIOD","STATUS","METHODOLOGY","ACCESS_SHARING_LEVEL","ACCESS_SHARING_NOTES","SECURITY_CLASSIFICATION","SOURCE"
"China, People's Republic of","Labor force","Persons","Annual","1952","211060000","Thousands","","","Reported official data","Overlapping Indicator","true","","","International Labor Organization (ILO)","Public (Unrestricted)","","Public or Unrestricted",""
"China, People's Republic of","Labor force","Persons","Annual","1957","239710000","Thousands","","","Reported official data","Overlapping Indicator","true","","","International Labor Organization (ILO)","Public (Unrestricted)","","Public or Unrestricted",""
"China, People's Republic of","Labor force","Persons","Annual","1978","406820000","Thousands","","","Reported official data","Overlapping Indicator","true","","","International Labor Organization (ILO)","Public (Unrestricted)","","Public or Unrestricted",""
"China, People's Republic of","Labor force","Persons","Annual","1979","415920000","Thousands","","","Reported official data","Overlapping Indicator","true","","","International Labor Organization (ILO)","Public (Unrestricted)","","Public or Unrestricted",""
"China, People's Republic of","Labor force","Persons","Annual","1980","429030000","Thousands","","","Reported official data","Overlapping Indicator","true","","","International Labor Organization (ILO)","Public (Unrestricted)","","Public or Unrestricted",""
"China, People's Republic of","Labor force","Persons","Annual","1981","441650000","Thousands","","","Reported official data","Overlapping Indicator","true","","","International Labor Organization (ILO)","Public (Unrestricted)","","Public or Unrestricted",""
"China, People's Republic of","Labor force","Persons","Annual","1982","524907008","Thousands","","","Reported official data","Overlapping Indicator","true","","","International Labor Organization (ILO)","Public (Unrestricted)","","Public or Unrestricted",""
"China, People's Republic of","Labor force","Persons","Annual","1983","467070000","Thousands","","","Reported official data","Overlapping Indicator","true","","","International Labor Organization (ILO)","Public (Unrestricted)","","Public or Unrestricted",""
"China, People's Republic of","Labor force","Persons","Annual","1984","484330000","Thousands","","","Reported official data","Overlapping Indicator","true","","","International Labor Organization (ILO)","Public (Unrestricted)","","Public or Unrestricted",""
"China, People's Republic of","Labor force","Persons","Annual","1985","501120000","Thousands","","","Reported official data","Overlapping Indicator","true","","","International Labor Organization (ILO)","Public (Unrestricted)","","Public or Unrestricted",""
"China, People's Republic of","Labor force","Persons","Annual","1986","515460000","Thousands","","","Reported official data","Overlapping Indicator","true","","","International Labor Organization (ILO)","Public (Unrestricted)","","Public or Unrestricted",""
"China, People's Republic of","Labor force","Persons","Annual","1987","530600000","Thousands","","","Reported official data","Overlapping Indicator","true","","","International Labor Organization (ILO)","Public (Unrestricted)","","Public or Unrestricted",""
"China, People's Republic of","Labor force","Persons","Annual","1988","546300000","Thousands","","","Reported official data","Overlapping Indicator","true","","","International Labor Organization (ILO)","Public (Unrestricted)","","Public or Unrestricted",""
"China, People's Republic of","Labor force","Persons","Annual","1989","557070000","Thousands","","","Reported official data","Overlapping Indicator","true","","","International Labor Organization (ILO)","Public (Unrestricted)","","Public or Unrestricted",""
"China, People's Republic of","Labor force","Persons","Annual","1990","647244706","Thousands","","","Reported official data","Overlapping Indicator","true","","","International Labor Organization (ILO)","Public (Unrestricted)","","Public or Unrestricted",""
"China, People's Republic of","Labor force","Persons","Annual","1991","660910000","Thousands","","","Reported official data","Overlapping Indicator","true","","","International Labor Organization (ILO)","Public (Unrestricted)","","Public or Unrestricted",""
"China, People's Republic of","Labor force","Persons","Annual","1992","667820000","Thousands","","","Reported official data","Overlapping Indicator","true","","","International Labor Organization (ILO)","Public (Unrestricted)","","Public or Unrestricted",""
"China, People's Republic of","Labor force","Persons","Annual","1993","674680000","Thousands","","","Reported official data","Overlapping Indicator","true","","","International Labor Organization (ILO)","Public (Unrestricted)","","Public or Unrestricted",""
"China, People's Republic of","Labor force","Persons","Annual","1994","681350000","Thousands","","","Reported official data","Overlapping Indicator","true","","","International Labor Organization (ILO)","Public (Unrestricted)","","Public or Unrestricted",""
"China, People's Republic of","Labor force","Persons","Annual","1995","688550000","Thousands","","","Reported official data","Overlapping Indicator","true","","","International Labor Organization (ILO)","Public (Unrestricted)","","Public or Unrestricted",""
"China, People's Republic of","Labor force","Persons","Annual","1996","697650000","Thousands","","","Reported official data","Overlapping Indicator","true","","","International Labor Organization (ILO)","Public (Unrestricted)","","Public or Unrestricted",""
"China, People's Republic of","Labor force","Persons","Annual","1997","708000000","Thousands","","","Reported official data","Overlapping Indicator","true","","","International Labor Organization (ILO)","Public (Unrestricted)","","Public or Unrestricted",""
"China, People's Republic of","Labor force","Persons","Annual","1998","720870000","Thousands","","","Reported official data","Overlapping Indicator","true","","","International Labor Organization (ILO)","Public (Unrestricted)","","Public or Unrestricted",""
"China, People's Republic of","Labor force","Persons","Annual","1999","727910000","Thousands","","","Reported official data","Overlapping Indicator","true","","","International Labor Organization (ILO)","Public (Unrestricted)","","Public or Unrestricted",""
"China, People's Republic of","Labor force","Persons","Annual","2000","669607600","Thousands","","","Reported official data","Overlapping Indicator","true","","","International Labor Organization (ILO)","Public (Unrestricted)","","Public or Unrestricted",""
"China, People's Republic of","Labor force","Persons","Annual","2001","738840000","Thousands","","","Reported official data","Overlapping Indicator","true","","","International Labor Organization (ILO)","Public (Unrestricted)","","Public or Unrestricted",""
"China, People's Republic of","Labor force","Persons","Annual","2002","744920000","Thousands","","","Reported official data","Overlapping Indicator","true","","","International Labor Organization (ILO)","Public (Unrestricted)","","Public or Unrestricted",""
"China, People's Republic of","Labor force","Persons","Annual","2003","749110000","Thousands","","","Reported official data","Overlapping Indicator","true","","","International Labor Organization (ILO)","Public (Unrestricted)","","Public or Unrestricted",""
"China, People's Republic of","Labor force","Persons","Annual","2004","752900000","Thousands","","","Reported official data","Overlapping Indicator","true","","","International Labor Organization (ILO)","Public (Unrestricted)","","Public or Unrestricted",""
"China, People's Republic of","Labor force","Persons","Annual","2005","761200000","Thousands","","","Reported official data","Overlapping Indicator","true","","","International Labor Organization (ILO)","Public (Unrestricted)","","Public or Unrestricted",""
"China, People's Republic of","Labor force","Persons","Annual","2006","763150000","Thousands","","","Reported official data","Overlapping Indicator","true","","","International Labor Organization (ILO)","Public (Unrestricted)","","Public or Unrestricted",""
"China, People's Republic of","Labor force","Persons","Annual","2007","765310000","Thousands","","","Reported official data","Overlapping Indicator","true","","","International Labor Organization (ILO)","Public (Unrestricted)","","Public or Unrestricted",""
"China, People's Republic of","Labor force","Persons","Annual","2008","770460000","Thousands","","","Reported official data","Overlapping Indicator","true","","","International Labor Organization (ILO)","Public (Unrestricted)","","Public or Unrestricted",""
"China, People's Republic of","Labor force","Persons","Annual","2009","775100000","Thousands","","","Reported official data","Overlapping Indicator","true","","","International Labor Organization (ILO)","Public (Unrestricted)","","Public or Unrestricted",""
"China, People's Republic of","Labor force","Persons","Annual","2010","736663010","Thousands","","","Reported official data","Overlapping Indicator","true","","","International Labor Organization (ILO)","Public (Unrestricted)","","Public or Unrestricted",""
"China, People's Republic of","Labor force","Persons","Annual","2011","785790000","Thousands","","","Reported official data","Overlapping Indicator","true","","","International Labor Organization (ILO)","Public (Unrestricted)","","Public or Unrestricted",""
"China, People's Republic of","Labor force","Persons","Annual","2012","788940000","Thousands","","","Reported official data","Overlapping Indicator","true","","","International Labor Organization (ILO)","Public (Unrestricted)","","Public or Unrestricted",""
"China, People's Republic of","Labor force","Persons","Annual","2013","793000000","Thousands","","","Reported official data","Overlapping Indicator","true","","","International Labor Organization (ILO)","Public (Unrestricted)","","Public or Unrestricted",""
"China, People's Republic of","Labor force","Persons","Annual","2014","796900000","Thousands","","","Reported official data","Overlapping Indicator","true","","","International Labor Organization (ILO)","Public (Unrestricted)","","Public or Unrestricted",""
"China, People's Republic of","Labor force","Persons","Annual","2015","800910000","Thousands","","","Reported official data","Overlapping Indicator","true","","","International Labor Organization (ILO)","Public (Unrestricted)","","Public or Unrestricted",""
"China, People's Republic of","Labor force","Persons","Annual","2016","792820000","Thousands","","","Reported official data","Overlapping Indicator","true","","","International Labor Organization (ILO)","Public (Unrestricted)","","Public or Unrestricted",""
"China, People's Republic of","Labor force","Persons","Annual","2017","790420000","Thousands","","","Reported official data","Overlapping Indicator","true","","","International Labor Organization (ILO)","Public (Unrestricted)","","Public or Unrestricted",""
"China, People's Republic of","Labor force","Persons","Annual","2018","786530000","Thousands","","","Reported official data","Overlapping Indicator","true","","","International Labor Organization (ILO)","Public (Unrestricted)","","Public or Unrestricted",""
"China, People's Republic of","Labor force","Persons","Annual","2019","789850000","Thousands","","","Reported official data","Overlapping Indicator","true","","","International Labor Organization (ILO)","Public (Unrestricted)","","Public or Unrestricted",""
"China, People's Republic of","Labor force","Persons","Annual","2020","783920000","Thousands","","","Reported official data","Overlapping Indicator","true","","","International Labor Organization (ILO)","Public (Unrestricted)","","Public or Unrestricted",""
"China, People's Republic of","Labor force","Persons","Annual","2021","780240000","Thousands","","","Reported official data","Overlapping Indicator","true","","","International Labor Organization (ILO)","Public (Unrestricted)","","Public or Unrestricted",""
"China, People's Republic of","Labor force","Persons","Annual","2022","768630000","Thousands","","","Reported official data","Overlapping Indicator","true","","","International Labor Organization (ILO)","Public (Unrestricted)","","Public or Unrestricted",""
