﻿"COUNTRY","BOP_ACCOUNTING_ENTRY","INDICATOR","UNIT","FREQUENCY","TIME_PERIOD","OBS_VALUE","SCALE","PRECISION","DECIMALS_DISPLAYED","DERIVATION_TYPE","OVERLAP","IFS_FLAG","STATUS","METHODOLOGY","ACCESS_SHARING_LEVEL","ACCESS_SHARING_NOTES","SECURITY_CLASSIFICATION","SOURCE"
"China, People's Republic of","Net (credits less debits)","Goods and services","US dollar","Quarterly","2005-Q1","21113674799.9307","Millions","Millions","","Reported official data","","true","","Balance of Payments and International Investment Position Manual, Sixth Edition (BPM6)","Public (Unrestricted)","","Public or Unrestricted",""
"China, People's Republic of","Net (credits less debits)","Goods and services","US dollar","Quarterly","2005-Q2","29023387575.7988","Millions","Millions","","Reported official data","","true","","Balance of Payments and International Investment Position Manual, Sixth Edition (BPM6)","Public (Unrestricted)","","Public or Unrestricted",""
"China, People's Republic of","Net (credits less debits)","Goods and services","US dollar","Quarterly","2005-Q3","33089408840.931","Millions","Millions","","Reported official data","","true","","Balance of Payments and International Investment Position Manual, Sixth Edition (BPM6)","Public (Unrestricted)","","Public or Unrestricted",""
"China, People's Republic of","Net (credits less debits)","Goods and services","US dollar","Quarterly","2005-Q4","41400326300.5504","Millions","Millions","","Reported official data","","true","","Balance of Payments and International Investment Position Manual, Sixth Edition (BPM6)","Public (Unrestricted)","","Public or Unrestricted",""
"China, People's Republic of","Net (credits less debits)","Goods and services","US dollar","Quarterly","2006-Q1","27876739743.0863","Millions","Millions","","Reported official data","","true","","Balance of Payments and International Investment Position Manual, Sixth Edition (BPM6)","Public (Unrestricted)","","Public or Unrestricted",""
"China, People's Republic of","Net (credits less debits)","Goods and services","US dollar","Quarterly","2006-Q2","46430173787.9796","Millions","Millions","","Reported official data","","true","","Balance of Payments and International Investment Position Manual, Sixth Edition (BPM6)","Public (Unrestricted)","","Public or Unrestricted",""
"China, People's Republic of","Net (credits less debits)","Goods and services","US dollar","Quarterly","2006-Q3","55061896771.4445","Millions","Millions","","Reported official data","","true","","Balance of Payments and International Investment Position Manual, Sixth Edition (BPM6)","Public (Unrestricted)","","Public or Unrestricted",""
"China, People's Republic of","Net (credits less debits)","Goods and services","US dollar","Quarterly","2006-Q4","79550114198.0839","Millions","Millions","","Reported official data","","true","","Balance of Payments and International Investment Position Manual, Sixth Edition (BPM6)","Public (Unrestricted)","","Public or Unrestricted",""
"China, People's Republic of","Net (credits less debits)","Goods and services","US dollar","Quarterly","2007-Q1","56016306971.6699","Millions","Millions","","Reported official data","","true","","Balance of Payments and International Investment Position Manual, Sixth Edition (BPM6)","Public (Unrestricted)","","Public or Unrestricted",""
"China, People's Republic of","Net (credits less debits)","Goods and services","US dollar","Quarterly","2007-Q2","77092136165.5565","Millions","Millions","","Reported official data","","true","","Balance of Payments and International Investment Position Manual, Sixth Edition (BPM6)","Public (Unrestricted)","","Public or Unrestricted",""
"China, People's Republic of","Net (credits less debits)","Goods and services","US dollar","Quarterly","2007-Q3","83518039474.0568","Millions","Millions","","Reported official data","","true","","Balance of Payments and International Investment Position Manual, Sixth Edition (BPM6)","Public (Unrestricted)","","Public or Unrestricted",""
"China, People's Republic of","Net (credits less debits)","Goods and services","US dollar","Quarterly","2007-Q4","91409546172.0719","Millions","Millions","","Reported official data","","true","","Balance of Payments and International Investment Position Manual, Sixth Edition (BPM6)","Public (Unrestricted)","","Public or Unrestricted",""
"China, People's Republic of","Net (credits less debits)","Goods and services","US dollar","Quarterly","2008-Q1","54124054843.529","Millions","Millions","","Reported official data","","true","","Balance of Payments and International Investment Position Manual, Sixth Edition (BPM6)","Public (Unrestricted)","","Public or Unrestricted",""
"China, People's Republic of","Net (credits less debits)","Goods and services","US dollar","Quarterly","2008-Q2","74178045838.9548","Millions","Millions","","Reported official data","","true","","Balance of Payments and International Investment Position Manual, Sixth Edition (BPM6)","Public (Unrestricted)","","Public or Unrestricted",""
"China, People's Republic of","Net (credits less debits)","Goods and services","US dollar","Quarterly","2008-Q3","96276715512.799","Millions","Millions","","Reported official data","","true","","Balance of Payments and International Investment Position Manual, Sixth Edition (BPM6)","Public (Unrestricted)","","Public or Unrestricted",""
"China, People's Republic of","Net (credits less debits)","Goods and services","US dollar","Quarterly","2008-Q4","124253716958.6522","Millions","Millions","","Reported official data","","true","","Balance of Payments and International Investment Position Manual, Sixth Edition (BPM6)","Public (Unrestricted)","","Public or Unrestricted",""
"China, People's Republic of","Net (credits less debits)","Goods and services","US dollar","Quarterly","2009-Q1","63428805170.1719","Millions","Millions","","Reported official data","","true","","Balance of Payments and International Investment Position Manual, Sixth Edition (BPM6)","Public (Unrestricted)","","Public or Unrestricted",""
"China, People's Republic of","Net (credits less debits)","Goods and services","US dollar","Quarterly","2009-Q2","38890918822.2061","Millions","Millions","","Reported official data","","true","","Balance of Payments and International Investment Position Manual, Sixth Edition (BPM6)","Public (Unrestricted)","","Public or Unrestricted",""
"China, People's Republic of","Net (credits less debits)","Goods and services","US dollar","Quarterly","2009-Q3","46544296689.6813","Millions","Millions","","Reported official data","","true","","Balance of Payments and International Investment Position Manual, Sixth Edition (BPM6)","Public (Unrestricted)","","Public or Unrestricted",""
"China, People's Republic of","Net (credits less debits)","Goods and services","US dollar","Quarterly","2009-Q4","71266380684.7212","Millions","Millions","","Reported official data","","true","","Balance of Payments and International Investment Position Manual, Sixth Edition (BPM6)","Public (Unrestricted)","","Public or Unrestricted",""
"China, People's Republic of","Net (credits less debits)","Goods and services","US dollar","Quarterly","2010-Q1","21287889592.9013","Millions","Millions","","Reported official data","","true","","Balance of Payments and International Investment Position Manual, Sixth Edition (BPM6)","Public (Unrestricted)","","Public or Unrestricted",""
"China, People's Republic of","Net (credits less debits)","Goods and services","US dollar","Quarterly","2010-Q2","52304001199.8255","Millions","Millions","","Reported official data","","true","","Balance of Payments and International Investment Position Manual, Sixth Edition (BPM6)","Public (Unrestricted)","","Public or Unrestricted",""
"China, People's Republic of","Net (credits less debits)","Goods and services","US dollar","Quarterly","2010-Q3","74371912513.2603","Millions","Millions","","Reported official data","","true","","Balance of Payments and International Investment Position Manual, Sixth Edition (BPM6)","Public (Unrestricted)","","Public or Unrestricted",""
"China, People's Republic of","Net (credits less debits)","Goods and services","US dollar","Quarterly","2010-Q4","75060068406.8128","Millions","Millions","","Reported official data","","true","","Balance of Payments and International Investment Position Manual, Sixth Edition (BPM6)","Public (Unrestricted)","","Public or Unrestricted",""
"China, People's Republic of","Net (credits less debits)","Goods and services","US dollar","Quarterly","2011-Q1","7445633088.39","Millions","Millions","","Reported official data","","true","","Balance of Payments and International Investment Position Manual, Sixth Edition (BPM6)","Public (Unrestricted)","","Public or Unrestricted",""
"China, People's Republic of","Net (credits less debits)","Goods and services","US dollar","Quarterly","2011-Q2","53499278333.5234","Millions","Millions","","Reported official data","","true","","Balance of Payments and International Investment Position Manual, Sixth Edition (BPM6)","Public (Unrestricted)","","Public or Unrestricted",""
"China, People's Republic of","Net (credits less debits)","Goods and services","US dollar","Quarterly","2011-Q3","66088053015.684","Millions","Millions","","Reported official data","","true","","Balance of Payments and International Investment Position Manual, Sixth Edition (BPM6)","Public (Unrestricted)","","Public or Unrestricted",""
"China, People's Republic of","Net (credits less debits)","Goods and services","US dollar","Quarterly","2011-Q4","54870774475.076","Millions","Millions","","Reported official data","","true","","Balance of Payments and International Investment Position Manual, Sixth Edition (BPM6)","Public (Unrestricted)","","Public or Unrestricted",""
"China, People's Republic of","Net (credits less debits)","Goods and services","US dollar","Quarterly","2012-Q1","3818290941.2586","Millions","Millions","","Reported official data","","true","","Balance of Payments and International Investment Position Manual, Sixth Edition (BPM6)","Public (Unrestricted)","","Public or Unrestricted",""
"China, People's Republic of","Net (credits less debits)","Goods and services","US dollar","Quarterly","2012-Q2","68749790526.9075","Millions","Millions","","Reported official data","","true","","Balance of Payments and International Investment Position Manual, Sixth Edition (BPM6)","Public (Unrestricted)","","Public or Unrestricted",""
"China, People's Republic of","Net (credits less debits)","Goods and services","US dollar","Quarterly","2012-Q3","73251708804.4413","Millions","Millions","","Reported official data","","true","","Balance of Payments and International Investment Position Manual, Sixth Edition (BPM6)","Public (Unrestricted)","","Public or Unrestricted",""
"China, People's Republic of","Net (credits less debits)","Goods and services","US dollar","Quarterly","2012-Q4","86025086475.3944","Millions","Millions","","Reported official data","","true","","Balance of Payments and International Investment Position Manual, Sixth Edition (BPM6)","Public (Unrestricted)","","Public or Unrestricted",""
"China, People's Republic of","Net (credits less debits)","Goods and services","US dollar","Quarterly","2013-Q1","40068588840.5418","Millions","Millions","","Reported official data","","true","","Balance of Payments and International Investment Position Manual, Sixth Edition (BPM6)","Public (Unrestricted)","","Public or Unrestricted",""
"China, People's Republic of","Net (credits less debits)","Goods and services","US dollar","Quarterly","2013-Q2","62357960146.6481","Millions","Millions","","Reported official data","","true","","Balance of Payments and International Investment Position Manual, Sixth Edition (BPM6)","Public (Unrestricted)","","Public or Unrestricted",""
"China, People's Republic of","Net (credits less debits)","Goods and services","US dollar","Quarterly","2013-Q3","44172434486.0327","Millions","Millions","","Reported official data","","true","","Balance of Payments and International Investment Position Manual, Sixth Edition (BPM6)","Public (Unrestricted)","","Public or Unrestricted",""
"China, People's Republic of","Net (credits less debits)","Goods and services","US dollar","Quarterly","2013-Q4","88780578130.8933","Millions","Millions","","Reported official data","","true","","Balance of Payments and International Investment Position Manual, Sixth Edition (BPM6)","Public (Unrestricted)","","Public or Unrestricted",""
"China, People's Republic of","Net (credits less debits)","Goods and services","US dollar","Quarterly","2014-Q1","-10492441524.7883","Millions","Millions","","Reported official data","","true","","Balance of Payments and International Investment Position Manual, Sixth Edition (BPM6)","Public (Unrestricted)","","Public or Unrestricted",""
"China, People's Republic of","Net (credits less debits)","Goods and services","US dollar","Quarterly","2014-Q2","62648825120.0418","Millions","Millions","","Reported official data","","true","","Balance of Payments and International Investment Position Manual, Sixth Edition (BPM6)","Public (Unrestricted)","","Public or Unrestricted",""
"China, People's Republic of","Net (credits less debits)","Goods and services","US dollar","Quarterly","2014-Q3","76503424092.7457","Millions","Millions","","Reported official data","","true","","Balance of Payments and International Investment Position Manual, Sixth Edition (BPM6)","Public (Unrestricted)","","Public or Unrestricted",""
"China, People's Republic of","Net (credits less debits)","Goods and services","US dollar","Quarterly","2014-Q4","92639439259.2723","Millions","Millions","","Reported official data","","true","","Balance of Payments and International Investment Position Manual, Sixth Edition (BPM6)","Public (Unrestricted)","","Public or Unrestricted",""
"China, People's Republic of","Net (credits less debits)","Goods and services","US dollar","Quarterly","2015-Q1","69826824366.3858","Millions","Millions","","Reported official data","","true","","Balance of Payments and International Investment Position Manual, Sixth Edition (BPM6)","Public (Unrestricted)","","Public or Unrestricted",""
"China, People's Republic of","Net (credits less debits)","Goods and services","US dollar","Quarterly","2015-Q2","81416797506.9198","Millions","Millions","","Reported official data","","true","","Balance of Payments and International Investment Position Manual, Sixth Edition (BPM6)","Public (Unrestricted)","","Public or Unrestricted",""
"China, People's Republic of","Net (credits less debits)","Goods and services","US dollar","Quarterly","2015-Q3","96833929171.7797","Millions","Millions","","Reported official data","","true","","Balance of Payments and International Investment Position Manual, Sixth Edition (BPM6)","Public (Unrestricted)","","Public or Unrestricted",""
"China, People's Republic of","Net (credits less debits)","Goods and services","US dollar","Quarterly","2015-Q4","109793213236.1875","Millions","Millions","","Reported official data","","true","","Balance of Payments and International Investment Position Manual, Sixth Edition (BPM6)","Public (Unrestricted)","","Public or Unrestricted",""
"China, People's Republic of","Net (credits less debits)","Goods and services","US dollar","Quarterly","2016-Q1","52000615017.7702","Millions","Millions","","Reported official data","","true","","Balance of Payments and International Investment Position Manual, Sixth Edition (BPM6)","Public (Unrestricted)","","Public or Unrestricted",""
"China, People's Republic of","Net (credits less debits)","Goods and services","US dollar","Quarterly","2016-Q2","73016702222.484","Millions","Millions","","Reported official data","","true","","Balance of Payments and International Investment Position Manual, Sixth Edition (BPM6)","Public (Unrestricted)","","Public or Unrestricted",""
"China, People's Republic of","Net (credits less debits)","Goods and services","US dollar","Quarterly","2016-Q3","74834766055.9947","Millions","Millions","","Reported official data","","true","","Balance of Payments and International Investment Position Manual, Sixth Edition (BPM6)","Public (Unrestricted)","","Public or Unrestricted",""
"China, People's Republic of","Net (credits less debits)","Goods and services","US dollar","Quarterly","2016-Q4","55885004945.9008","Millions","Millions","","Reported official data","","true","","Balance of Payments and International Investment Position Manual, Sixth Edition (BPM6)","Public (Unrestricted)","","Public or Unrestricted",""
"China, People's Republic of","Net (credits less debits)","Goods and services","US dollar","Quarterly","2017-Q1","19108076831.0055","Millions","Millions","","Reported official data","","true","","Balance of Payments and International Investment Position Manual, Sixth Edition (BPM6)","Public (Unrestricted)","","Public or Unrestricted",""
"China, People's Republic of","Net (credits less debits)","Goods and services","US dollar","Quarterly","2017-Q2","61861549080.0423","Millions","Millions","","Reported official data","","true","","Balance of Payments and International Investment Position Manual, Sixth Edition (BPM6)","Public (Unrestricted)","","Public or Unrestricted",""
"China, People's Republic of","Net (credits less debits)","Goods and services","US dollar","Quarterly","2017-Q3","54323044510.7421","Millions","Millions","","Reported official data","","true","","Balance of Payments and International Investment Position Manual, Sixth Edition (BPM6)","Public (Unrestricted)","","Public or Unrestricted",""
"China, People's Republic of","Net (credits less debits)","Goods and services","US dollar","Quarterly","2017-Q4","81717229512.1576","Millions","Millions","","Reported official data","","true","","Balance of Payments and International Investment Position Manual, Sixth Edition (BPM6)","Public (Unrestricted)","","Public or Unrestricted",""
"China, People's Republic of","Net (credits less debits)","Goods and services","US dollar","Quarterly","2018-Q1","-24947939419.791","Millions","Millions","","Reported official data","","true","","Balance of Payments and International Investment Position Manual, Sixth Edition (BPM6)","Public (Unrestricted)","","Public or Unrestricted",""
"China, People's Republic of","Net (credits less debits)","Goods and services","US dollar","Quarterly","2018-Q2","26963655726.3125","Millions","Millions","","Reported official data","","true","","Balance of Payments and International Investment Position Manual, Sixth Edition (BPM6)","Public (Unrestricted)","","Public or Unrestricted",""
"China, People's Republic of","Net (credits less debits)","Goods and services","US dollar","Quarterly","2018-Q3","16430983227.2145","Millions","Millions","","Reported official data","","true","","Balance of Payments and International Investment Position Manual, Sixth Edition (BPM6)","Public (Unrestricted)","","Public or Unrestricted",""
"China, People's Republic of","Net (credits less debits)","Goods and services","US dollar","Quarterly","2018-Q4","69458448918.1378","Millions","Millions","","Reported official data","","true","","Balance of Payments and International Investment Position Manual, Sixth Edition (BPM6)","Public (Unrestricted)","","Public or Unrestricted",""
"China, People's Republic of","Net (credits less debits)","Goods and services","US dollar","Quarterly","2019-Q1","4330043178.9767","Millions","Millions","","Reported official data","","true","","Balance of Payments and International Investment Position Manual, Sixth Edition (BPM6)","Public (Unrestricted)","","Public or Unrestricted",""
"China, People's Republic of","Net (credits less debits)","Goods and services","US dollar","Quarterly","2019-Q2","30404772184.0505","Millions","Millions","","Reported official data","","true","","Balance of Payments and International Investment Position Manual, Sixth Edition (BPM6)","Public (Unrestricted)","","Public or Unrestricted",""
"China, People's Republic of","Net (credits less debits)","Goods and services","US dollar","Quarterly","2019-Q3","42154573697.5704","Millions","Millions","","Reported official data","","true","","Balance of Payments and International Investment Position Manual, Sixth Edition (BPM6)","Public (Unrestricted)","","Public or Unrestricted",""
"China, People's Republic of","Net (credits less debits)","Goods and services","US dollar","Quarterly","2019-Q4","54954908251.4398","Millions","Millions","","Reported official data","","true","","Balance of Payments and International Investment Position Manual, Sixth Edition (BPM6)","Public (Unrestricted)","","Public or Unrestricted",""
"China, People's Republic of","Net (credits less debits)","Goods and services","US dollar","Quarterly","2020-Q1","-37963022802.97","Millions","Millions","","Reported official data","","true","","Balance of Payments and International Investment Position Manual, Sixth Edition (BPM6)","Public (Unrestricted)","","Public or Unrestricted",""
"China, People's Republic of","Net (credits less debits)","Goods and services","US dollar","Quarterly","2020-Q2","120875896686.85","Millions","Millions","","Reported official data","","true","","Balance of Payments and International Investment Position Manual, Sixth Edition (BPM6)","Public (Unrestricted)","","Public or Unrestricted",""
"China, People's Republic of","Net (credits less debits)","Goods and services","US dollar","Quarterly","2020-Q3","117035724890.32","Millions","Millions","","Reported official data","","true","","Balance of Payments and International Investment Position Manual, Sixth Edition (BPM6)","Public (Unrestricted)","","Public or Unrestricted",""
"China, People's Republic of","Net (credits less debits)","Goods and services","US dollar","Quarterly","2020-Q4","158624009385.82","Millions","Millions","","Reported official data","","true","","Balance of Payments and International Investment Position Manual, Sixth Edition (BPM6)","Public (Unrestricted)","","Public or Unrestricted",""
"China, People's Republic of","Net (credits less debits)","Goods and services","US dollar","Quarterly","2021-Q1","92995097289.08","Millions","Millions","","Reported official data","","true","","Balance of Payments and International Investment Position Manual, Sixth Edition (BPM6)","Public (Unrestricted)","","Public or Unrestricted",""
"China, People's Republic of","Net (credits less debits)","Goods and services","US dollar","Quarterly","2021-Q2","85137781427.64","Millions","Millions","","Reported official data","","true","","Balance of Payments and International Investment Position Manual, Sixth Edition (BPM6)","Public (Unrestricted)","","Public or Unrestricted",""
"China, People's Republic of","Net (credits less debits)","Goods and services","US dollar","Quarterly","2021-Q3","114288024001.58","Millions","Millions","","Reported official data","","true","","Balance of Payments and International Investment Position Manual, Sixth Edition (BPM6)","Public (Unrestricted)","","Public or Unrestricted",""
"China, People's Republic of","Net (credits less debits)","Goods and services","US dollar","Quarterly","2021-Q4","169073390041.05","Millions","Millions","","Reported official data","","true","","Balance of Payments and International Investment Position Manual, Sixth Edition (BPM6)","Public (Unrestricted)","","Public or Unrestricted",""
"China, People's Republic of","Net (credits less debits)","Goods and services","US dollar","Quarterly","2022-Q1","127183546719.5","Millions","Millions","","Reported official data","","true","","Balance of Payments and International Investment Position Manual, Sixth Edition (BPM6)","Public (Unrestricted)","","Public or Unrestricted",""
"China, People's Republic of","Net (credits less debits)","Goods and services","US dollar","Quarterly","2022-Q2","152480929836.22","Millions","Millions","","Reported official data","","true","","Balance of Payments and International Investment Position Manual, Sixth Edition (BPM6)","Public (Unrestricted)","","Public or Unrestricted",""
"China, People's Republic of","Net (credits less debits)","Goods and services","US dollar","Quarterly","2022-Q3","168659932534.94","Millions","Millions","","Reported official data","","true","","Balance of Payments and International Investment Position Manual, Sixth Edition (BPM6)","Public (Unrestricted)","","Public or Unrestricted",""
"China, People's Republic of","Net (credits less debits)","Goods and services","US dollar","Quarterly","2022-Q4","129284530641.94","Millions","Millions","","Reported official data","","true","","Balance of Payments and International Investment Position Manual, Sixth Edition (BPM6)","Public (Unrestricted)","","Public or Unrestricted",""
"China, People's Republic of","Net (credits less debits)","Goods and services","US dollar","Quarterly","2023-Q1","82849582417.18","Millions","Millions","","Reported official data","","true","","Balance of Payments and International Investment Position Manual, Sixth Edition (BPM6)","Public (Unrestricted)","","Public or Unrestricted",""
"China, People's Republic of","Net (credits less debits)","Goods and services","US dollar","Quarterly","2023-Q2","112263960828.04","Millions","Millions","","Reported official data","","true","","Balance of Payments and International Investment Position Manual, Sixth Edition (BPM6)","Public (Unrestricted)","","Public or Unrestricted",""
"China, People's Republic of","Net (credits less debits)","Goods and services","US dollar","Quarterly","2023-Q3","97011324363.68","Millions","Millions","","Reported official data","","true","","Balance of Payments and International Investment Position Manual, Sixth Edition (BPM6)","Public (Unrestricted)","","Public or Unrestricted",""
"China, People's Republic of","Net (credits less debits)","Goods and services","US dollar","Quarterly","2023-Q4","93450604015.77","Millions","Millions","","Reported official data","","true","","Balance of Payments and International Investment Position Manual, Sixth Edition (BPM6)","Public (Unrestricted)","","Public or Unrestricted",""
"China, People's Republic of","Net (credits less debits)","Goods and services","US dollar","Quarterly","2024-Q1","63757361968.43","Millions","Millions","","Reported official data","","true","","Balance of Payments and International Investment Position Manual, Sixth Edition (BPM6)","Public (Unrestricted)","","Public or Unrestricted",""
"China, People's Republic of","Net (credits less debits)","Goods and services","US dollar","Quarterly","2024-Q2","101649171958.04","Millions","Millions","","Reported official data","","true","","Balance of Payments and International Investment Position Manual, Sixth Edition (BPM6)","Public (Unrestricted)","","Public or Unrestricted",""
"China, People's Republic of","Net (credits less debits)","Goods and services","US dollar","Quarterly","2024-Q3","171173439120.93","Millions","Millions","","Reported official data","","true","","Balance of Payments and International Investment Position Manual, Sixth Edition (BPM6)","Public (Unrestricted)","","Public or Unrestricted",""
"China, People's Republic of","Net (credits less debits)","Goods and services","US dollar","Quarterly","2024-Q4","202378045196.29","Millions","Millions","","Reported official data","","true","","Balance of Payments and International Investment Position Manual, Sixth Edition (BPM6)","Public (Unrestricted)","","Public or Unrestricted",""
"China, People's Republic of","Net (credits less debits)","Goods and services","US dollar","Annual","1982","4737000000","Millions","Millions","","Reported official data","","true","","Balance of Payments and International Investment Position Manual, Sixth Edition (BPM6)","Public (Unrestricted)","","Public or Unrestricted",""
"China, People's Republic of","Net (credits less debits)","Goods and services","US dollar","Annual","1983","2475000000","Millions","Millions","","Reported official data","","true","","Balance of Payments and International Investment Position Manual, Sixth Edition (BPM6)","Public (Unrestricted)","","Public or Unrestricted",""
"China, People's Republic of","Net (credits less debits)","Goods and services","US dollar","Annual","1984","-32000000","Millions","Millions","","Reported official data","","true","","Balance of Payments and International Investment Position Manual, Sixth Edition (BPM6)","Public (Unrestricted)","","Public or Unrestricted",""
"China, People's Republic of","Net (credits less debits)","Goods and services","US dollar","Annual","1985","-12592000000","Millions","Millions","","Reported official data","","true","","Balance of Payments and International Investment Position Manual, Sixth Edition (BPM6)","Public (Unrestricted)","","Public or Unrestricted",""
"China, People's Republic of","Net (credits less debits)","Goods and services","US dollar","Annual","1986","-7589000000","Millions","Millions","","Reported official data","","true","","Balance of Payments and International Investment Position Manual, Sixth Edition (BPM6)","Public (Unrestricted)","","Public or Unrestricted",""
"China, People's Republic of","Net (credits less debits)","Goods and services","US dollar","Annual","1987","291000000","Millions","Millions","","Reported official data","","true","","Balance of Payments and International Investment Position Manual, Sixth Edition (BPM6)","Public (Unrestricted)","","Public or Unrestricted",""
"China, People's Republic of","Net (credits less debits)","Goods and services","US dollar","Annual","1988","-4060000000","Millions","Millions","","Reported official data","","true","","Balance of Payments and International Investment Position Manual, Sixth Edition (BPM6)","Public (Unrestricted)","","Public or Unrestricted",""
"China, People's Republic of","Net (credits less debits)","Goods and services","US dollar","Annual","1989","-4927000000","Millions","Millions","","Reported official data","","true","","Balance of Payments and International Investment Position Manual, Sixth Edition (BPM6)","Public (Unrestricted)","","Public or Unrestricted",""
"China, People's Republic of","Net (credits less debits)","Goods and services","US dollar","Annual","1990","10668000000","Millions","Millions","","Reported official data","","true","","Balance of Payments and International Investment Position Manual, Sixth Edition (BPM6)","Public (Unrestricted)","","Public or Unrestricted",""
"China, People's Republic of","Net (credits less debits)","Goods and services","US dollar","Annual","1991","11601000000","Millions","Millions","","Reported official data","","true","","Balance of Payments and International Investment Position Manual, Sixth Edition (BPM6)","Public (Unrestricted)","","Public or Unrestricted",""
"China, People's Republic of","Net (credits less debits)","Goods and services","US dollar","Annual","1992","4998000000","Millions","Millions","","Reported official data","","true","","Balance of Payments and International Investment Position Manual, Sixth Edition (BPM6)","Public (Unrestricted)","","Public or Unrestricted",""
"China, People's Republic of","Net (credits less debits)","Goods and services","US dollar","Annual","1993","-11497000000","Millions","Millions","","Reported official data","","true","","Balance of Payments and International Investment Position Manual, Sixth Edition (BPM6)","Public (Unrestricted)","","Public or Unrestricted",""
"China, People's Republic of","Net (credits less debits)","Goods and services","US dollar","Annual","1994","7611000000","Millions","Millions","","Reported official data","","true","","Balance of Payments and International Investment Position Manual, Sixth Edition (BPM6)","Public (Unrestricted)","","Public or Unrestricted",""
"China, People's Republic of","Net (credits less debits)","Goods and services","US dollar","Annual","1995","11957590000","Millions","Millions","","Reported official data","","true","","Balance of Payments and International Investment Position Manual, Sixth Edition (BPM6)","Public (Unrestricted)","","Public or Unrestricted",""
"China, People's Republic of","Net (credits less debits)","Goods and services","US dollar","Annual","1996","17551000000","Millions","Millions","","Reported official data","","true","","Balance of Payments and International Investment Position Manual, Sixth Edition (BPM6)","Public (Unrestricted)","","Public or Unrestricted",""
"China, People's Republic of","Net (credits less debits)","Goods and services","US dollar","Annual","1997","42824000000","Millions","Millions","","Reported official data","","true","","Balance of Payments and International Investment Position Manual, Sixth Edition (BPM6)","Public (Unrestricted)","","Public or Unrestricted",""
"China, People's Republic of","Net (credits less debits)","Goods and services","US dollar","Annual","1998","43837000000","Millions","Millions","","Reported official data","","true","","Balance of Payments and International Investment Position Manual, Sixth Edition (BPM6)","Public (Unrestricted)","","Public or Unrestricted",""
"China, People's Republic of","Net (credits less debits)","Goods and services","US dollar","Annual","1999","30641000000","Millions","Millions","","Reported official data","","true","","Balance of Payments and International Investment Position Manual, Sixth Edition (BPM6)","Public (Unrestricted)","","Public or Unrestricted",""
"China, People's Republic of","Net (credits less debits)","Goods and services","US dollar","Annual","2000","28873534000","Millions","Millions","","Reported official data","","true","","Balance of Payments and International Investment Position Manual, Sixth Edition (BPM6)","Public (Unrestricted)","","Public or Unrestricted",""
"China, People's Republic of","Net (credits less debits)","Goods and services","US dollar","Annual","2001","28084000000","Millions","Millions","","Reported official data","","true","","Balance of Payments and International Investment Position Manual, Sixth Edition (BPM6)","Public (Unrestricted)","","Public or Unrestricted",""
"China, People's Republic of","Net (credits less debits)","Goods and services","US dollar","Annual","2002","37383087664.0194","Millions","Millions","","Reported official data","","true","","Balance of Payments and International Investment Position Manual, Sixth Edition (BPM6)","Public (Unrestricted)","","Public or Unrestricted",""
"China, People's Republic of","Net (credits less debits)","Goods and services","US dollar","Annual","2003","35821129066.2935","Millions","Millions","","Reported official data","","true","","Balance of Payments and International Investment Position Manual, Sixth Edition (BPM6)","Public (Unrestricted)","","Public or Unrestricted",""
"China, People's Republic of","Net (credits less debits)","Goods and services","US dollar","Annual","2004","51174382539.95","Millions","Millions","","Reported official data","","true","","Balance of Payments and International Investment Position Manual, Sixth Edition (BPM6)","Public (Unrestricted)","","Public or Unrestricted",""
"China, People's Republic of","Net (credits less debits)","Goods and services","US dollar","Annual","2005","124626797517.2109","Millions","Millions","","Reported official data","","true","","Balance of Payments and International Investment Position Manual, Sixth Edition (BPM6)","Public (Unrestricted)","","Public or Unrestricted",""
"China, People's Republic of","Net (credits less debits)","Goods and services","US dollar","Annual","2006","208918924500.5943","Millions","Millions","","Reported official data","","true","","Balance of Payments and International Investment Position Manual, Sixth Edition (BPM6)","Public (Unrestricted)","","Public or Unrestricted",""
"China, People's Republic of","Net (credits less debits)","Goods and services","US dollar","Annual","2007","308036028783.3551","Millions","Millions","","Reported official data","","true","","Balance of Payments and International Investment Position Manual, Sixth Edition (BPM6)","Public (Unrestricted)","","Public or Unrestricted",""
"China, People's Republic of","Net (credits less debits)","Goods and services","US dollar","Annual","2008","348832533153.935","Millions","Millions","","Reported official data","","true","","Balance of Payments and International Investment Position Manual, Sixth Edition (BPM6)","Public (Unrestricted)","","Public or Unrestricted",""
"China, People's Republic of","Net (credits less debits)","Goods and services","US dollar","Annual","2009","220130401366.7805","Millions","Millions","","Reported official data","","true","","Balance of Payments and International Investment Position Manual, Sixth Edition (BPM6)","Public (Unrestricted)","","Public or Unrestricted",""
"China, People's Republic of","Net (credits less debits)","Goods and services","US dollar","Annual","2010","223023871712.7999","Millions","Millions","","Reported official data","","true","","Balance of Payments and International Investment Position Manual, Sixth Edition (BPM6)","Public (Unrestricted)","","Public or Unrestricted",""
"China, People's Republic of","Net (credits less debits)","Goods and services","US dollar","Annual","2011","181903738912.6734","Millions","Millions","","Reported official data","","true","","Balance of Payments and International Investment Position Manual, Sixth Edition (BPM6)","Public (Unrestricted)","","Public or Unrestricted",""
"China, People's Republic of","Net (credits less debits)","Goods and services","US dollar","Annual","2012","231844876748.0018","Millions","Millions","","Reported official data","","true","","Balance of Payments and International Investment Position Manual, Sixth Edition (BPM6)","Public (Unrestricted)","","Public or Unrestricted",""
"China, People's Republic of","Net (credits less debits)","Goods and services","US dollar","Annual","2013","235379561604.1159","Millions","Millions","","Reported official data","","true","","Balance of Payments and International Investment Position Manual, Sixth Edition (BPM6)","Public (Unrestricted)","","Public or Unrestricted",""
"China, People's Republic of","Net (credits less debits)","Goods and services","US dollar","Annual","2014","221299246947.2715","Millions","Millions","","Reported official data","","true","","Balance of Payments and International Investment Position Manual, Sixth Edition (BPM6)","Public (Unrestricted)","","Public or Unrestricted",""
"China, People's Republic of","Net (credits less debits)","Goods and services","US dollar","Annual","2015","357870764281.2728","Millions","Millions","","Reported official data","","true","","Balance of Payments and International Investment Position Manual, Sixth Edition (BPM6)","Public (Unrestricted)","","Public or Unrestricted",""
"China, People's Republic of","Net (credits less debits)","Goods and services","US dollar","Annual","2016","255737088242.1497","Millions","Millions","","Reported official data","","true","","Balance of Payments and International Investment Position Manual, Sixth Edition (BPM6)","Public (Unrestricted)","","Public or Unrestricted",""
"China, People's Republic of","Net (credits less debits)","Goods and services","US dollar","Annual","2017","217009899933.9475","Millions","Millions","","Reported official data","","true","","Balance of Payments and International Investment Position Manual, Sixth Edition (BPM6)","Public (Unrestricted)","","Public or Unrestricted",""
"China, People's Republic of","Net (credits less debits)","Goods and services","US dollar","Annual","2018","87905148451.8738","Millions","Millions","","Reported official data","","true","","Balance of Payments and International Investment Position Manual, Sixth Edition (BPM6)","Public (Unrestricted)","","Public or Unrestricted",""
"China, People's Republic of","Net (credits less debits)","Goods and services","US dollar","Annual","2019","131844297312.0374","Millions","Millions","","Reported official data","","true","","Balance of Payments and International Investment Position Manual, Sixth Edition (BPM6)","Public (Unrestricted)","","Public or Unrestricted",""
"China, People's Republic of","Net (credits less debits)","Goods and services","US dollar","Annual","2020","358572608160.02","Millions","Millions","","Reported official data","","true","","Balance of Payments and International Investment Position Manual, Sixth Edition (BPM6)","Public (Unrestricted)","","Public or Unrestricted",""
"China, People's Republic of","Net (credits less debits)","Goods and services","US dollar","Annual","2021","461494292759.35","Millions","Millions","","Reported official data","","true","","Balance of Payments and International Investment Position Manual, Sixth Edition (BPM6)","Public (Unrestricted)","","Public or Unrestricted",""
"China, People's Republic of","Net (credits less debits)","Goods and services","US dollar","Annual","2022","577608939732.6","Millions","Millions","","Reported official data","","true","","Balance of Payments and International Investment Position Manual, Sixth Edition (BPM6)","Public (Unrestricted)","","Public or Unrestricted",""
"China, People's Republic of","Net (credits less debits)","Goods and services","US dollar","Annual","2023","385575471624.67","Millions","Millions","","Reported official data","","true","","Balance of Payments and International Investment Position Manual, Sixth Edition (BPM6)","Public (Unrestricted)","","Public or Unrestricted",""
"China, People's Republic of","Net (credits less debits)","Goods and services","US dollar","Annual","2024","538958018243.69","Millions","Millions","","Reported official data","","true","","Balance of Payments and International Investment Position Manual, Sixth Edition (BPM6)","Public (Unrestricted)","","Public or Unrestricted",""
