﻿"COUNTRY","INDICATOR","TYPE_OF_TRANSFORMATION","FREQUENCY","TIME_PERIOD","OBS_VALUE","SCALE","PRECISION","DECIMALS_DISPLAYED","DERIVATION_TYPE","OVERLAP","IFS_FLAG","REFERENCE_PERIOD","STATUS","METHODOLOGY","ACCESS_SHARING_LEVEL","ACCESS_SHARING_NOTES","SECURITY_CLASSIFICATION","SOURCE"
"Hong Kong Special Administrative Region, People's Republic of China","Unemployment rate","Percent","Quarterly","1981-Q4","3.433333333333333","Units","","","Reported official data","Overlapping Indicator","true","","","International Labor Organization (ILO)","Public (Unrestricted)","","Public or Unrestricted",""
"Hong Kong Special Administrative Region, People's Republic of China","Unemployment rate","Percent","Quarterly","1982-Q1","3.1","Units","","","Reported official data","Overlapping Indicator","true","","","International Labor Organization (ILO)","Public (Unrestricted)","","Public or Unrestricted",""
"Hong Kong Special Administrative Region, People's Republic of China","Unemployment rate","Percent","Quarterly","1982-Q2","3.166666666666667","Units","","","Reported official data","Overlapping Indicator","true","","","International Labor Organization (ILO)","Public (Unrestricted)","","Public or Unrestricted",""
"Hong Kong Special Administrative Region, People's Republic of China","Unemployment rate","Percent","Quarterly","1982-Q3","3.733333333333333","Units","","","Reported official data","Overlapping Indicator","true","","","International Labor Organization (ILO)","Public (Unrestricted)","","Public or Unrestricted",""
"Hong Kong Special Administrative Region, People's Republic of China","Unemployment rate","Percent","Quarterly","1982-Q4","4.2","Units","","","Reported official data","Overlapping Indicator","true","","","International Labor Organization (ILO)","Public (Unrestricted)","","Public or Unrestricted",""
"Hong Kong Special Administrative Region, People's Republic of China","Unemployment rate","Percent","Quarterly","1983-Q1","4.666666666666667","Units","","","Reported official data","Overlapping Indicator","true","","","International Labor Organization (ILO)","Public (Unrestricted)","","Public or Unrestricted",""
"Hong Kong Special Administrative Region, People's Republic of China","Unemployment rate","Percent","Quarterly","1983-Q2","4.8","Units","","","Reported official data","Overlapping Indicator","true","","","International Labor Organization (ILO)","Public (Unrestricted)","","Public or Unrestricted",""
"Hong Kong Special Administrative Region, People's Republic of China","Unemployment rate","Percent","Quarterly","1983-Q3","4","Units","","","Reported official data","Overlapping Indicator","true","","","International Labor Organization (ILO)","Public (Unrestricted)","","Public or Unrestricted",""
"Hong Kong Special Administrative Region, People's Republic of China","Unemployment rate","Percent","Quarterly","1983-Q4","4.433333333333333","Units","","","Reported official data","Overlapping Indicator","true","","","International Labor Organization (ILO)","Public (Unrestricted)","","Public or Unrestricted",""
"Hong Kong Special Administrative Region, People's Republic of China","Unemployment rate","Percent","Quarterly","1984-Q1","3.933333333333333","Units","","","Reported official data","Overlapping Indicator","true","","","International Labor Organization (ILO)","Public (Unrestricted)","","Public or Unrestricted",""
"Hong Kong Special Administrative Region, People's Republic of China","Unemployment rate","Percent","Quarterly","1984-Q2","3.7","Units","","","Reported official data","Overlapping Indicator","true","","","International Labor Organization (ILO)","Public (Unrestricted)","","Public or Unrestricted",""
"Hong Kong Special Administrative Region, People's Republic of China","Unemployment rate","Percent","Quarterly","1984-Q3","3.8","Units","","","Reported official data","Overlapping Indicator","true","","","International Labor Organization (ILO)","Public (Unrestricted)","","Public or Unrestricted",""
"Hong Kong Special Administrative Region, People's Republic of China","Unemployment rate","Percent","Quarterly","1984-Q4","4.133333333333333","Units","","","Reported official data","Overlapping Indicator","true","","","International Labor Organization (ILO)","Public (Unrestricted)","","Public or Unrestricted",""
"Hong Kong Special Administrative Region, People's Republic of China","Unemployment rate","Percent","Quarterly","1985-Q1","3.233333333333333","Units","","","Reported official data","Overlapping Indicator","true","","","International Labor Organization (ILO)","Public (Unrestricted)","","Public or Unrestricted",""
"Hong Kong Special Administrative Region, People's Republic of China","Unemployment rate","Percent","Quarterly","1985-Q2","2.933333333333333","Units","","","Reported official data","Overlapping Indicator","true","","","International Labor Organization (ILO)","Public (Unrestricted)","","Public or Unrestricted",""
"Hong Kong Special Administrative Region, People's Republic of China","Unemployment rate","Percent","Quarterly","1985-Q3","3.4","Units","","","Reported official data","Overlapping Indicator","true","","","International Labor Organization (ILO)","Public (Unrestricted)","","Public or Unrestricted",""
"Hong Kong Special Administrative Region, People's Republic of China","Unemployment rate","Percent","Quarterly","1985-Q4","3.466666666666667","Units","","","Reported official data","Overlapping Indicator","true","","","International Labor Organization (ILO)","Public (Unrestricted)","","Public or Unrestricted",""
"Hong Kong Special Administrative Region, People's Republic of China","Unemployment rate","Percent","Quarterly","1986-Q1","3.066666666666667","Units","","","Reported official data","Overlapping Indicator","true","","","International Labor Organization (ILO)","Public (Unrestricted)","","Public or Unrestricted",""
"Hong Kong Special Administrative Region, People's Republic of China","Unemployment rate","Percent","Quarterly","1986-Q2","3.033333333333333","Units","","","Reported official data","Overlapping Indicator","true","","","International Labor Organization (ILO)","Public (Unrestricted)","","Public or Unrestricted",""
"Hong Kong Special Administrative Region, People's Republic of China","Unemployment rate","Percent","Quarterly","1986-Q3","3.066666666666667","Units","","","Reported official data","Overlapping Indicator","true","","","International Labor Organization (ILO)","Public (Unrestricted)","","Public or Unrestricted",""
"Hong Kong Special Administrative Region, People's Republic of China","Unemployment rate","Percent","Quarterly","1986-Q4","2.5","Units","","","Reported official data","Overlapping Indicator","true","","","International Labor Organization (ILO)","Public (Unrestricted)","","Public or Unrestricted",""
"Hong Kong Special Administrative Region, People's Republic of China","Unemployment rate","Percent","Quarterly","1987-Q1","1.9","Units","","","Reported official data","Overlapping Indicator","true","","","International Labor Organization (ILO)","Public (Unrestricted)","","Public or Unrestricted",""
"Hong Kong Special Administrative Region, People's Republic of China","Unemployment rate","Percent","Quarterly","1987-Q2","1.633333333333333","Units","","","Reported official data","Overlapping Indicator","true","","","International Labor Organization (ILO)","Public (Unrestricted)","","Public or Unrestricted",""
"Hong Kong Special Administrative Region, People's Republic of China","Unemployment rate","Percent","Quarterly","1987-Q3","1.733333333333333","Units","","","Reported official data","Overlapping Indicator","true","","","International Labor Organization (ILO)","Public (Unrestricted)","","Public or Unrestricted",""
"Hong Kong Special Administrative Region, People's Republic of China","Unemployment rate","Percent","Quarterly","1987-Q4","1.833333333333333","Units","","","Reported official data","Overlapping Indicator","true","","","International Labor Organization (ILO)","Public (Unrestricted)","","Public or Unrestricted",""
"Hong Kong Special Administrative Region, People's Republic of China","Unemployment rate","Percent","Quarterly","1988-Q1","1.433333333333333","Units","","","Reported official data","Overlapping Indicator","true","","","International Labor Organization (ILO)","Public (Unrestricted)","","Public or Unrestricted",""
"Hong Kong Special Administrative Region, People's Republic of China","Unemployment rate","Percent","Quarterly","1988-Q2","1.466666666666667","Units","","","Reported official data","Overlapping Indicator","true","","","International Labor Organization (ILO)","Public (Unrestricted)","","Public or Unrestricted",""
"Hong Kong Special Administrative Region, People's Republic of China","Unemployment rate","Percent","Quarterly","1988-Q3","1.566666666666667","Units","","","Reported official data","Overlapping Indicator","true","","","International Labor Organization (ILO)","Public (Unrestricted)","","Public or Unrestricted",""
"Hong Kong Special Administrative Region, People's Republic of China","Unemployment rate","Percent","Quarterly","1988-Q4","1.233333333333333","Units","","","Reported official data","Overlapping Indicator","true","","","International Labor Organization (ILO)","Public (Unrestricted)","","Public or Unrestricted",""
"Hong Kong Special Administrative Region, People's Republic of China","Unemployment rate","Percent","Quarterly","1989-Q1","0.9666666666666667","Units","","","Reported official data","Overlapping Indicator","true","","","International Labor Organization (ILO)","Public (Unrestricted)","","Public or Unrestricted",""
"Hong Kong Special Administrative Region, People's Republic of China","Unemployment rate","Percent","Quarterly","1989-Q2","1.133333333333333","Units","","","Reported official data","Overlapping Indicator","true","","","International Labor Organization (ILO)","Public (Unrestricted)","","Public or Unrestricted",""
"Hong Kong Special Administrative Region, People's Republic of China","Unemployment rate","Percent","Quarterly","1989-Q3","1.1","Units","","","Reported official data","Overlapping Indicator","true","","","International Labor Organization (ILO)","Public (Unrestricted)","","Public or Unrestricted",""
"Hong Kong Special Administrative Region, People's Republic of China","Unemployment rate","Percent","Quarterly","1989-Q4","1.066666666666667","Units","","","Reported official data","Overlapping Indicator","true","","","International Labor Organization (ILO)","Public (Unrestricted)","","Public or Unrestricted",""
"Hong Kong Special Administrative Region, People's Republic of China","Unemployment rate","Percent","Quarterly","1990-Q1","1.366666666666667","Units","","","Reported official data","Overlapping Indicator","true","","","International Labor Organization (ILO)","Public (Unrestricted)","","Public or Unrestricted",""
"Hong Kong Special Administrative Region, People's Republic of China","Unemployment rate","Percent","Quarterly","1990-Q2","1.333333333333333","Units","","","Reported official data","Overlapping Indicator","true","","","International Labor Organization (ILO)","Public (Unrestricted)","","Public or Unrestricted",""
"Hong Kong Special Administrative Region, People's Republic of China","Unemployment rate","Percent","Quarterly","1990-Q3","1.433333333333333","Units","","","Reported official data","Overlapping Indicator","true","","","International Labor Organization (ILO)","Public (Unrestricted)","","Public or Unrestricted",""
"Hong Kong Special Administrative Region, People's Republic of China","Unemployment rate","Percent","Quarterly","1990-Q4","1.166666666666667","Units","","","Reported official data","Overlapping Indicator","true","","","International Labor Organization (ILO)","Public (Unrestricted)","","Public or Unrestricted",""
"Hong Kong Special Administrative Region, People's Republic of China","Unemployment rate","Percent","Quarterly","1991-Q1","1.466666666666667","Units","","","Reported official data","Overlapping Indicator","true","","","International Labor Organization (ILO)","Public (Unrestricted)","","Public or Unrestricted",""
"Hong Kong Special Administrative Region, People's Republic of China","Unemployment rate","Percent","Quarterly","1991-Q2","2.1","Units","","","Reported official data","Overlapping Indicator","true","","","International Labor Organization (ILO)","Public (Unrestricted)","","Public or Unrestricted",""
"Hong Kong Special Administrative Region, People's Republic of China","Unemployment rate","Percent","Quarterly","1991-Q3","1.933333333333333","Units","","","Reported official data","Overlapping Indicator","true","","","International Labor Organization (ILO)","Public (Unrestricted)","","Public or Unrestricted",""
"Hong Kong Special Administrative Region, People's Republic of China","Unemployment rate","Percent","Quarterly","1991-Q4","1.733333333333333","Units","","","Reported official data","Overlapping Indicator","true","","","International Labor Organization (ILO)","Public (Unrestricted)","","Public or Unrestricted",""
"Hong Kong Special Administrative Region, People's Republic of China","Unemployment rate","Percent","Quarterly","1992-Q1","2.066666666666667","Units","","","Reported official data","Overlapping Indicator","true","","","International Labor Organization (ILO)","Public (Unrestricted)","","Public or Unrestricted",""
"Hong Kong Special Administrative Region, People's Republic of China","Unemployment rate","Percent","Quarterly","1992-Q2","2.1","Units","","","Reported official data","Overlapping Indicator","true","","","International Labor Organization (ILO)","Public (Unrestricted)","","Public or Unrestricted",""
"Hong Kong Special Administrative Region, People's Republic of China","Unemployment rate","Percent","Quarterly","1992-Q3","1.766666666666667","Units","","","Reported official data","Overlapping Indicator","true","","","International Labor Organization (ILO)","Public (Unrestricted)","","Public or Unrestricted",""
"Hong Kong Special Administrative Region, People's Republic of China","Unemployment rate","Percent","Quarterly","1992-Q4","1.9","Units","","","Reported official data","Overlapping Indicator","true","","","International Labor Organization (ILO)","Public (Unrestricted)","","Public or Unrestricted",""
"Hong Kong Special Administrative Region, People's Republic of China","Unemployment rate","Percent","Quarterly","1993-Q1","2.1","Units","","","Reported official data","Overlapping Indicator","true","","","International Labor Organization (ILO)","Public (Unrestricted)","","Public or Unrestricted",""
"Hong Kong Special Administrative Region, People's Republic of China","Unemployment rate","Percent","Quarterly","1993-Q2","2","Units","","","Reported official data","Overlapping Indicator","true","","","International Labor Organization (ILO)","Public (Unrestricted)","","Public or Unrestricted",""
"Hong Kong Special Administrative Region, People's Republic of China","Unemployment rate","Percent","Quarterly","1993-Q3","1.966666666666667","Units","","","Reported official data","Overlapping Indicator","true","","","International Labor Organization (ILO)","Public (Unrestricted)","","Public or Unrestricted",""
"Hong Kong Special Administrative Region, People's Republic of China","Unemployment rate","Percent","Quarterly","1993-Q4","1.866666666666667","Units","","","Reported official data","Overlapping Indicator","true","","","International Labor Organization (ILO)","Public (Unrestricted)","","Public or Unrestricted",""
"Hong Kong Special Administrative Region, People's Republic of China","Unemployment rate","Percent","Quarterly","1994-Q1","1.833333333333333","Units","","","Reported official data","Overlapping Indicator","true","","","International Labor Organization (ILO)","Public (Unrestricted)","","Public or Unrestricted",""
"Hong Kong Special Administrative Region, People's Republic of China","Unemployment rate","Percent","Quarterly","1994-Q2","1.733333333333333","Units","","","Reported official data","Overlapping Indicator","true","","","International Labor Organization (ILO)","Public (Unrestricted)","","Public or Unrestricted",""
"Hong Kong Special Administrative Region, People's Republic of China","Unemployment rate","Percent","Quarterly","1994-Q3","2.166666666666667","Units","","","Reported official data","Overlapping Indicator","true","","","International Labor Organization (ILO)","Public (Unrestricted)","","Public or Unrestricted",""
"Hong Kong Special Administrative Region, People's Republic of China","Unemployment rate","Percent","Quarterly","1994-Q4","2","Units","","","Reported official data","Overlapping Indicator","true","","","International Labor Organization (ILO)","Public (Unrestricted)","","Public or Unrestricted",""
"Hong Kong Special Administrative Region, People's Republic of China","Unemployment rate","Percent","Quarterly","1995-Q1","2.566666666666667","Units","","","Reported official data","Overlapping Indicator","true","","","International Labor Organization (ILO)","Public (Unrestricted)","","Public or Unrestricted",""
"Hong Kong Special Administrative Region, People's Republic of China","Unemployment rate","Percent","Quarterly","1995-Q2","2.933333333333333","Units","","","Reported official data","Overlapping Indicator","true","","","International Labor Organization (ILO)","Public (Unrestricted)","","Public or Unrestricted",""
"Hong Kong Special Administrative Region, People's Republic of China","Unemployment rate","Percent","Quarterly","1995-Q3","3.666666666666667","Units","","","Reported official data","Overlapping Indicator","true","","","International Labor Organization (ILO)","Public (Unrestricted)","","Public or Unrestricted",""
"Hong Kong Special Administrative Region, People's Republic of China","Unemployment rate","Percent","Quarterly","1995-Q4","3.433333333333333","Units","","","Reported official data","Overlapping Indicator","true","","","International Labor Organization (ILO)","Public (Unrestricted)","","Public or Unrestricted",""
"Hong Kong Special Administrative Region, People's Republic of China","Unemployment rate","Percent","Quarterly","1996-Q1","3.033333333333333","Units","","","Reported official data","Overlapping Indicator","true","","","International Labor Organization (ILO)","Public (Unrestricted)","","Public or Unrestricted",""
"Hong Kong Special Administrative Region, People's Republic of China","Unemployment rate","Percent","Quarterly","1996-Q2","2.9","Units","","","Reported official data","Overlapping Indicator","true","","","International Labor Organization (ILO)","Public (Unrestricted)","","Public or Unrestricted",""
"Hong Kong Special Administrative Region, People's Republic of China","Unemployment rate","Percent","Quarterly","1996-Q3","2.666666666666667","Units","","","Reported official data","Overlapping Indicator","true","","","International Labor Organization (ILO)","Public (Unrestricted)","","Public or Unrestricted",""
"Hong Kong Special Administrative Region, People's Republic of China","Unemployment rate","Percent","Quarterly","1996-Q4","2.533333333333333","Units","","","Reported official data","Overlapping Indicator","true","","","International Labor Organization (ILO)","Public (Unrestricted)","","Public or Unrestricted",""
"Hong Kong Special Administrative Region, People's Republic of China","Unemployment rate","Percent","Quarterly","1997-Q1","2.233333333333333","Units","","","Reported official data","Overlapping Indicator","true","","","International Labor Organization (ILO)","Public (Unrestricted)","","Public or Unrestricted",""
"Hong Kong Special Administrative Region, People's Republic of China","Unemployment rate","Percent","Quarterly","1997-Q2","2.166666666666667","Units","","","Reported official data","Overlapping Indicator","true","","","International Labor Organization (ILO)","Public (Unrestricted)","","Public or Unrestricted",""
"Hong Kong Special Administrative Region, People's Republic of China","Unemployment rate","Percent","Quarterly","1997-Q3","2.233333333333333","Units","","","Reported official data","Overlapping Indicator","true","","","International Labor Organization (ILO)","Public (Unrestricted)","","Public or Unrestricted",""
"Hong Kong Special Administrative Region, People's Republic of China","Unemployment rate","Percent","Quarterly","1997-Q4","2.266666666666667","Units","","","Reported official data","Overlapping Indicator","true","","","International Labor Organization (ILO)","Public (Unrestricted)","","Public or Unrestricted",""
"Hong Kong Special Administrative Region, People's Republic of China","Unemployment rate","Percent","Quarterly","1998-Q1","3.233333333333333","Units","","","Reported official data","Overlapping Indicator","true","","","International Labor Organization (ILO)","Public (Unrestricted)","","Public or Unrestricted",""
"Hong Kong Special Administrative Region, People's Republic of China","Unemployment rate","Percent","Quarterly","1998-Q2","4.333333333333333","Units","","","Reported official data","Overlapping Indicator","true","","","International Labor Organization (ILO)","Public (Unrestricted)","","Public or Unrestricted",""
"Hong Kong Special Administrative Region, People's Republic of China","Unemployment rate","Percent","Quarterly","1998-Q3","5.366666666666667","Units","","","Reported official data","Overlapping Indicator","true","","","International Labor Organization (ILO)","Public (Unrestricted)","","Public or Unrestricted",""
"Hong Kong Special Administrative Region, People's Republic of China","Unemployment rate","Percent","Quarterly","1998-Q4","5.833333333333333","Units","","","Reported official data","Overlapping Indicator","true","","","International Labor Organization (ILO)","Public (Unrestricted)","","Public or Unrestricted",""
"Hong Kong Special Administrative Region, People's Republic of China","Unemployment rate","Percent","Quarterly","1999-Q1","6.166666666666667","Units","","","Reported official data","Overlapping Indicator","true","","","International Labor Organization (ILO)","Public (Unrestricted)","","Public or Unrestricted",""
"Hong Kong Special Administrative Region, People's Republic of China","Unemployment rate","Percent","Quarterly","1999-Q2","6.166666666666667","Units","","","Reported official data","Overlapping Indicator","true","","","International Labor Organization (ILO)","Public (Unrestricted)","","Public or Unrestricted",""
"Hong Kong Special Administrative Region, People's Republic of China","Unemployment rate","Percent","Quarterly","1999-Q3","6.466666666666667","Units","","","Reported official data","Overlapping Indicator","true","","","International Labor Organization (ILO)","Public (Unrestricted)","","Public or Unrestricted",""
"Hong Kong Special Administrative Region, People's Republic of China","Unemployment rate","Percent","Quarterly","1999-Q4","6.166666666666667","Units","","","Reported official data","Overlapping Indicator","true","","","International Labor Organization (ILO)","Public (Unrestricted)","","Public or Unrestricted",""
"Hong Kong Special Administrative Region, People's Republic of China","Unemployment rate","Percent","Quarterly","2000-Q1","5.533333333333333","Units","","","Reported official data","Overlapping Indicator","true","","","International Labor Organization (ILO)","Public (Unrestricted)","","Public or Unrestricted",""
"Hong Kong Special Administrative Region, People's Republic of China","Unemployment rate","Percent","Quarterly","2000-Q2","5.033333333333333","Units","","","Reported official data","Overlapping Indicator","true","","","International Labor Organization (ILO)","Public (Unrestricted)","","Public or Unrestricted",""
"Hong Kong Special Administrative Region, People's Republic of China","Unemployment rate","Percent","Quarterly","2000-Q3","4.933333333333333","Units","","","Reported official data","Overlapping Indicator","true","","","International Labor Organization (ILO)","Public (Unrestricted)","","Public or Unrestricted",""
"Hong Kong Special Administrative Region, People's Republic of China","Unemployment rate","Percent","Quarterly","2000-Q4","4.4","Units","","","Reported official data","Overlapping Indicator","true","","","International Labor Organization (ILO)","Public (Unrestricted)","","Public or Unrestricted",""
"Hong Kong Special Administrative Region, People's Republic of China","Unemployment rate","Percent","Quarterly","2001-Q1","4.4","Units","","","Reported official data","Overlapping Indicator","true","","","International Labor Organization (ILO)","Public (Unrestricted)","","Public or Unrestricted",""
"Hong Kong Special Administrative Region, People's Republic of China","Unemployment rate","Percent","Quarterly","2001-Q2","4.566666666666667","Units","","","Reported official data","Overlapping Indicator","true","","","International Labor Organization (ILO)","Public (Unrestricted)","","Public or Unrestricted",""
"Hong Kong Special Administrative Region, People's Republic of China","Unemployment rate","Percent","Quarterly","2001-Q3","5.333333333333333","Units","","","Reported official data","Overlapping Indicator","true","","","International Labor Organization (ILO)","Public (Unrestricted)","","Public or Unrestricted",""
"Hong Kong Special Administrative Region, People's Republic of China","Unemployment rate","Percent","Quarterly","2001-Q4","6.1","Units","","","Reported official data","Overlapping Indicator","true","","","International Labor Organization (ILO)","Public (Unrestricted)","","Public or Unrestricted",""
"Hong Kong Special Administrative Region, People's Republic of China","Unemployment rate","Percent","Quarterly","2002-Q1","6.866666666666667","Units","","","Reported official data","Overlapping Indicator","true","","","International Labor Organization (ILO)","Public (Unrestricted)","","Public or Unrestricted",""
"Hong Kong Special Administrative Region, People's Republic of China","Unemployment rate","Percent","Quarterly","2002-Q2","7.566666666666667","Units","","","Reported official data","Overlapping Indicator","true","","","International Labor Organization (ILO)","Public (Unrestricted)","","Public or Unrestricted",""
"Hong Kong Special Administrative Region, People's Republic of China","Unemployment rate","Percent","Quarterly","2002-Q3","7.6","Units","","","Reported official data","Overlapping Indicator","true","","","International Labor Organization (ILO)","Public (Unrestricted)","","Public or Unrestricted",""
"Hong Kong Special Administrative Region, People's Republic of China","Unemployment rate","Percent","Quarterly","2002-Q4","7.133333333333333","Units","","","Reported official data","Overlapping Indicator","true","","","International Labor Organization (ILO)","Public (Unrestricted)","","Public or Unrestricted",""
"Hong Kong Special Administrative Region, People's Republic of China","Unemployment rate","Percent","Quarterly","2003-Q1","7.5","Units","","","Reported official data","Overlapping Indicator","true","","","International Labor Organization (ILO)","Public (Unrestricted)","","Public or Unrestricted",""
"Hong Kong Special Administrative Region, People's Republic of China","Unemployment rate","Percent","Quarterly","2003-Q2","8.5","Units","","","Reported official data","Overlapping Indicator","true","","","International Labor Organization (ILO)","Public (Unrestricted)","","Public or Unrestricted",""
"Hong Kong Special Administrative Region, People's Republic of China","Unemployment rate","Percent","Quarterly","2003-Q3","8.466666666666667","Units","","","Reported official data","Overlapping Indicator","true","","","International Labor Organization (ILO)","Public (Unrestricted)","","Public or Unrestricted",""
"Hong Kong Special Administrative Region, People's Republic of China","Unemployment rate","Percent","Quarterly","2003-Q4","7.266666666666667","Units","","","Reported official data","Overlapping Indicator","true","","","International Labor Organization (ILO)","Public (Unrestricted)","","Public or Unrestricted",""
"Hong Kong Special Administrative Region, People's Republic of China","Unemployment rate","Percent","Quarterly","2004-Q1","7.066666666666667","Units","","","Reported official data","Overlapping Indicator","true","","","International Labor Organization (ILO)","Public (Unrestricted)","","Public or Unrestricted",""
"Hong Kong Special Administrative Region, People's Republic of China","Unemployment rate","Percent","Quarterly","2004-Q2","6.9","Units","","","Reported official data","Overlapping Indicator","true","","","International Labor Organization (ILO)","Public (Unrestricted)","","Public or Unrestricted",""
"Hong Kong Special Administrative Region, People's Republic of China","Unemployment rate","Percent","Quarterly","2004-Q3","6.9","Units","","","Reported official data","Overlapping Indicator","true","","","International Labor Organization (ILO)","Public (Unrestricted)","","Public or Unrestricted",""
"Hong Kong Special Administrative Region, People's Republic of China","Unemployment rate","Percent","Quarterly","2004-Q4","6.3","Units","","","Reported official data","Overlapping Indicator","true","","","International Labor Organization (ILO)","Public (Unrestricted)","","Public or Unrestricted",""
"Hong Kong Special Administrative Region, People's Republic of China","Unemployment rate","Percent","Quarterly","2005-Q1","5.866666666666667","Units","","","Reported official data","Overlapping Indicator","true","","","International Labor Organization (ILO)","Public (Unrestricted)","","Public or Unrestricted",""
"Hong Kong Special Administrative Region, People's Republic of China","Unemployment rate","Percent","Quarterly","2005-Q2","5.8","Units","","","Reported official data","Overlapping Indicator","true","","","International Labor Organization (ILO)","Public (Unrestricted)","","Public or Unrestricted",""
"Hong Kong Special Administrative Region, People's Republic of China","Unemployment rate","Percent","Quarterly","2005-Q3","5.7","Units","","","Reported official data","Overlapping Indicator","true","","","International Labor Organization (ILO)","Public (Unrestricted)","","Public or Unrestricted",""
"Hong Kong Special Administrative Region, People's Republic of China","Unemployment rate","Percent","Quarterly","2005-Q4","5.033333333333333","Units","","","Reported official data","Overlapping Indicator","true","","","International Labor Organization (ILO)","Public (Unrestricted)","","Public or Unrestricted",""
"Hong Kong Special Administrative Region, People's Republic of China","Unemployment rate","Percent","Quarterly","2006-Q1","4.966666666666667","Units","","","Reported official data","Overlapping Indicator","true","","","International Labor Organization (ILO)","Public (Unrestricted)","","Public or Unrestricted",""
"Hong Kong Special Administrative Region, People's Republic of China","Unemployment rate","Percent","Quarterly","2006-Q2","5","Units","","","Reported official data","Overlapping Indicator","true","","","International Labor Organization (ILO)","Public (Unrestricted)","","Public or Unrestricted",""
"Hong Kong Special Administrative Region, People's Republic of China","Unemployment rate","Percent","Quarterly","2006-Q3","4.9","Units","","","Reported official data","Overlapping Indicator","true","","","International Labor Organization (ILO)","Public (Unrestricted)","","Public or Unrestricted",""
"Hong Kong Special Administrative Region, People's Republic of China","Unemployment rate","Percent","Quarterly","2006-Q4","4.233333333333333","Units","","","Reported official data","Overlapping Indicator","true","","","International Labor Organization (ILO)","Public (Unrestricted)","","Public or Unrestricted",""
"Hong Kong Special Administrative Region, People's Republic of China","Unemployment rate","Percent","Quarterly","2007-Q1","4.2","Units","","","Reported official data","Overlapping Indicator","true","","","International Labor Organization (ILO)","Public (Unrestricted)","","Public or Unrestricted",""
"Hong Kong Special Administrative Region, People's Republic of China","Unemployment rate","Percent","Quarterly","2007-Q2","4.333333333333333","Units","","","Reported official data","Overlapping Indicator","true","","","International Labor Organization (ILO)","Public (Unrestricted)","","Public or Unrestricted",""
"Hong Kong Special Administrative Region, People's Republic of China","Unemployment rate","Percent","Quarterly","2007-Q3","4.3","Units","","","Reported official data","Overlapping Indicator","true","","","International Labor Organization (ILO)","Public (Unrestricted)","","Public or Unrestricted",""
"Hong Kong Special Administrative Region, People's Republic of China","Unemployment rate","Percent","Quarterly","2007-Q4","3.3","Units","","","Reported official data","Overlapping Indicator","true","","","International Labor Organization (ILO)","Public (Unrestricted)","","Public or Unrestricted",""
"Hong Kong Special Administrative Region, People's Republic of China","Unemployment rate","Percent","Quarterly","2008-Q1","3.2","Units","","","Reported official data","Overlapping Indicator","true","","","International Labor Organization (ILO)","Public (Unrestricted)","","Public or Unrestricted",""
"Hong Kong Special Administrative Region, People's Republic of China","Unemployment rate","Percent","Quarterly","2008-Q2","3.333333333333333","Units","","","Reported official data","Overlapping Indicator","true","","","International Labor Organization (ILO)","Public (Unrestricted)","","Public or Unrestricted",""
"Hong Kong Special Administrative Region, People's Republic of China","Unemployment rate","Percent","Quarterly","2008-Q3","3.6","Units","","","Reported official data","Overlapping Indicator","true","","","International Labor Organization (ILO)","Public (Unrestricted)","","Public or Unrestricted",""
"Hong Kong Special Administrative Region, People's Republic of China","Unemployment rate","Percent","Quarterly","2008-Q4","3.966666666666667","Units","","","Reported official data","Overlapping Indicator","true","","","International Labor Organization (ILO)","Public (Unrestricted)","","Public or Unrestricted",""
"Hong Kong Special Administrative Region, People's Republic of China","Unemployment rate","Percent","Quarterly","2009-Q1","5.066666666666667","Units","","","Reported official data","Overlapping Indicator","true","","","International Labor Organization (ILO)","Public (Unrestricted)","","Public or Unrestricted",""
"Hong Kong Special Administrative Region, People's Republic of China","Unemployment rate","Percent","Quarterly","2009-Q2","5.566666666666667","Units","","","Reported official data","Overlapping Indicator","true","","","International Labor Organization (ILO)","Public (Unrestricted)","","Public or Unrestricted",""
"Hong Kong Special Administrative Region, People's Republic of China","Unemployment rate","Percent","Quarterly","2009-Q3","5.6","Units","","","Reported official data","Overlapping Indicator","true","","","International Labor Organization (ILO)","Public (Unrestricted)","","Public or Unrestricted",""
"Hong Kong Special Administrative Region, People's Republic of China","Unemployment rate","Percent","Quarterly","2009-Q4","4.733333333333333","Units","","","Reported official data","Overlapping Indicator","true","","","International Labor Organization (ILO)","Public (Unrestricted)","","Public or Unrestricted",""
"Hong Kong Special Administrative Region, People's Republic of China","Unemployment rate","Percent","Quarterly","2010-Q1","4.466666666666667","Units","","","Reported official data","Overlapping Indicator","true","","","International Labor Organization (ILO)","Public (Unrestricted)","","Public or Unrestricted",""
"Hong Kong Special Administrative Region, People's Republic of China","Unemployment rate","Percent","Quarterly","2010-Q2","4.733333333333333","Units","","","Reported official data","Overlapping Indicator","true","","","International Labor Organization (ILO)","Public (Unrestricted)","","Public or Unrestricted",""
"Hong Kong Special Administrative Region, People's Republic of China","Unemployment rate","Percent","Quarterly","2010-Q3","4.4","Units","","","Reported official data","Overlapping Indicator","true","","","International Labor Organization (ILO)","Public (Unrestricted)","","Public or Unrestricted",""
"Hong Kong Special Administrative Region, People's Republic of China","Unemployment rate","Percent","Quarterly","2010-Q4","3.7","Units","","","Reported official data","Overlapping Indicator","true","","","International Labor Organization (ILO)","Public (Unrestricted)","","Public or Unrestricted",""
"Hong Kong Special Administrative Region, People's Republic of China","Unemployment rate","Percent","Quarterly","2011-Q1","3.466666666666667","Units","","","Reported official data","Overlapping Indicator","true","","","International Labor Organization (ILO)","Public (Unrestricted)","","Public or Unrestricted",""
"Hong Kong Special Administrative Region, People's Republic of China","Unemployment rate","Percent","Quarterly","2011-Q2","3.7","Units","","","Reported official data","Overlapping Indicator","true","","","International Labor Organization (ILO)","Public (Unrestricted)","","Public or Unrestricted",""
"Hong Kong Special Administrative Region, People's Republic of China","Unemployment rate","Percent","Quarterly","2011-Q3","3.4","Units","","","Reported official data","Overlapping Indicator","true","","","International Labor Organization (ILO)","Public (Unrestricted)","","Public or Unrestricted",""
"Hong Kong Special Administrative Region, People's Republic of China","Unemployment rate","Percent","Quarterly","2011-Q4","3.1","Units","","","Reported official data","Overlapping Indicator","true","","","International Labor Organization (ILO)","Public (Unrestricted)","","Public or Unrestricted",""
"Hong Kong Special Administrative Region, People's Republic of China","Unemployment rate","Percent","Quarterly","2012-Q1","3.266666666666667","Units","","","Reported official data","Overlapping Indicator","true","","","International Labor Organization (ILO)","Public (Unrestricted)","","Public or Unrestricted",""
"Hong Kong Special Administrative Region, People's Republic of China","Unemployment rate","Percent","Quarterly","2012-Q2","3.333333333333333","Units","","","Reported official data","Overlapping Indicator","true","","","International Labor Organization (ILO)","Public (Unrestricted)","","Public or Unrestricted",""
"Hong Kong Special Administrative Region, People's Republic of China","Unemployment rate","Percent","Quarterly","2012-Q3","3.466666666666667","Units","","","Reported official data","Overlapping Indicator","true","","","International Labor Organization (ILO)","Public (Unrestricted)","","Public or Unrestricted",""
"Hong Kong Special Administrative Region, People's Republic of China","Unemployment rate","Percent","Quarterly","2012-Q4","3.2","Units","","","Reported official data","Overlapping Indicator","true","","","International Labor Organization (ILO)","Public (Unrestricted)","","Public or Unrestricted",""
"Hong Kong Special Administrative Region, People's Republic of China","Unemployment rate","Percent","Quarterly","2013-Q1","3.386","Units","","","Reported official data","Overlapping Indicator","true","","","International Labor Organization (ILO)","Public (Unrestricted)","","Public or Unrestricted",""
"Hong Kong Special Administrative Region, People's Republic of China","Unemployment rate","Percent","Quarterly","2013-Q2","3.456","Units","","","Reported official data","Overlapping Indicator","true","","","International Labor Organization (ILO)","Public (Unrestricted)","","Public or Unrestricted",""
"Hong Kong Special Administrative Region, People's Republic of China","Unemployment rate","Percent","Quarterly","2013-Q3","3.447","Units","","","Reported official data","Overlapping Indicator","true","","","International Labor Organization (ILO)","Public (Unrestricted)","","Public or Unrestricted",""
"Hong Kong Special Administrative Region, People's Republic of China","Unemployment rate","Percent","Quarterly","2013-Q4","3.093333333333333","Units","","","Reported official data","Overlapping Indicator","true","","","International Labor Organization (ILO)","Public (Unrestricted)","","Public or Unrestricted",""
"Hong Kong Special Administrative Region, People's Republic of China","Unemployment rate","Percent","Quarterly","2014-Q1","2.966666666666667","Units","","","Reported official data","Overlapping Indicator","true","","","International Labor Organization (ILO)","Public (Unrestricted)","","Public or Unrestricted",""
"Hong Kong Special Administrative Region, People's Republic of China","Unemployment rate","Percent","Quarterly","2014-Q2","3.233333333333333","Units","","","Reported official data","Overlapping Indicator","true","","","International Labor Organization (ILO)","Public (Unrestricted)","","Public or Unrestricted",""
"Hong Kong Special Administrative Region, People's Republic of China","Unemployment rate","Percent","Quarterly","2014-Q3","3.5","Units","","","Reported official data","Overlapping Indicator","true","","","International Labor Organization (ILO)","Public (Unrestricted)","","Public or Unrestricted",""
"Hong Kong Special Administrative Region, People's Republic of China","Unemployment rate","Percent","Quarterly","2014-Q4","3.266666666666667","Units","","","Reported official data","Overlapping Indicator","true","","","International Labor Organization (ILO)","Public (Unrestricted)","","Public or Unrestricted",""
"Hong Kong Special Administrative Region, People's Republic of China","Unemployment rate","Percent","Quarterly","2015-Q1","3.133333333333333","Units","","","Reported official data","Overlapping Indicator","true","","","International Labor Organization (ILO)","Public (Unrestricted)","","Public or Unrestricted",""
"Hong Kong Special Administrative Region, People's Republic of China","Unemployment rate","Percent","Quarterly","2015-Q2","3.3","Units","","","Reported official data","Overlapping Indicator","true","","","International Labor Organization (ILO)","Public (Unrestricted)","","Public or Unrestricted",""
"Hong Kong Special Administrative Region, People's Republic of China","Unemployment rate","Percent","Quarterly","2015-Q3","3.466666666666667","Units","","","Reported official data","Overlapping Indicator","true","","","International Labor Organization (ILO)","Public (Unrestricted)","","Public or Unrestricted",""
"Hong Kong Special Administrative Region, People's Republic of China","Unemployment rate","Percent","Quarterly","2015-Q4","3.3","Units","","","Reported official data","Overlapping Indicator","true","","","International Labor Organization (ILO)","Public (Unrestricted)","","Public or Unrestricted",""
"Hong Kong Special Administrative Region, People's Republic of China","Unemployment rate","Percent","Quarterly","2016-Q1","3.166666666666667","Units","","","Reported official data","Overlapping Indicator","true","","","International Labor Organization (ILO)","Public (Unrestricted)","","Public or Unrestricted",""
"Hong Kong Special Administrative Region, People's Republic of China","Unemployment rate","Percent","Quarterly","2016-Q2","3.466666666666667","Units","","","Reported official data","Overlapping Indicator","true","","","International Labor Organization (ILO)","Public (Unrestricted)","","Public or Unrestricted",""
"Hong Kong Special Administrative Region, People's Republic of China","Unemployment rate","Percent","Quarterly","2016-Q3","3.566666666666667","Units","","","Reported official data","Overlapping Indicator","true","","","International Labor Organization (ILO)","Public (Unrestricted)","","Public or Unrestricted",""
"Hong Kong Special Administrative Region, People's Republic of China","Unemployment rate","Percent","Quarterly","2016-Q4","3.333333333333333","Units","","","Reported official data","Overlapping Indicator","true","","","International Labor Organization (ILO)","Public (Unrestricted)","","Public or Unrestricted",""
"Hong Kong Special Administrative Region, People's Republic of China","Unemployment rate","Percent","Quarterly","2017-Q1","3.133333333333333","Units","","","Reported official data","Overlapping Indicator","true","","","International Labor Organization (ILO)","Public (Unrestricted)","","Public or Unrestricted",""
"Hong Kong Special Administrative Region, People's Republic of China","Unemployment rate","Percent","Quarterly","2017-Q2","3.2","Units","","","Reported official data","Overlapping Indicator","true","","","International Labor Organization (ILO)","Public (Unrestricted)","","Public or Unrestricted",""
"Hong Kong Special Administrative Region, People's Republic of China","Unemployment rate","Percent","Quarterly","2017-Q3","3.3","Units","","","Reported official data","Overlapping Indicator","true","","","International Labor Organization (ILO)","Public (Unrestricted)","","Public or Unrestricted",""
"Hong Kong Special Administrative Region, People's Republic of China","Unemployment rate","Percent","Quarterly","2017-Q4","2.966666666666667","Units","","","Reported official data","Overlapping Indicator","true","","","International Labor Organization (ILO)","Public (Unrestricted)","","Public or Unrestricted",""
"Hong Kong Special Administrative Region, People's Republic of China","Unemployment rate","Percent","Quarterly","2018-Q1","2.733333333333333","Units","","","Reported official data","Overlapping Indicator","true","","","International Labor Organization (ILO)","Public (Unrestricted)","","Public or Unrestricted",""
"Hong Kong Special Administrative Region, People's Republic of China","Unemployment rate","Percent","Quarterly","2018-Q2","2.8","Units","","","Reported official data","Overlapping Indicator","true","","","International Labor Organization (ILO)","Public (Unrestricted)","","Public or Unrestricted",""
"Hong Kong Special Administrative Region, People's Republic of China","Unemployment rate","Percent","Quarterly","2018-Q3","2.9","Units","","","Reported official data","Overlapping Indicator","true","","","International Labor Organization (ILO)","Public (Unrestricted)","","Public or Unrestricted",""
"Hong Kong Special Administrative Region, People's Republic of China","Unemployment rate","Percent","Quarterly","2018-Q4","2.8","Units","","","Reported official data","Overlapping Indicator","true","","","International Labor Organization (ILO)","Public (Unrestricted)","","Public or Unrestricted",""
"Hong Kong Special Administrative Region, People's Republic of China","Unemployment rate","Percent","Quarterly","2019-Q1","2.728666666666667","Units","","","Reported official data","Overlapping Indicator","true","","","International Labor Organization (ILO)","Public (Unrestricted)","","Public or Unrestricted",""
"Hong Kong Special Administrative Region, People's Republic of China","Unemployment rate","Percent","Quarterly","2019-Q2","2.902","Units","","","Reported official data","Overlapping Indicator","true","","","International Labor Organization (ILO)","Public (Unrestricted)","","Public or Unrestricted",""
"Hong Kong Special Administrative Region, People's Republic of China","Unemployment rate","Percent","Quarterly","2019-Q3","3.070666666666667","Units","","","Reported official data","Overlapping Indicator","true","","","International Labor Organization (ILO)","Public (Unrestricted)","","Public or Unrestricted",""
"Hong Kong Special Administrative Region, People's Republic of China","Unemployment rate","Percent","Quarterly","2019-Q4","3.144","Units","","","Reported official data","Overlapping Indicator","true","","","International Labor Organization (ILO)","Public (Unrestricted)","","Public or Unrestricted",""
"Hong Kong Special Administrative Region, People's Republic of China","Unemployment rate","Percent","Quarterly","2020-Q1","4.286666666666667","Units","","","Reported official data","Overlapping Indicator","true","","","International Labor Organization (ILO)","Public (Unrestricted)","","Public or Unrestricted",""
"Hong Kong Special Administrative Region, People's Republic of China","Unemployment rate","Percent","Quarterly","2020-Q2","6.156666666666667","Units","","","Reported official data","Overlapping Indicator","true","","","International Labor Organization (ILO)","Public (Unrestricted)","","Public or Unrestricted",""
"Hong Kong Special Administrative Region, People's Republic of China","Unemployment rate","Percent","Quarterly","2020-Q3","6.569333333333333","Units","","","Reported official data","Overlapping Indicator","true","","","International Labor Organization (ILO)","Public (Unrestricted)","","Public or Unrestricted",""
"Hong Kong Special Administrative Region, People's Republic of China","Unemployment rate","Percent","Quarterly","2020-Q4","6.333333333333333","Units","","","Reported official data","Overlapping Indicator","true","","","International Labor Organization (ILO)","Public (Unrestricted)","","Public or Unrestricted",""
"Hong Kong Special Administrative Region, People's Republic of China","Unemployment rate","Percent","Quarterly","2021-Q1","6.633333333333333","Units","","","Reported official data","Overlapping Indicator","true","","","International Labor Organization (ILO)","Public (Unrestricted)","","Public or Unrestricted",""
"Hong Kong Special Administrative Region, People's Republic of China","Unemployment rate","Percent","Quarterly","2021-Q2","5.966666666666667","Units","","","Reported official data","Overlapping Indicator","true","","","International Labor Organization (ILO)","Public (Unrestricted)","","Public or Unrestricted",""
"Hong Kong Special Administrative Region, People's Republic of China","Unemployment rate","Percent","Quarterly","2021-Q3","4.9","Units","","","Reported official data","Overlapping Indicator","true","","","International Labor Organization (ILO)","Public (Unrestricted)","","Public or Unrestricted",""
"Hong Kong Special Administrative Region, People's Republic of China","Unemployment rate","Percent","Quarterly","2021-Q4","4.133333333333333","Units","","","Reported official data","Overlapping Indicator","true","","","International Labor Organization (ILO)","Public (Unrestricted)","","Public or Unrestricted",""
"Hong Kong Special Administrative Region, People's Republic of China","Unemployment rate","Percent","Quarterly","2022-Q1","4.266666666666667","Units","","","Reported official data","Overlapping Indicator","true","","","International Labor Organization (ILO)","Public (Unrestricted)","","Public or Unrestricted",""
"Hong Kong Special Administrative Region, People's Republic of China","Unemployment rate","Percent","Quarterly","2023-Q4","1.467","Units","","","Reported official data","Overlapping Indicator","true","","","International Labor Organization (ILO)","Public (Unrestricted)","","Public or Unrestricted",""
