﻿"COUNTRY","INDICATOR","TYPE_OF_TRANSFORMATION","FREQUENCY","TIME_PERIOD","OBS_VALUE","SCALE","PRECISION","DECIMALS_DISPLAYED","DERIVATION_TYPE","OVERLAP","IFS_FLAG","REFERENCE_PERIOD","STATUS","METHODOLOGY","ACCESS_SHARING_LEVEL","ACCESS_SHARING_NOTES","SECURITY_CLASSIFICATION","SOURCE"
"India","Labor force","Persons","Annual","1961","174079000","Thousands","","","Reported official data","Overlapping Indicator","true","","","International Labor Organization (ILO)","Public (Unrestricted)","","Public or Unrestricted",""
"India","Labor force","Persons","Annual","1971","169708290","Thousands","","","Reported official data","Overlapping Indicator","true","","","International Labor Organization (ILO)","Public (Unrestricted)","","Public or Unrestricted",""
"India","Labor force","Persons","Annual","1981","244218250","Thousands","","","Reported official data","Overlapping Indicator","true","","","International Labor Organization (ILO)","Public (Unrestricted)","","Public or Unrestricted",""
"India","Labor force","Persons","Annual","1991","302204268","Thousands","","","Reported official data","Overlapping Indicator","true","","","International Labor Organization (ILO)","Public (Unrestricted)","","Public or Unrestricted",""
"India","Labor force","Persons","Annual","1994","288619100","Thousands","","","Reported official data","Overlapping Indicator","true","","","International Labor Organization (ILO)","Public (Unrestricted)","","Public or Unrestricted",""
"India","Labor force","Persons","Annual","2000","336217643","Thousands","","","Reported official data","Overlapping Indicator","true","","","International Labor Organization (ILO)","Public (Unrestricted)","","Public or Unrestricted",""
"India","Labor force","Persons","Annual","2001","388716930","Thousands","","","Reported official data","Overlapping Indicator","true","","","International Labor Organization (ILO)","Public (Unrestricted)","","Public or Unrestricted",""
"India","Labor force","Persons","Annual","2005","388043577","Thousands","","","Reported official data","Overlapping Indicator","true","","","International Labor Organization (ILO)","Public (Unrestricted)","","Public or Unrestricted",""
"India","Labor force","Persons","Annual","2010","387412198","Thousands","","","Reported official data","Overlapping Indicator","true","","","International Labor Organization (ILO)","Public (Unrestricted)","","Public or Unrestricted",""
"India","Labor force","Persons","Annual","2012","407689532","Thousands","","","Reported official data","Overlapping Indicator","true","","","International Labor Organization (ILO)","Public (Unrestricted)","","Public or Unrestricted",""
"India","Labor force","Persons","Annual","2018","376161592.25","Thousands","","","Reported official data","Overlapping Indicator","true","","","International Labor Organization (ILO)","Public (Unrestricted)","","Public or Unrestricted",""
"India","Labor force","Persons","Annual","2019","406409906.5","Thousands","","","Reported official data","Overlapping Indicator","true","","","International Labor Organization (ILO)","Public (Unrestricted)","","Public or Unrestricted",""
"India","Labor force","Persons","Annual","2020","419819285.75","Thousands","","","Reported official data","Overlapping Indicator","true","","","International Labor Organization (ILO)","Public (Unrestricted)","","Public or Unrestricted",""
"India","Labor force","Persons","Annual","2021","434041384.75","Thousands","","","Reported official data","Overlapping Indicator","true","","","International Labor Organization (ILO)","Public (Unrestricted)","","Public or Unrestricted",""
"India","Labor force","Persons","Annual","2022","467384930.75","Thousands","","","Reported official data","Overlapping Indicator","true","","","International Labor Organization (ILO)","Public (Unrestricted)","","Public or Unrestricted",""
"India","Labor force","Persons","Annual","2023","492429785","Thousands","","","Reported official data","Overlapping Indicator","true","","","International Labor Organization (ILO)","Public (Unrestricted)","","Public or Unrestricted",""
"India","Labor force","Persons","Quarterly","2017-Q3","386796713","Thousands","","","Reported official data","Overlapping Indicator","true","","","International Labor Organization (ILO)","Public (Unrestricted)","","Public or Unrestricted",""
"India","Labor force","Persons","Quarterly","2017-Q4","384517538","Thousands","","","Reported official data","Overlapping Indicator","true","","","International Labor Organization (ILO)","Public (Unrestricted)","","Public or Unrestricted",""
"India","Labor force","Persons","Quarterly","2018-Q1","374697807","Thousands","","","Reported official data","Overlapping Indicator","true","","","International Labor Organization (ILO)","Public (Unrestricted)","","Public or Unrestricted",""
"India","Labor force","Persons","Quarterly","2018-Q2","366010584","Thousands","","","Reported official data","Overlapping Indicator","true","","","International Labor Organization (ILO)","Public (Unrestricted)","","Public or Unrestricted",""
"India","Labor force","Persons","Quarterly","2018-Q3","379819263","Thousands","","","Reported official data","Overlapping Indicator","true","","","International Labor Organization (ILO)","Public (Unrestricted)","","Public or Unrestricted",""
"India","Labor force","Persons","Quarterly","2018-Q4","384118715","Thousands","","","Reported official data","Overlapping Indicator","true","","","International Labor Organization (ILO)","Public (Unrestricted)","","Public or Unrestricted",""
"India","Labor force","Persons","Quarterly","2019-Q1","377669742","Thousands","","","Reported official data","Overlapping Indicator","true","","","International Labor Organization (ILO)","Public (Unrestricted)","","Public or Unrestricted",""
"India","Labor force","Persons","Quarterly","2019-Q2","388260551","Thousands","","","Reported official data","Overlapping Indicator","true","","","International Labor Organization (ILO)","Public (Unrestricted)","","Public or Unrestricted",""
"India","Labor force","Persons","Quarterly","2019-Q3","424034415","Thousands","","","Reported official data","Overlapping Indicator","true","","","International Labor Organization (ILO)","Public (Unrestricted)","","Public or Unrestricted",""
"India","Labor force","Persons","Quarterly","2019-Q4","435674918","Thousands","","","Reported official data","Overlapping Indicator","true","","","International Labor Organization (ILO)","Public (Unrestricted)","","Public or Unrestricted",""
"India","Labor force","Persons","Quarterly","2020-Q1","419233416","Thousands","","","Reported official data","Overlapping Indicator","true","","","International Labor Organization (ILO)","Public (Unrestricted)","","Public or Unrestricted",""
"India","Labor force","Persons","Quarterly","2020-Q2","404954126","Thousands","","","Reported official data","Overlapping Indicator","true","","","International Labor Organization (ILO)","Public (Unrestricted)","","Public or Unrestricted",""
"India","Labor force","Persons","Quarterly","2020-Q3","426265644","Thousands","","","Reported official data","Overlapping Indicator","true","","","International Labor Organization (ILO)","Public (Unrestricted)","","Public or Unrestricted",""
"India","Labor force","Persons","Quarterly","2020-Q4","428823957","Thousands","","","Reported official data","Overlapping Indicator","true","","","International Labor Organization (ILO)","Public (Unrestricted)","","Public or Unrestricted",""
"India","Labor force","Persons","Quarterly","2021-Q1","432965773","Thousands","","","Reported official data","Overlapping Indicator","true","","","International Labor Organization (ILO)","Public (Unrestricted)","","Public or Unrestricted",""
"India","Labor force","Persons","Quarterly","2021-Q2","414267052","Thousands","","","Reported official data","Overlapping Indicator","true","","","International Labor Organization (ILO)","Public (Unrestricted)","","Public or Unrestricted",""
"India","Labor force","Persons","Quarterly","2021-Q3","443833682","Thousands","","","Reported official data","Overlapping Indicator","true","","","International Labor Organization (ILO)","Public (Unrestricted)","","Public or Unrestricted",""
"India","Labor force","Persons","Quarterly","2021-Q4","445099032","Thousands","","","Reported official data","Overlapping Indicator","true","","","International Labor Organization (ILO)","Public (Unrestricted)","","Public or Unrestricted",""
"India","Labor force","Persons","Quarterly","2022-Q1","446156586","Thousands","","","Reported official data","Overlapping Indicator","true","","","International Labor Organization (ILO)","Public (Unrestricted)","","Public or Unrestricted",""
"India","Labor force","Persons","Quarterly","2022-Q2","438514387","Thousands","","","Reported official data","Overlapping Indicator","true","","","International Labor Organization (ILO)","Public (Unrestricted)","","Public or Unrestricted",""
"India","Labor force","Persons","Quarterly","2022-Q3","513074974","Thousands","","","Reported official data","Overlapping Indicator","true","","","International Labor Organization (ILO)","Public (Unrestricted)","","Public or Unrestricted",""
"India","Labor force","Persons","Quarterly","2022-Q4","471793776","Thousands","","","Reported official data","Overlapping Indicator","true","","","International Labor Organization (ILO)","Public (Unrestricted)","","Public or Unrestricted",""
"India","Labor force","Persons","Quarterly","2023-Q1","477719865","Thousands","","","Reported official data","Overlapping Indicator","true","","","International Labor Organization (ILO)","Public (Unrestricted)","","Public or Unrestricted",""
"India","Labor force","Persons","Quarterly","2023-Q2","477204885","Thousands","","","Reported official data","Overlapping Indicator","true","","","International Labor Organization (ILO)","Public (Unrestricted)","","Public or Unrestricted",""
"India","Labor force","Persons","Quarterly","2023-Q3","515192915","Thousands","","","Reported official data","Overlapping Indicator","true","","","International Labor Organization (ILO)","Public (Unrestricted)","","Public or Unrestricted",""
"India","Labor force","Persons","Quarterly","2023-Q4","499601475","Thousands","","","Reported official data","Overlapping Indicator","true","","","International Labor Organization (ILO)","Public (Unrestricted)","","Public or Unrestricted",""
"India","Labor force","Persons","Quarterly","2024-Q1","509866887","Thousands","","","Reported official data","Overlapping Indicator","true","","","International Labor Organization (ILO)","Public (Unrestricted)","","Public or Unrestricted",""
"India","Labor force","Persons","Quarterly","2024-Q2","494147169","Thousands","","","Reported official data","Overlapping Indicator","true","","","International Labor Organization (ILO)","Public (Unrestricted)","","Public or Unrestricted",""
