﻿"COUNTRY","INDICATOR","PRICE_TYPE","S_ADJUSTMENT","TYPE_OF_TRANSFORMATION","FREQUENCY","TIME_PERIOD","OBS_VALUE","SCALE"
"India","Final consumption expenditure","Constant prices","Seasonally adjusted (SA)","Domestic currency","Quarterly","1996-Q2","5725319900000",""
"India","Final consumption expenditure","Constant prices","Seasonally adjusted (SA)","Domestic currency","Quarterly","1996-Q3","5707486100000",""
"India","Final consumption expenditure","Constant prices","Seasonally adjusted (SA)","Domestic currency","Quarterly","1996-Q4","5720200700000",""
"India","Final consumption expenditure","Constant prices","Seasonally adjusted (SA)","Domestic currency","Quarterly","1997-Q1","5747446200000",""
"India","Final consumption expenditure","Constant prices","Seasonally adjusted (SA)","Domestic currency","Quarterly","1997-Q2","5759845100000",""
"India","Final consumption expenditure","Constant prices","Seasonally adjusted (SA)","Domestic currency","Quarterly","1997-Q3","5899516200000",""
"India","Final consumption expenditure","Constant prices","Seasonally adjusted (SA)","Domestic currency","Quarterly","1997-Q4","6003097100000",""
"India","Final consumption expenditure","Constant prices","Seasonally adjusted (SA)","Domestic currency","Quarterly","1998-Q1","6191968900000",""
"India","Final consumption expenditure","Constant prices","Seasonally adjusted (SA)","Domestic currency","Quarterly","1998-Q2","6409407000000",""
"India","Final consumption expenditure","Constant prices","Seasonally adjusted (SA)","Domestic currency","Quarterly","1998-Q3","6524861900000",""
"India","Final consumption expenditure","Constant prices","Seasonally adjusted (SA)","Domestic currency","Quarterly","1998-Q4","6002553500000",""
"India","Final consumption expenditure","Constant prices","Seasonally adjusted (SA)","Domestic currency","Quarterly","1999-Q1","6674855000000",""
"India","Final consumption expenditure","Constant prices","Seasonally adjusted (SA)","Domestic currency","Quarterly","1999-Q2","6760586300000",""
"India","Final consumption expenditure","Constant prices","Seasonally adjusted (SA)","Domestic currency","Quarterly","1999-Q3","6814886000000",""
"India","Final consumption expenditure","Constant prices","Seasonally adjusted (SA)","Domestic currency","Quarterly","1999-Q4","6948861000000",""
"India","Final consumption expenditure","Constant prices","Seasonally adjusted (SA)","Domestic currency","Quarterly","2000-Q1","6935483900000",""
"India","Final consumption expenditure","Constant prices","Seasonally adjusted (SA)","Domestic currency","Quarterly","2000-Q2","6947026400000",""
"India","Final consumption expenditure","Constant prices","Seasonally adjusted (SA)","Domestic currency","Quarterly","2000-Q3","7027513900000",""
"India","Final consumption expenditure","Constant prices","Seasonally adjusted (SA)","Domestic currency","Quarterly","2000-Q4","7085566000000",""
"India","Final consumption expenditure","Constant prices","Seasonally adjusted (SA)","Domestic currency","Quarterly","2001-Q1","7228452500000",""
"India","Final consumption expenditure","Constant prices","Seasonally adjusted (SA)","Domestic currency","Quarterly","2001-Q2","7359470500000",""
"India","Final consumption expenditure","Constant prices","Seasonally adjusted (SA)","Domestic currency","Quarterly","2001-Q3","7418816900000",""
"India","Final consumption expenditure","Constant prices","Seasonally adjusted (SA)","Domestic currency","Quarterly","2001-Q4","7507824500000",""
"India","Final consumption expenditure","Constant prices","Seasonally adjusted (SA)","Domestic currency","Quarterly","2002-Q1","7515210700000",""
"India","Final consumption expenditure","Constant prices","Seasonally adjusted (SA)","Domestic currency","Quarterly","2002-Q2","7507648900000",""
"India","Final consumption expenditure","Constant prices","Seasonally adjusted (SA)","Domestic currency","Quarterly","2002-Q3","7551029200000",""
"India","Final consumption expenditure","Constant prices","Seasonally adjusted (SA)","Domestic currency","Quarterly","2002-Q4","7651494700000",""
"India","Final consumption expenditure","Constant prices","Seasonally adjusted (SA)","Domestic currency","Quarterly","2003-Q1","7793346300000",""
"India","Final consumption expenditure","Constant prices","Seasonally adjusted (SA)","Domestic currency","Quarterly","2003-Q2","7890247300000",""
"India","Final consumption expenditure","Constant prices","Seasonally adjusted (SA)","Domestic currency","Quarterly","2003-Q3","8024849700000",""
"India","Final consumption expenditure","Constant prices","Seasonally adjusted (SA)","Domestic currency","Quarterly","2003-Q4","8098440800000",""
"India","Final consumption expenditure","Constant prices","Seasonally adjusted (SA)","Domestic currency","Quarterly","2004-Q1","8137639300000",""
"India","Final consumption expenditure","Constant prices","Seasonally adjusted (SA)","Domestic currency","Quarterly","2004-Q2","8063934500000",""
"India","Final consumption expenditure","Constant prices","Seasonally adjusted (SA)","Domestic currency","Quarterly","2004-Q3","8215007400000",""
"India","Final consumption expenditure","Constant prices","Seasonally adjusted (SA)","Domestic currency","Quarterly","2004-Q4","8397144500000",""
"India","Final consumption expenditure","Constant prices","Seasonally adjusted (SA)","Domestic currency","Quarterly","2005-Q1","8624005000000",""
"India","Final consumption expenditure","Constant prices","Seasonally adjusted (SA)","Domestic currency","Quarterly","2005-Q2","8726303900000",""
"India","Final consumption expenditure","Constant prices","Seasonally adjusted (SA)","Domestic currency","Quarterly","2005-Q3","8992163800000",""
"India","Final consumption expenditure","Constant prices","Seasonally adjusted (SA)","Domestic currency","Quarterly","2005-Q4","9182559900000",""
"India","Final consumption expenditure","Constant prices","Seasonally adjusted (SA)","Domestic currency","Quarterly","2006-Q1","9290663800000",""
"India","Final consumption expenditure","Constant prices","Seasonally adjusted (SA)","Domestic currency","Quarterly","2006-Q2","9551489700000",""
"India","Final consumption expenditure","Constant prices","Seasonally adjusted (SA)","Domestic currency","Quarterly","2006-Q3","9643562900000",""
"India","Final consumption expenditure","Constant prices","Seasonally adjusted (SA)","Domestic currency","Quarterly","2006-Q4","9802602100000",""
"India","Final consumption expenditure","Constant prices","Seasonally adjusted (SA)","Domestic currency","Quarterly","2007-Q1","9995709800000",""
"India","Final consumption expenditure","Constant prices","Seasonally adjusted (SA)","Domestic currency","Quarterly","2007-Q2","10284366500000",""
"India","Final consumption expenditure","Constant prices","Seasonally adjusted (SA)","Domestic currency","Quarterly","2007-Q3","10552185500000",""
"India","Final consumption expenditure","Constant prices","Seasonally adjusted (SA)","Domestic currency","Quarterly","2007-Q4","10702848700000",""
"India","Final consumption expenditure","Constant prices","Seasonally adjusted (SA)","Domestic currency","Quarterly","2008-Q1","11115830400000",""
"India","Final consumption expenditure","Constant prices","Seasonally adjusted (SA)","Domestic currency","Quarterly","2008-Q2","11183015400000",""
"India","Final consumption expenditure","Constant prices","Seasonally adjusted (SA)","Domestic currency","Quarterly","2008-Q3","11309094900000",""
"India","Final consumption expenditure","Constant prices","Seasonally adjusted (SA)","Domestic currency","Quarterly","2008-Q4","11698442000000",""
"India","Final consumption expenditure","Constant prices","Seasonally adjusted (SA)","Domestic currency","Quarterly","2009-Q1","11744130700000",""
"India","Final consumption expenditure","Constant prices","Seasonally adjusted (SA)","Domestic currency","Quarterly","2009-Q2","12061859400000",""
"India","Final consumption expenditure","Constant prices","Seasonally adjusted (SA)","Domestic currency","Quarterly","2009-Q3","12366650400000",""
"India","Final consumption expenditure","Constant prices","Seasonally adjusted (SA)","Domestic currency","Quarterly","2009-Q4","12603346400000",""
"India","Final consumption expenditure","Constant prices","Seasonally adjusted (SA)","Domestic currency","Quarterly","2010-Q1","12756561600000",""
"India","Final consumption expenditure","Constant prices","Seasonally adjusted (SA)","Domestic currency","Quarterly","2010-Q2","13102917900000",""
"India","Final consumption expenditure","Constant prices","Seasonally adjusted (SA)","Domestic currency","Quarterly","2010-Q3","13334208100000",""
"India","Final consumption expenditure","Constant prices","Seasonally adjusted (SA)","Domestic currency","Quarterly","2010-Q4","13632714400000",""
"India","Final consumption expenditure","Constant prices","Seasonally adjusted (SA)","Domestic currency","Quarterly","2011-Q1","13806486900000",""
"India","Final consumption expenditure","Constant prices","Seasonally adjusted (SA)","Domestic currency","Quarterly","2011-Q2","14909459900000",""
"India","Final consumption expenditure","Constant prices","Seasonally adjusted (SA)","Domestic currency","Quarterly","2011-Q3","14315020000000",""
"India","Final consumption expenditure","Constant prices","Seasonally adjusted (SA)","Domestic currency","Quarterly","2011-Q4","14531992400000",""
"India","Final consumption expenditure","Constant prices","Seasonally adjusted (SA)","Domestic currency","Quarterly","2012-Q1","15031750600000",""
"India","Final consumption expenditure","Constant prices","Seasonally adjusted (SA)","Domestic currency","Quarterly","2012-Q2","14975591800000",""
"India","Final consumption expenditure","Constant prices","Seasonally adjusted (SA)","Domestic currency","Quarterly","2012-Q3","15385824400000",""
"India","Final consumption expenditure","Constant prices","Seasonally adjusted (SA)","Domestic currency","Quarterly","2012-Q4","15465244900000",""
"India","Final consumption expenditure","Constant prices","Seasonally adjusted (SA)","Domestic currency","Quarterly","2013-Q1","15706886100000",""
"India","Final consumption expenditure","Constant prices","Seasonally adjusted (SA)","Domestic currency","Quarterly","2013-Q2","16057232800000",""
"India","Final consumption expenditure","Constant prices","Seasonally adjusted (SA)","Domestic currency","Quarterly","2013-Q3","16106328000000",""
"India","Final consumption expenditure","Constant prices","Seasonally adjusted (SA)","Domestic currency","Quarterly","2013-Q4","16506987100000",""
"India","Final consumption expenditure","Constant prices","Seasonally adjusted (SA)","Domestic currency","Quarterly","2014-Q1","16700996800000",""
"India","Final consumption expenditure","Constant prices","Seasonally adjusted (SA)","Domestic currency","Quarterly","2014-Q2","17012651400000",""
"India","Final consumption expenditure","Constant prices","Seasonally adjusted (SA)","Domestic currency","Quarterly","2014-Q3","17332749400000",""
"India","Final consumption expenditure","Constant prices","Seasonally adjusted (SA)","Domestic currency","Quarterly","2014-Q4","17495427300000",""
"India","Final consumption expenditure","Constant prices","Seasonally adjusted (SA)","Domestic currency","Quarterly","2015-Q1","17827247800000",""
"India","Final consumption expenditure","Constant prices","Seasonally adjusted (SA)","Domestic currency","Quarterly","2015-Q2","18260637200000",""
"India","Final consumption expenditure","Constant prices","Seasonally adjusted (SA)","Domestic currency","Quarterly","2015-Q3","18588739000000",""
"India","Final consumption expenditure","Constant prices","Seasonally adjusted (SA)","Domestic currency","Quarterly","2015-Q4","18900231200000",""
"India","Final consumption expenditure","Constant prices","Seasonally adjusted (SA)","Domestic currency","Quarterly","2016-Q1","19392604800000",""
"India","Final consumption expenditure","Constant prices","Seasonally adjusted (SA)","Domestic currency","Quarterly","2016-Q2","19541371400000",""
"India","Final consumption expenditure","Constant prices","Seasonally adjusted (SA)","Domestic currency","Quarterly","2016-Q3","20142665400000",""
"India","Final consumption expenditure","Constant prices","Seasonally adjusted (SA)","Domestic currency","Quarterly","2016-Q4","20600092500000",""
"India","Final consumption expenditure","Constant prices","Seasonally adjusted (SA)","Domestic currency","Quarterly","2017-Q1","20734211500000",""
"India","Final consumption expenditure","Constant prices","Seasonally adjusted (SA)","Domestic currency","Quarterly","2017-Q2","21286113300000",""
"India","Final consumption expenditure","Constant prices","Seasonally adjusted (SA)","Domestic currency","Quarterly","2017-Q3","21386380800000",""
"India","Final consumption expenditure","Constant prices","Seasonally adjusted (SA)","Domestic currency","Quarterly","2017-Q4","21802548500000",""
"India","Final consumption expenditure","Constant prices","Seasonally adjusted (SA)","Domestic currency","Quarterly","2018-Q1","22280668600000",""
"India","Final consumption expenditure","Constant prices","Seasonally adjusted (SA)","Domestic currency","Quarterly","2018-Q2","22653211000000",""
"India","Final consumption expenditure","Constant prices","Seasonally adjusted (SA)","Domestic currency","Quarterly","2018-Q3","23062962900000",""
"India","Final consumption expenditure","Constant prices","Seasonally adjusted (SA)","Domestic currency","Quarterly","2018-Q4","23340998500000",""
"India","Final consumption expenditure","Constant prices","Seasonally adjusted (SA)","Domestic currency","Quarterly","2019-Q1","23796718600000",""
"India","Final consumption expenditure","Constant prices","Seasonally adjusted (SA)","Domestic currency","Quarterly","2019-Q2","24170462600000",""
"India","Final consumption expenditure","Constant prices","Seasonally adjusted (SA)","Domestic currency","Quarterly","2019-Q3","24380412900000",""
"India","Final consumption expenditure","Constant prices","Seasonally adjusted (SA)","Domestic currency","Quarterly","2019-Q4","24345027000000",""
"India","Final consumption expenditure","Constant prices","Seasonally adjusted (SA)","Domestic currency","Quarterly","2020-Q1","24582335200000",""
"India","Final consumption expenditure","Constant prices","Seasonally adjusted (SA)","Domestic currency","Quarterly","2020-Q2","20593258100000",""
"India","Final consumption expenditure","Constant prices","Seasonally adjusted (SA)","Domestic currency","Quarterly","2020-Q3","22224883300000",""
"India","Final consumption expenditure","Constant prices","Seasonally adjusted (SA)","Domestic currency","Quarterly","2020-Q4","23888123300000",""
"India","Final consumption expenditure","Constant prices","Seasonally adjusted (SA)","Domestic currency","Quarterly","2021-Q1","26290064000000",""
"India","Final consumption expenditure","Constant prices","Seasonally adjusted (SA)","Domestic currency","Quarterly","2021-Q2","23795117900000",""
"India","Final consumption expenditure","Constant prices","Seasonally adjusted (SA)","Domestic currency","Quarterly","2021-Q3","25228742100000",""
"India","Final consumption expenditure","Constant prices","Seasonally adjusted (SA)","Domestic currency","Quarterly","2021-Q4","26189894600000",""
"India","Final consumption expenditure","Constant prices","Seasonally adjusted (SA)","Domestic currency","Quarterly","2022-Q1","26915917900000",""
"India","Final consumption expenditure","Constant prices","Seasonally adjusted (SA)","Domestic currency","Quarterly","2022-Q2","27039018200000",""
"India","Final consumption expenditure","Constant prices","Seasonally adjusted (SA)","Domestic currency","Quarterly","2022-Q3","27189551900000",""
"India","Final consumption expenditure","Constant prices","Seasonally adjusted (SA)","Domestic currency","Quarterly","2022-Q4","27324829000000",""
"India","Final consumption expenditure","Constant prices","Seasonally adjusted (SA)","Domestic currency","Quarterly","2023-Q1","27735944100000",""
"India","Final consumption expenditure","Constant prices","Seasonally adjusted (SA)","Domestic currency","Quarterly","2023-Q2","28338667000000",""
"India","Final consumption expenditure","Constant prices","Seasonally adjusted (SA)","Domestic currency","Quarterly","2023-Q3","28704625400000",""
"India","Final consumption expenditure","Constant prices","Seasonally adjusted (SA)","Domestic currency","Quarterly","2023-Q4","29072672500000",""
"India","Final consumption expenditure","Constant prices","Seasonally adjusted (SA)","Domestic currency","Quarterly","2024-Q1","29648532600000",""
"India","Final consumption expenditure","Constant prices","Seasonally adjusted (SA)","Domestic currency","Quarterly","2024-Q2","30111500300000",""
"India","Final consumption expenditure","Constant prices","Seasonally adjusted (SA)","Domestic currency","Quarterly","2024-Q3","30477470900000",""
"India","Final consumption expenditure","Constant prices","Seasonally adjusted (SA)","Domestic currency","Quarterly","2024-Q4","30969001400000",""
"Indonesia","Final consumption expenditure","Constant prices","Seasonally adjusted (SA)","Domestic currency","Quarterly","2008-Q1","1001802895200000",""
"Indonesia","Final consumption expenditure","Constant prices","Seasonally adjusted (SA)","Domestic currency","Quarterly","2008-Q2","1013239240900000",""
"Indonesia","Final consumption expenditure","Constant prices","Seasonally adjusted (SA)","Domestic currency","Quarterly","2008-Q3","1026778325700000",""
"Indonesia","Final consumption expenditure","Constant prices","Seasonally adjusted (SA)","Domestic currency","Quarterly","2008-Q4","1033145032100000",""
"Indonesia","Final consumption expenditure","Constant prices","Seasonally adjusted (SA)","Domestic currency","Quarterly","2009-Q1","1059855900200000",""
"Indonesia","Final consumption expenditure","Constant prices","Seasonally adjusted (SA)","Domestic currency","Quarterly","2009-Q2","1070111813900000",""
"Indonesia","Final consumption expenditure","Constant prices","Seasonally adjusted (SA)","Domestic currency","Quarterly","2009-Q3","1075009715500000",""
"Indonesia","Final consumption expenditure","Constant prices","Seasonally adjusted (SA)","Domestic currency","Quarterly","2009-Q4","1096429205900000",""
"Indonesia","Final consumption expenditure","Constant prices","Seasonally adjusted (SA)","Domestic currency","Quarterly","2010-Q1","1097285961600000",""
"Indonesia","Final consumption expenditure","Constant prices","Seasonally adjusted (SA)","Domestic currency","Quarterly","2010-Q2","1109954801600000",""
"Indonesia","Final consumption expenditure","Constant prices","Seasonally adjusted (SA)","Domestic currency","Quarterly","2010-Q3","1127704023800000",""
"Indonesia","Final consumption expenditure","Constant prices","Seasonally adjusted (SA)","Domestic currency","Quarterly","2010-Q4","1142054983000000",""
"Indonesia","Final consumption expenditure","Constant prices","Seasonally adjusted (SA)","Domestic currency","Quarterly","2011-Q1","1150329707800000",""
"Indonesia","Final consumption expenditure","Constant prices","Seasonally adjusted (SA)","Domestic currency","Quarterly","2011-Q2","1163948347800000",""
"Indonesia","Final consumption expenditure","Constant prices","Seasonally adjusted (SA)","Domestic currency","Quarterly","2011-Q3","1189072529200000",""
"Indonesia","Final consumption expenditure","Constant prices","Seasonally adjusted (SA)","Domestic currency","Quarterly","2011-Q4","1203020015200000",""
"Indonesia","Final consumption expenditure","Constant prices","Seasonally adjusted (SA)","Domestic currency","Quarterly","2012-Q1","1216457058400000",""
"Indonesia","Final consumption expenditure","Constant prices","Seasonally adjusted (SA)","Domestic currency","Quarterly","2012-Q2","1238436402600000",""
"Indonesia","Final consumption expenditure","Constant prices","Seasonally adjusted (SA)","Domestic currency","Quarterly","2012-Q3","1243892560200000",""
"Indonesia","Final consumption expenditure","Constant prices","Seasonally adjusted (SA)","Domestic currency","Quarterly","2012-Q4","1260739208900000",""
"Indonesia","Final consumption expenditure","Constant prices","Seasonally adjusted (SA)","Domestic currency","Quarterly","2013-Q1","1281498005800000",""
"Indonesia","Final consumption expenditure","Constant prices","Seasonally adjusted (SA)","Domestic currency","Quarterly","2013-Q2","1302395921200000",""
"Indonesia","Final consumption expenditure","Constant prices","Seasonally adjusted (SA)","Domestic currency","Quarterly","2013-Q3","1319802468000000",""
"Indonesia","Final consumption expenditure","Constant prices","Seasonally adjusted (SA)","Domestic currency","Quarterly","2013-Q4","1336150585000000",""
"Indonesia","Final consumption expenditure","Constant prices","Seasonally adjusted (SA)","Domestic currency","Quarterly","2014-Q1","1351372152600000",""
"Indonesia","Final consumption expenditure","Constant prices","Seasonally adjusted (SA)","Domestic currency","Quarterly","2014-Q2","1363436948400000",""
"Indonesia","Final consumption expenditure","Constant prices","Seasonally adjusted (SA)","Domestic currency","Quarterly","2014-Q3","1378544871300000",""
"Indonesia","Final consumption expenditure","Constant prices","Seasonally adjusted (SA)","Domestic currency","Quarterly","2014-Q4","1393367577800000",""
"Indonesia","Final consumption expenditure","Constant prices","Seasonally adjusted (SA)","Domestic currency","Quarterly","2015-Q1","1411580938500000",""
"Indonesia","Final consumption expenditure","Constant prices","Seasonally adjusted (SA)","Domestic currency","Quarterly","2015-Q2","1425706790100000",""
"Indonesia","Final consumption expenditure","Constant prices","Seasonally adjusted (SA)","Domestic currency","Quarterly","2015-Q3","1450004150000000",""
"Indonesia","Final consumption expenditure","Constant prices","Seasonally adjusted (SA)","Domestic currency","Quarterly","2015-Q4","1468536761400000",""
"Indonesia","Final consumption expenditure","Constant prices","Seasonally adjusted (SA)","Domestic currency","Quarterly","2016-Q1","1478105587600000",""
"Indonesia","Final consumption expenditure","Constant prices","Seasonally adjusted (SA)","Domestic currency","Quarterly","2016-Q2","1497120422700000",""
"Indonesia","Final consumption expenditure","Constant prices","Seasonally adjusted (SA)","Domestic currency","Quarterly","2016-Q3","1508008837200000",""
"Indonesia","Final consumption expenditure","Constant prices","Seasonally adjusted (SA)","Domestic currency","Quarterly","2016-Q4","1522739922500000",""
"Indonesia","Final consumption expenditure","Constant prices","Seasonally adjusted (SA)","Domestic currency","Quarterly","2017-Q1","1545422837000000",""
"Indonesia","Final consumption expenditure","Constant prices","Seasonally adjusted (SA)","Domestic currency","Quarterly","2017-Q2","1558659145600000",""
"Indonesia","Final consumption expenditure","Constant prices","Seasonally adjusted (SA)","Domestic currency","Quarterly","2017-Q3","1580140421600000",""
"Indonesia","Final consumption expenditure","Constant prices","Seasonally adjusted (SA)","Domestic currency","Quarterly","2017-Q4","1598826995900000",""
"Indonesia","Final consumption expenditure","Constant prices","Seasonally adjusted (SA)","Domestic currency","Quarterly","2018-Q1","1619984873500000",""
"Indonesia","Final consumption expenditure","Constant prices","Seasonally adjusted (SA)","Domestic currency","Quarterly","2018-Q2","1637269705800000",""
"Indonesia","Final consumption expenditure","Constant prices","Seasonally adjusted (SA)","Domestic currency","Quarterly","2018-Q3","1663302637100000",""
"Indonesia","Final consumption expenditure","Constant prices","Seasonally adjusted (SA)","Domestic currency","Quarterly","2018-Q4","1682745473600000",""
"Indonesia","Final consumption expenditure","Constant prices","Seasonally adjusted (SA)","Domestic currency","Quarterly","2019-Q1","1708438891500000",""
"Indonesia","Final consumption expenditure","Constant prices","Seasonally adjusted (SA)","Domestic currency","Quarterly","2019-Q2","1725146505400000",""
"Indonesia","Final consumption expenditure","Constant prices","Seasonally adjusted (SA)","Domestic currency","Quarterly","2019-Q3","1741830762500000",""
"Indonesia","Final consumption expenditure","Constant prices","Seasonally adjusted (SA)","Domestic currency","Quarterly","2019-Q4","1752973730600000",""
"Indonesia","Final consumption expenditure","Constant prices","Seasonally adjusted (SA)","Domestic currency","Quarterly","2020-Q1","1758011563900000",""
"Indonesia","Final consumption expenditure","Constant prices","Seasonally adjusted (SA)","Domestic currency","Quarterly","2020-Q2","1620036220500000",""
"Indonesia","Final consumption expenditure","Constant prices","Seasonally adjusted (SA)","Domestic currency","Quarterly","2020-Q3","1704346571300000",""
"Indonesia","Final consumption expenditure","Constant prices","Seasonally adjusted (SA)","Domestic currency","Quarterly","2020-Q4","1702281134300000",""
"Indonesia","Final consumption expenditure","Constant prices","Seasonally adjusted (SA)","Domestic currency","Quarterly","2021-Q1","1718886051500000",""
"Indonesia","Final consumption expenditure","Constant prices","Seasonally adjusted (SA)","Domestic currency","Quarterly","2021-Q2","1721122647200000",""
"Indonesia","Final consumption expenditure","Constant prices","Seasonally adjusted (SA)","Domestic currency","Quarterly","2021-Q3","1733954273100000",""
"Indonesia","Final consumption expenditure","Constant prices","Seasonally adjusted (SA)","Domestic currency","Quarterly","2021-Q4","1766430506900000",""
"Indonesia","Final consumption expenditure","Constant prices","Seasonally adjusted (SA)","Domestic currency","Quarterly","2022-Q1","1771822346800000",""
"Indonesia","Final consumption expenditure","Constant prices","Seasonally adjusted (SA)","Domestic currency","Quarterly","2022-Q2","1787159303900000",""
"Indonesia","Final consumption expenditure","Constant prices","Seasonally adjusted (SA)","Domestic currency","Quarterly","2022-Q3","1812926859200000",""
"Indonesia","Final consumption expenditure","Constant prices","Seasonally adjusted (SA)","Domestic currency","Quarterly","2022-Q4","1826965399900000",""
"Indonesia","Final consumption expenditure","Constant prices","Seasonally adjusted (SA)","Domestic currency","Quarterly","2023-Q1","1844510371600000",""
"Indonesia","Final consumption expenditure","Constant prices","Seasonally adjusted (SA)","Domestic currency","Quarterly","2023-Q2","1881920681500000",""
"Indonesia","Final consumption expenditure","Constant prices","Seasonally adjusted (SA)","Domestic currency","Quarterly","2023-Q3","1892963098200000",""
"Indonesia","Final consumption expenditure","Constant prices","Seasonally adjusted (SA)","Domestic currency","Quarterly","2023-Q4","1918097218300000",""
"Indonesia","Final consumption expenditure","Constant prices","Seasonally adjusted (SA)","Domestic currency","Quarterly","2024-Q1","1957636129900000",""
"Indonesia","Final consumption expenditure","Constant prices","Seasonally adjusted (SA)","Domestic currency","Quarterly","2024-Q2","1970769377400000",""
"Indonesia","Final consumption expenditure","Constant prices","Seasonally adjusted (SA)","Domestic currency","Quarterly","2024-Q3","1992223789500000",""
"Indonesia","Final consumption expenditure","Constant prices","Seasonally adjusted (SA)","Domestic currency","Quarterly","2024-Q4","2015540269500000",""
"Indonesia","Final consumption expenditure","Constant prices","Seasonally adjusted (SA)","Domestic currency","Quarterly","2025-Q1","2040021333900000",""
