﻿"COUNTRY","INDICATOR","TYPE_OF_TRANSFORMATION","FREQUENCY","TIME_PERIOD","OBS_VALUE","SCALE","PRECISION","DECIMALS_DISPLAYED","DERIVATION_TYPE","OVERLAP","IFS_FLAG","REFERENCE_PERIOD","STATUS","METHODOLOGY","ACCESS_SHARING_LEVEL","ACCESS_SHARING_NOTES","SECURITY_CLASSIFICATION","SOURCE"
"India","Unemployment rate","Percent","Annual","1994","2.147","Units","","","Reported official data","Overlapping Indicator","true","","","International Labor Organization (ILO)","Public (Unrestricted)","","Public or Unrestricted",""
"India","Unemployment rate","Percent","Annual","2000","2.731","Units","","","Reported official data","Overlapping Indicator","true","","","International Labor Organization (ILO)","Public (Unrestricted)","","Public or Unrestricted",""
"India","Unemployment rate","Percent","Annual","2005","3.804","Units","","","Reported official data","Overlapping Indicator","true","","","International Labor Organization (ILO)","Public (Unrestricted)","","Public or Unrestricted",""
"India","Unemployment rate","Percent","Annual","2010","3.115","Units","","","Reported official data","Overlapping Indicator","true","","","International Labor Organization (ILO)","Public (Unrestricted)","","Public or Unrestricted",""
"India","Unemployment rate","Percent","Annual","2012","3.222","Units","","","Reported official data","Overlapping Indicator","true","","","International Labor Organization (ILO)","Public (Unrestricted)","","Public or Unrestricted",""
"India","Unemployment rate","Percent","Annual","2018","7.6525","Units","","","Reported official data","Overlapping Indicator","true","","","International Labor Organization (ILO)","Public (Unrestricted)","","Public or Unrestricted",""
"India","Unemployment rate","Percent","Annual","2019","6.54075","Units","","","Reported official data","Overlapping Indicator","true","","","International Labor Organization (ILO)","Public (Unrestricted)","","Public or Unrestricted",""
"India","Unemployment rate","Percent","Annual","2020","7.90425","Units","","","Reported official data","Overlapping Indicator","true","","","International Labor Organization (ILO)","Public (Unrestricted)","","Public or Unrestricted",""
"India","Unemployment rate","Percent","Annual","2021","6.40275","Units","","","Reported official data","Overlapping Indicator","true","","","International Labor Organization (ILO)","Public (Unrestricted)","","Public or Unrestricted",""
"India","Unemployment rate","Percent","Annual","2022","4.85525","Units","","","Reported official data","Overlapping Indicator","true","","","International Labor Organization (ILO)","Public (Unrestricted)","","Public or Unrestricted",""
"India","Unemployment rate","Percent","Annual","2023","4.1735","Units","","","Reported official data","Overlapping Indicator","true","","","International Labor Organization (ILO)","Public (Unrestricted)","","Public or Unrestricted",""
"India","Unemployment rate","Percent","Quarterly","2017-Q3","7.199","Units","","","Reported official data","Overlapping Indicator","true","","","International Labor Organization (ILO)","Public (Unrestricted)","","Public or Unrestricted",""
"India","Unemployment rate","Percent","Quarterly","2017-Q4","6.81","Units","","","Reported official data","Overlapping Indicator","true","","","International Labor Organization (ILO)","Public (Unrestricted)","","Public or Unrestricted",""
"India","Unemployment rate","Percent","Quarterly","2018-Q1","7.272","Units","","","Reported official data","Overlapping Indicator","true","","","International Labor Organization (ILO)","Public (Unrestricted)","","Public or Unrestricted",""
"India","Unemployment rate","Percent","Quarterly","2018-Q2","7.956","Units","","","Reported official data","Overlapping Indicator","true","","","International Labor Organization (ILO)","Public (Unrestricted)","","Public or Unrestricted",""
"India","Unemployment rate","Percent","Quarterly","2018-Q3","7.519","Units","","","Reported official data","Overlapping Indicator","true","","","International Labor Organization (ILO)","Public (Unrestricted)","","Public or Unrestricted",""
"India","Unemployment rate","Percent","Quarterly","2018-Q4","7.863","Units","","","Reported official data","Overlapping Indicator","true","","","International Labor Organization (ILO)","Public (Unrestricted)","","Public or Unrestricted",""
"India","Unemployment rate","Percent","Quarterly","2019-Q1","7.142","Units","","","Reported official data","Overlapping Indicator","true","","","International Labor Organization (ILO)","Public (Unrestricted)","","Public or Unrestricted",""
"India","Unemployment rate","Percent","Quarterly","2019-Q2","6.964","Units","","","Reported official data","Overlapping Indicator","true","","","International Labor Organization (ILO)","Public (Unrestricted)","","Public or Unrestricted",""
"India","Unemployment rate","Percent","Quarterly","2019-Q3","6.076","Units","","","Reported official data","Overlapping Indicator","true","","","International Labor Organization (ILO)","Public (Unrestricted)","","Public or Unrestricted",""
"India","Unemployment rate","Percent","Quarterly","2019-Q4","5.981","Units","","","Reported official data","Overlapping Indicator","true","","","International Labor Organization (ILO)","Public (Unrestricted)","","Public or Unrestricted",""
"India","Unemployment rate","Percent","Quarterly","2020-Q1","6.697","Units","","","Reported official data","Overlapping Indicator","true","","","International Labor Organization (ILO)","Public (Unrestricted)","","Public or Unrestricted",""
"India","Unemployment rate","Percent","Quarterly","2020-Q2","11.631","Units","","","Reported official data","Overlapping Indicator","true","","","International Labor Organization (ILO)","Public (Unrestricted)","","Public or Unrestricted",""
"India","Unemployment rate","Percent","Quarterly","2020-Q3","7.18","Units","","","Reported official data","Overlapping Indicator","true","","","International Labor Organization (ILO)","Public (Unrestricted)","","Public or Unrestricted",""
"India","Unemployment rate","Percent","Quarterly","2020-Q4","6.109","Units","","","Reported official data","Overlapping Indicator","true","","","International Labor Organization (ILO)","Public (Unrestricted)","","Public or Unrestricted",""
"India","Unemployment rate","Percent","Quarterly","2021-Q1","5.799","Units","","","Reported official data","Overlapping Indicator","true","","","International Labor Organization (ILO)","Public (Unrestricted)","","Public or Unrestricted",""
"India","Unemployment rate","Percent","Quarterly","2021-Q2","7.932","Units","","","Reported official data","Overlapping Indicator","true","","","International Labor Organization (ILO)","Public (Unrestricted)","","Public or Unrestricted",""
"India","Unemployment rate","Percent","Quarterly","2021-Q3","6.392","Units","","","Reported official data","Overlapping Indicator","true","","","International Labor Organization (ILO)","Public (Unrestricted)","","Public or Unrestricted",""
"India","Unemployment rate","Percent","Quarterly","2021-Q4","5.488","Units","","","Reported official data","Overlapping Indicator","true","","","International Labor Organization (ILO)","Public (Unrestricted)","","Public or Unrestricted",""
"India","Unemployment rate","Percent","Quarterly","2022-Q1","5.67","Units","","","Reported official data","Overlapping Indicator","true","","","International Labor Organization (ILO)","Public (Unrestricted)","","Public or Unrestricted",""
"India","Unemployment rate","Percent","Quarterly","2022-Q2","5.157","Units","","","Reported official data","Overlapping Indicator","true","","","International Labor Organization (ILO)","Public (Unrestricted)","","Public or Unrestricted",""
"India","Unemployment rate","Percent","Quarterly","2022-Q3","4.105","Units","","","Reported official data","Overlapping Indicator","true","","","International Labor Organization (ILO)","Public (Unrestricted)","","Public or Unrestricted",""
"India","Unemployment rate","Percent","Quarterly","2022-Q4","4.489","Units","","","Reported official data","Overlapping Indicator","true","","","International Labor Organization (ILO)","Public (Unrestricted)","","Public or Unrestricted",""
"India","Unemployment rate","Percent","Quarterly","2023-Q1","4.03","Units","","","Reported official data","Overlapping Indicator","true","","","International Labor Organization (ILO)","Public (Unrestricted)","","Public or Unrestricted",""
"India","Unemployment rate","Percent","Quarterly","2023-Q2","4.447","Units","","","Reported official data","Overlapping Indicator","true","","","International Labor Organization (ILO)","Public (Unrestricted)","","Public or Unrestricted",""
"India","Unemployment rate","Percent","Quarterly","2023-Q3","4.175","Units","","","Reported official data","Overlapping Indicator","true","","","International Labor Organization (ILO)","Public (Unrestricted)","","Public or Unrestricted",""
"India","Unemployment rate","Percent","Quarterly","2023-Q4","4.042","Units","","","Reported official data","Overlapping Indicator","true","","","International Labor Organization (ILO)","Public (Unrestricted)","","Public or Unrestricted",""
